2025-04-02 12:53:33 | INFO     | app                  | app.py:124 | Для пользователя kreonike добавлено 0 новых событий из Google Calendar
2025-04-02 12:53:34 | INFO     | app                  | app.py:124 | Для пользователя kreonike добавлено 0 новых событий из Google Calendar
2025-04-02 12:55:33 | INFO     | app                  | app.py:124 | Для пользователя kreonike добавлено 0 новых событий из Google Calendar
2025-04-02 12:55:35 | INFO     | app                  | app.py:124 | Для пользователя kreonike добавлено 0 новых событий из Google Calendar
2025-04-02 12:57:33 | INFO     | app                  | app.py:124 | Для пользователя kreonike добавлено 0 новых событий из Google Calendar
2025-04-02 12:57:34 | INFO     | app                  | app.py:124 | Для пользователя kreonike добавлено 0 новых событий из Google Calendar
2025-04-02 12:59:33 | INFO     | app                  | app.py:124 | Для пользователя kreonike добавлено 0 новых событий из Google Calendar
2025-04-02 12:59:35 | INFO     | app                  | app.py:124 | Для пользователя kreonike добавлено 0 новых событий из Google Calendar
2025-04-02 13:01:33 | INFO     | app                  | app.py:124 | Для пользователя kreonike добавлено 0 новых событий из Google Calendar
2025-04-02 13:01:35 | INFO     | app                  | app.py:124 | Для пользователя kreonike добавлено 0 новых событий из Google Calendar
2025-04-02 13:03:33 | INFO     | app                  | app.py:124 | Для пользователя kreonike добавлено 0 новых событий из Google Calendar
2025-04-02 13:03:34 | INFO     | app                  | app.py:124 | Для пользователя kreonike добавлено 0 новых событий из Google Calendar
2025-04-02 13:05:33 | INFO     | app                  | app.py:124 | Для пользователя kreonike добавлено 0 новых событий из Google Calendar
2025-04-02 13:05:34 | INFO     | app                  | app.py:124 | Для пользователя kreonike добавлено 0 новых событий из Google Calendar
2025-04-02 13:07:33 | INFO     | app                  | app.py:124 | Для пользователя kreonike добавлено 0 новых событий из Google Calendar
2025-04-02 13:07:34 | INFO     | app                  | app.py:124 | Для пользователя kreonike добавлено 0 новых событий из Google Calendar
2025-04-02 13:09:33 | INFO     | app                  | app.py:124 | Для пользователя kreonike добавлено 0 новых событий из Google Calendar
2025-04-02 13:09:34 | INFO     | app                  | app.py:124 | Для пользователя kreonike добавлено 0 новых событий из Google Calendar
2025-04-02 13:11:33 | INFO     | app                  | app.py:124 | Для пользователя kreonike добавлено 0 новых событий из Google Calendar
2025-04-02 13:11:34 | INFO     | app                  | app.py:124 | Для пользователя kreonike добавлено 0 новых событий из Google Calendar
2025-04-02 13:13:33 | INFO     | app                  | app.py:124 | Для пользователя kreonike добавлено 0 новых событий из Google Calendar
2025-04-02 13:13:34 | INFO     | app                  | app.py:124 | Для пользователя kreonike добавлено 0 новых событий из Google Calendar
2025-04-02 13:15:33 | INFO     | app                  | app.py:124 | Для пользователя kreonike добавлено 0 новых событий из Google Calendar
2025-04-02 13:15:34 | INFO     | app                  | app.py:124 | Для пользователя kreonike добавлено 0 новых событий из Google Calendar
2025-04-02 13:17:33 | INFO     | app                  | app.py:124 | Для пользователя kreonike добавлено 0 новых событий из Google Calendar
2025-04-02 13:17:34 | INFO     | app                  | app.py:124 | Для пользователя kreonike добавлено 0 новых событий из Google Calendar
2025-04-02 13:19:33 | INFO     | app                  | app.py:124 | Для пользователя kreonike добавлено 0 новых событий из Google Calendar
2025-04-02 13:19:34 | INFO     | app                  | app.py:124 | Для пользователя kreonike добавлено 0 новых событий из Google Calendar
2025-04-02 13:21:33 | INFO     | app                  | app.py:124 | Для пользователя kreonike добавлено 0 новых событий из Google Calendar
2025-04-02 13:21:34 | INFO     | app                  | app.py:124 | Для пользователя kreonike добавлено 0 новых событий из Google Calendar
2025-04-02 13:23:33 | INFO     | app                  | app.py:124 | Для пользователя kreonike добавлено 0 новых событий из Google Calendar
2025-04-02 13:23:34 | INFO     | app                  | app.py:124 | Для пользователя kreonike добавлено 0 новых событий из Google Calendar
2025-04-02 13:25:33 | INFO     | app                  | app.py:124 | Для пользователя kreonike добавлено 0 новых событий из Google Calendar
2025-04-02 13:25:34 | INFO     | app                  | app.py:124 | Для пользователя kreonike добавлено 0 новых событий из Google Calendar
2025-04-02 13:27:33 | INFO     | app                  | app.py:124 | Для пользователя kreonike добавлено 0 новых событий из Google Calendar
2025-04-02 13:27:34 | INFO     | app                  | app.py:124 | Для пользователя kreonike добавлено 0 новых событий из Google Calendar
2025-04-02 13:29:33 | INFO     | app                  | app.py:124 | Для пользователя kreonike добавлено 0 новых событий из Google Calendar
2025-04-02 13:29:34 | INFO     | app                  | app.py:124 | Для пользователя kreonike добавлено 0 новых событий из Google Calendar
2025-04-02 13:31:33 | INFO     | app                  | app.py:124 | Для пользователя kreonike добавлено 0 новых событий из Google Calendar
2025-04-02 13:31:34 | INFO     | app                  | app.py:124 | Для пользователя kreonike добавлено 0 новых событий из Google Calendar
2025-04-02 13:33:33 | INFO     | app                  | app.py:124 | Для пользователя kreonike добавлено 0 новых событий из Google Calendar
2025-04-02 13:33:34 | INFO     | app                  | app.py:124 | Для пользователя kreonike добавлено 0 новых событий из Google Calendar
2025-04-02 13:35:33 | INFO     | app                  | app.py:124 | Для пользователя kreonike добавлено 0 новых событий из Google Calendar
2025-04-02 13:35:34 | INFO     | app                  | app.py:124 | Для пользователя kreonike добавлено 0 новых событий из Google Calendar
2025-04-02 13:37:33 | INFO     | app                  | app.py:124 | Для пользователя kreonike добавлено 0 новых событий из Google Calendar
2025-04-02 13:37:34 | INFO     | app                  | app.py:124 | Для пользователя kreonike добавлено 0 новых событий из Google Calendar
2025-04-02 13:39:33 | INFO     | app                  | app.py:124 | Для пользователя kreonike добавлено 0 новых событий из Google Calendar
2025-04-02 13:39:34 | INFO     | app                  | app.py:124 | Для пользователя kreonike добавлено 0 новых событий из Google Calendar
2025-04-02 13:41:33 | INFO     | app                  | app.py:124 | Для пользователя kreonike добавлено 0 новых событий из Google Calendar
2025-04-02 13:43:15 | INFO     | app                  | app.py:125 | Для пользователя kreonike добавлено 0 новых событий из Google Calendar
2025-04-02 13:43:33 | INFO     | app                  | app.py:124 | Для пользователя kreonike добавлено 0 новых событий из Google Calendar
2025-04-02 13:45:15 | INFO     | app                  | app.py:125 | Для пользователя kreonike добавлено 0 новых событий из Google Calendar
2025-04-02 13:45:33 | INFO     | app                  | app.py:124 | Для пользователя kreonike добавлено 0 новых событий из Google Calendar
2025-04-02 13:48:22 | INFO     | app                  | app.py:125 | Для пользователя kreonike добавлено 0 новых событий из Google Calendar
2025-04-02 13:48:24 | INFO     | app                  | app.py:125 | Для пользователя kreonike добавлено 0 новых событий из Google Calendar
2025-04-02 13:50:22 | INFO     | app                  | app.py:125 | Для пользователя kreonike добавлено 0 новых событий из Google Calendar
2025-04-02 13:50:24 | INFO     | app                  | app.py:125 | Для пользователя kreonike добавлено 0 новых событий из Google Calendar
2025-04-02 13:52:22 | INFO     | app                  | app.py:125 | Для пользователя kreonike добавлено 0 новых событий из Google Calendar
2025-04-02 13:52:24 | INFO     | app                  | app.py:125 | Для пользователя kreonike добавлено 0 новых событий из Google Calendar
2025-04-02 13:54:22 | INFO     | app                  | app.py:125 | Для пользователя kreonike добавлено 0 новых событий из Google Calendar
2025-04-02 13:54:24 | INFO     | app                  | app.py:125 | Для пользователя kreonike добавлено 0 новых событий из Google Calendar
2025-04-02 13:56:22 | INFO     | app                  | app.py:125 | Для пользователя kreonike добавлено 0 новых событий из Google Calendar
2025-04-02 13:56:24 | INFO     | app                  | app.py:125 | Для пользователя kreonike добавлено 0 новых событий из Google Calendar
2025-04-02 14:01:52 | INFO     | app                  | app.py:125 | Для пользователя kreonike добавлено 0 новых событий из Google Calendar
2025-04-02 14:01:53 | INFO     | app                  | app.py:125 | Для пользователя kreonike добавлено 0 новых событий из Google Calendar
2025-04-02 14:04:11 | INFO     | app                  | app.py:125 | Для пользователя kreonike добавлено 0 новых событий из Google Calendar
2025-04-02 14:04:12 | INFO     | app                  | app.py:125 | Для пользователя kreonike добавлено 0 новых событий из Google Calendar
2025-04-02 17:31:27 | INFO     | routes               | routes.py:125 | Для пользователя kreonike добавлено 0 новых событий из Google Calendar
2025-04-02 17:31:29 | INFO     | routes               | routes.py:125 | Для пользователя kreonike добавлено 0 новых событий из Google Calendar
2025-04-02 17:33:27 | INFO     | routes               | routes.py:125 | Для пользователя kreonike добавлено 0 новых событий из Google Calendar
2025-04-02 17:33:29 | INFO     | routes               | routes.py:125 | Для пользователя kreonike добавлено 0 новых событий из Google Calendar
2025-04-02 17:35:27 | INFO     | routes               | routes.py:125 | Для пользователя kreonike добавлено 0 новых событий из Google Calendar
2025-04-02 17:35:29 | INFO     | routes               | routes.py:125 | Для пользователя kreonike добавлено 0 новых событий из Google Calendar
2025-04-02 17:37:28 | INFO     | routes               | routes.py:125 | Для пользователя kreonike добавлено 0 новых событий из Google Calendar
2025-04-02 17:40:12 | INFO     | routes               | routes.py:125 | Для пользователя kreonike добавлено 0 новых событий из Google Calendar
2025-04-02 17:40:13 | INFO     | routes               | routes.py:125 | Для пользователя kreonike добавлено 0 новых событий из Google Calendar
2025-04-02 17:42:12 | INFO     | routes               | routes.py:125 | Для пользователя kreonike добавлено 0 новых событий из Google Calendar
2025-04-02 17:42:13 | INFO     | routes               | routes.py:125 | Для пользователя kreonike добавлено 0 новых событий из Google Calendar
2025-04-02 17:44:12 | INFO     | routes               | routes.py:125 | Для пользователя kreonike добавлено 0 новых событий из Google Calendar
2025-04-02 17:46:14 | INFO     | routes               | routes.py:125 | Для пользователя kreonike добавлено 0 новых событий из Google Calendar
2025-04-02 17:46:15 | INFO     | routes               | routes.py:125 | Для пользователя kreonike добавлено 0 новых событий из Google Calendar
2025-04-02 17:48:14 | INFO     | routes               | routes.py:125 | Для пользователя kreonike добавлено 0 новых событий из Google Calendar
2025-04-02 17:48:15 | INFO     | routes               | routes.py:125 | Для пользователя kreonike добавлено 0 новы-х событий из Google Calendar
2025-04-02 17:50:48 | INFO     | routes               | routes.py:125 | Для пользователя kreonike добавлено 0 новых событий из Google Calendar
2025-04-02 17:50:50 | INFO     | routes               | routes.py:125 | Для пользователя kreonike добавлено 0 новых событий из Google Calendar
2025-04-02 17:52:48 | INFO     | routes               | routes.py:125 | Для пользователя kreonike добавлено 0 новых событий из Google Calendar
2025-04-02 17:54:48 | INFO     | routes               | routes.py:125 | Для пользователя kreonike добавлено 0 новых событий из Google Calendar
2025-04-02 17:55:31 | INFO     | routes               | routes.py:125 | Для пользователя kreonike добавлено 0 новых событий из Google Calendar
2025-04-02 17:56:48 | INFO     | routes               | routes.py:125 | Для пользователя kreonike добавлено 0 новых событий из Google Calendar
2025-04-02 17:57:31 | INFO     | routes               | routes.py:125 | Для пользователя kreonike добавлено 0 новых событий из Google Calendar
2025-04-02 17:58:48 | INFO     | routes               | routes.py:125 | Для пользователя kreonike добавлено 0 новых событий из Google Calendar
2025-04-02 17:59:31 | INFO     | routes               | routes.py:125 | Для пользователя kreonike добавлено 0 новых событий из Google Calendar
2025-04-02 18:00:48 | INFO     | routes               | routes.py:125 | Для пользователя kreonike добавлено 0 новых событий из Google Calendar
2025-04-02 21:39:20 | INFO     | routes               | routes.py:125 | Для пользователя kreonike добавлено 0 новых событий из Google Calendar
2025-04-02 21:39:21 | INFO     | routes               | routes.py:125 | Для пользователя kreonike добавлено 0 новых событий из Google Calendar
2025-04-02 21:56:24 | INFO     | routes               | routes.py:125 | Для пользователя kreonike добавлено 0 новых событий из Google Calendar
2025-04-02 21:56:25 | INFO     | routes               | routes.py:125 | Для пользователя kreonike добавлено 0 новых событий из Google Calendar
2025-04-04 11:36:59 | INFO     | routes               | routes.py:125 | Для пользователя kreonike добавлено 1 новых событий из Google Calendar
2025-04-04 11:37:00 | INFO     | routes               | routes.py:125 | Для пользователя kreonike добавлено 0 новых событий из Google Calendar
2025-04-04 11:38:59 | INFO     | routes               | routes.py:125 | Для пользователя kreonike добавлено 0 новых событий из Google Calendar
2025-04-04 11:39:00 | INFO     | routes               | routes.py:125 | Для пользователя kreonike добавлено 0 новых событий из Google Calendar
2025-04-04 11:40:59 | INFO     | routes               | routes.py:125 | Для пользователя kreonike добавлено 0 новых событий из Google Calendar
2025-04-04 11:41:00 | INFO     | routes               | routes.py:125 | Для пользователя kreonike добавлено 0 новых событий из Google Calendar
2025-04-04 11:42:59 | INFO     | routes               | routes.py:125 | Для пользователя kreonike добавлено 0 новых событий из Google Calendar
2025-04-04 11:43:00 | INFO     | routes               | routes.py:125 | Для пользователя kreonike добавлено 0 новых событий из Google Calendar
2025-04-04 11:44:59 | INFO     | routes               | routes.py:125 | Для пользователя kreonike добавлено 0 новых событий из Google Calendar
2025-04-04 11:46:14 | INFO     | routes               | routes.py:125 | Для пользователя kreonike добавлено 0 новых событий из Google Calendar
2025-04-04 11:46:59 | INFO     | routes               | routes.py:125 | Для пользователя kreonike добавлено 0 новых событий из Google Calendar
2025-04-04 11:50:30 | ERROR    | routes               | routes.py:129 | Ошибка синхронизации для пользователя kreonike: name 'Credentials' is not defined
2025-04-04 11:50:32 | ERROR    | routes               | routes.py:129 | Ошибка синхронизации для пользователя kreonike: name 'Credentials' is not defined
2025-04-04 11:52:30 | ERROR    | routes               | routes.py:129 | Ошибка синхронизации для пользователя kreonike: name 'Credentials' is not defined
2025-04-04 11:52:32 | ERROR    | routes               | routes.py:129 | Ошибка синхронизации для пользователя kreonike: name 'Credentials' is not defined
2025-04-04 11:55:20 | ERROR    | routes               | routes.py:129 | Ошибка синхронизации для пользователя kreonike: name 'Credentials' is not defined
2025-04-04 11:55:21 | ERROR    | routes               | routes.py:129 | Ошибка синхронизации для пользователя kreonike: name 'Credentials' is not defined
2025-04-04 11:58:07 | INFO     | routes               | routes.py:125 | Для пользователя kreonike добавлено 0 новых событий из Google Calendar
2025-04-04 11:58:08 | INFO     | routes               | routes.py:125 | Для пользователя kreonike добавлено 0 новых событий из Google Calendar
2025-04-04 12:04:21 | INFO     | routes               | routes.py:125 | Для пользователя kreonike добавлено 1 новых событий из Google Calendar
2025-04-04 12:07:47 | INFO     | routes               | routes.py:126 | Для пользователя kreonike добавлено 0 новых событий из Google Calendar
2025-04-04 12:07:48 | INFO     | routes               | routes.py:126 | Для пользователя kreonike добавлено 0 новых событий из Google Calendar
2025-04-04 12:09:47 | INFO     | routes               | routes.py:126 | Для пользователя kreonike добавлено 0 новых событий из Google Calendar
2025-04-04 12:09:48 | INFO     | routes               | routes.py:126 | Для пользователя kreonike добавлено 0 новых событий из Google Calendar
2025-04-04 12:11:47 | INFO     | routes               | routes.py:126 | Для пользователя kreonike добавлено 0 новых событий из Google Calendar
2025-04-04 12:11:48 | INFO     | routes               | routes.py:126 | Для пользователя kreonike добавлено 0 новых событий из Google Calendar
2025-04-04 12:13:47 | INFO     | routes               | routes.py:126 | Для пользователя kreonike добавлено 0 новых событий из Google Calendar
2025-04-04 12:13:48 | INFO     | routes               | routes.py:126 | Для пользователя kreonike добавлено 0 новых событий из Google Calendar
2025-04-04 12:15:47 | INFO     | routes               | routes.py:126 | Для пользователя kreonike добавлено 0 новых событий из Google Calendar
2025-04-04 12:15:48 | INFO     | routes               | routes.py:126 | Для пользователя kreonike добавлено 0 новых событий из Google Calendar
2025-04-04 12:17:47 | INFO     | routes               | routes.py:126 | Для пользователя kreonike добавлено 0 новых событий из Google Calendar
2025-04-04 12:17:48 | INFO     | routes               | routes.py:126 | Для пользователя kreonike добавлено 0 новых событий из Google Calendar
2025-04-04 12:19:47 | INFO     | routes               | routes.py:126 | Для пользователя kreonike добавлено 0 новых событий из Google Calendar
2025-04-04 12:19:48 | INFO     | routes               | routes.py:126 | Для пользователя kreonike добавлено 0 новых событий из Google Calendar
2025-04-04 12:21:47 | INFO     | routes               | routes.py:126 | Для пользователя kreonike добавлено 0 новых событий из Google Calendar
2025-04-04 12:21:48 | INFO     | routes               | routes.py:126 | Для пользователя kreonike добавлено 0 новых событий из Google Calendar
2025-04-04 12:23:47 | INFO     | routes               | routes.py:126 | Для пользователя kreonike добавлено 0 новых событий из Google Calendar
2025-04-04 12:23:48 | INFO     | routes               | routes.py:126 | Для пользователя kreonike добавлено 0 новых событий из Google Calendar
2025-04-04 12:25:47 | INFO     | routes               | routes.py:126 | Для пользователя kreonike добавлено 0 новых событий из Google Calendar
2025-04-04 12:25:48 | INFO     | routes               | routes.py:126 | Для пользователя kreonike добавлено 0 новых событий из Google Calendar
2025-04-04 12:27:47 | INFO     | routes               | routes.py:126 | Для пользователя kreonike добавлено 0 новых событий из Google Calendar
2025-04-04 12:27:48 | INFO     | routes               | routes.py:126 | Для пользователя kreonike добавлено 0 новых событий из Google Calendar
2025-04-04 12:29:47 | INFO     | routes               | routes.py:126 | Для пользователя kreonike добавлено 0 новых событий из Google Calendar
2025-04-04 12:29:48 | INFO     | routes               | routes.py:126 | Для пользователя kreonike добавлено 0 новых событий из Google Calendar
2025-04-04 12:31:47 | INFO     | routes               | routes.py:126 | Для пользователя kreonike добавлено 0 новых событий из Google Calendar
2025-04-04 12:31:48 | INFO     | routes               | routes.py:126 | Для пользователя kreonike добавлено 0 новых событий из Google Calendar
2025-04-04 12:33:47 | INFO     | routes               | routes.py:126 | Для пользователя kreonike добавлено 0 новых событий из Google Calendar
2025-04-04 12:33:48 | INFO     | routes               | routes.py:126 | Для пользователя kreonike добавлено 0 новых событий из Google Calendar
2025-04-04 12:35:47 | INFO     | routes               | routes.py:126 | Для пользователя kreonike добавлено 0 новых событий из Google Calendar
2025-04-04 12:35:48 | INFO     | routes               | routes.py:126 | Для пользователя kreonike добавлено 0 новых событий из Google Calendar
2025-04-04 12:37:47 | INFO     | routes               | routes.py:126 | Для пользователя kreonike добавлено 0 новых событий из Google Calendar
2025-04-04 12:37:48 | INFO     | routes               | routes.py:126 | Для пользователя kreonike добавлено 0 новых событий из Google Calendar
2025-04-04 12:39:47 | INFO     | routes               | routes.py:126 | Для пользователя kreonike добавлено 0 новых событий из Google Calendar
2025-04-04 12:39:48 | INFO     | routes               | routes.py:126 | Для пользователя kreonike добавлено 0 новых событий из Google Calendar
2025-04-04 12:41:47 | INFO     | routes               | routes.py:126 | Для пользователя kreonike добавлено 0 новых событий из Google Calendar
2025-04-04 12:41:48 | INFO     | routes               | routes.py:126 | Для пользователя kreonike добавлено 0 новых событий из Google Calendar
2025-04-04 12:43:47 | INFO     | routes               | routes.py:126 | Для пользователя kreonike добавлено 0 новых событий из Google Calendar
2025-04-04 12:43:48 | INFO     | routes               | routes.py:126 | Для пользователя kreonike добавлено 0 новых событий из Google Calendar
2025-04-04 12:45:47 | INFO     | routes               | routes.py:126 | Для пользователя kreonike добавлено 0 новых событий из Google Calendar
2025-04-04 12:45:48 | INFO     | routes               | routes.py:126 | Для пользователя kreonike добавлено 0 новых событий из Google Calendar
2025-04-04 12:47:47 | INFO     | routes               | routes.py:126 | Для пользователя kreonike добавлено 0 новых событий из Google Calendar
2025-04-04 12:47:48 | INFO     | routes               | routes.py:126 | Для пользователя kreonike добавлено 0 новых событий из Google Calendar
2025-04-04 12:49:47 | INFO     | routes               | routes.py:126 | Для пользователя kreonike добавлено 0 новых событий из Google Calendar
2025-04-04 12:49:48 | INFO     | routes               | routes.py:126 | Для пользователя kreonike добавлено 0 новых событий из Google Calendar
2025-04-04 12:51:47 | INFO     | routes               | routes.py:126 | Для пользователя kreonike добавлено 0 новых событий из Google Calendar
2025-04-04 12:51:48 | INFO     | routes               | routes.py:126 | Для пользователя kreonike добавлено 0 новых событий из Google Calendar
2025-04-04 12:53:47 | INFO     | routes               | routes.py:126 | Для пользователя kreonike добавлено 0 новых событий из Google Calendar
2025-04-04 12:53:48 | INFO     | routes               | routes.py:126 | Для пользователя kreonike добавлено 0 новых событий из Google Calendar
2025-04-04 12:55:47 | INFO     | routes               | routes.py:126 | Для пользователя kreonike добавлено 0 новых событий из Google Calendar
2025-04-04 12:55:48 | INFO     | routes               | routes.py:126 | Для пользователя kreonike добавлено 0 новых событий из Google Calendar
2025-04-04 12:57:47 | INFO     | routes               | routes.py:126 | Для пользователя kreonike добавлено 0 новых событий из Google Calendar
2025-04-04 12:57:48 | INFO     | routes               | routes.py:126 | Для пользователя kreonike добавлено 0 новых событий из Google Calendar
2025-04-04 12:59:47 | INFO     | routes               | routes.py:126 | Для пользователя kreonike добавлено 0 новых событий из Google Calendar
2025-04-04 12:59:48 | INFO     | routes               | routes.py:126 | Для пользователя kreonike добавлено 0 новых событий из Google Calendar
2025-04-04 13:01:47 | INFO     | routes               | routes.py:126 | Для пользователя kreonike добавлено 0 новых событий из Google Calendar
2025-04-04 13:01:48 | INFO     | routes               | routes.py:126 | Для пользователя kreonike добавлено 0 новых событий из Google Calendar
2025-04-04 13:03:47 | INFO     | routes               | routes.py:126 | Для пользователя kreonike добавлено 0 новых событий из Google Calendar
2025-04-04 13:05:47 | INFO     | routes               | routes.py:126 | Для пользователя kreonike добавлено 0 новых событий из Google Calendar
2025-04-04 13:06:35 | INFO     | routes               | routes.py:126 | Для пользователя kreonike добавлено 0 новых событий из Google Calendar
2025-04-04 13:07:47 | INFO     | routes               | routes.py:126 | Для пользователя kreonike добавлено 0 новых событий из Google Calendar
2025-04-04 13:09:24 | INFO     | routes               | routes.py:126 | Для пользователя kreonike добавлено 0 новых событий из Google Calendar
2025-04-04 13:09:47 | INFO     | routes               | routes.py:126 | Для пользователя kreonike добавлено 0 новых событий из Google Calendar
2025-04-04 13:11:47 | INFO     | routes               | routes.py:126 | Для пользователя kreonike добавлено 0 новых событий из Google Calendar
2025-04-04 13:11:57 | INFO     | routes               | routes.py:126 | Для пользователя kreonike добавлено 0 новых событий из Google Calendar
2025-04-04 13:13:47 | INFO     | routes               | routes.py:126 | Для пользователя kreonike добавлено 0 новых событий из Google Calendar
2025-04-04 13:14:22 | INFO     | routes               | routes.py:126 | Для пользователя kreonike добавлено 0 новых событий из Google Calendar
2025-04-04 13:15:47 | INFO     | routes               | routes.py:126 | Для пользователя kreonike добавлено 0 новых событий из Google Calendar
2025-04-04 13:16:22 | INFO     | routes               | routes.py:126 | Для пользователя kreonike добавлено 0 новых событий из Google Calendar
2025-04-04 13:17:47 | INFO     | routes               | routes.py:126 | Для пользователя kreonike добавлено 0 новых событий из Google Calendar
2025-04-04 13:47:12 | INFO     | web.routes           | routes.py:132 | Для пользователя kreonike добавлено 0 новых событий из Google Calendar
2025-04-04 13:47:13 | INFO     | web.routes           | routes.py:132 | Для пользователя kreonike добавлено 0 новых событий из Google Calendar
2025-04-04 13:49:12 | INFO     | web.routes           | routes.py:132 | Для пользователя kreonike добавлено 0 новых событий из Google Calendar
2025-04-04 13:49:13 | INFO     | web.routes           | routes.py:132 | Для пользователя kreonike добавлено 0 новых событий из Google Calendar
2025-04-04 13:51:12 | INFO     | web.routes           | routes.py:132 | Для пользователя kreonike добавлено 0 новых событий из Google Calendar
2025-04-04 13:51:13 | INFO     | web.routes           | routes.py:132 | Для пользователя kreonike добавлено 0 новых событий из Google Calendar
2025-04-04 13:53:12 | INFO     | web.routes           | routes.py:132 | Для пользователя kreonike добавлено 0 новых событий из Google Calendar
2025-04-04 13:53:13 | INFO     | web.routes           | routes.py:132 | Для пользователя kreonike добавлено 0 новых событий из Google Calendar
2025-04-04 13:55:12 | INFO     | web.routes           | routes.py:132 | Для пользователя kreonike добавлено 0 новых событий из Google Calendar
2025-04-04 13:55:13 | INFO     | web.routes           | routes.py:132 | Для пользователя kreonike добавлено 0 новых событий из Google Calendar
2025-04-04 13:57:12 | INFO     | web.routes           | routes.py:132 | Для пользователя kreonike добавлено 0 новых событий из Google Calendar
2025-04-04 13:57:13 | INFO     | web.routes           | routes.py:132 | Для пользователя kreonike добавлено 0 новых событий из Google Calendar
2025-04-04 13:59:30 | INFO     | web.routes           | routes.py:136 | Для пользователя kreonike добавлено 0 новых событий из Google Calendar
2025-04-04 13:59:31 | INFO     | web.routes           | routes.py:136 | Для пользователя kreonike добавлено 0 новых событий из Google Calendar
2025-04-04 14:01:30 | INFO     | web.routes           | routes.py:136 | Для пользователя kreonike добавлено 0 новых событий из Google Calendar
2025-04-04 14:01:41 | INFO     | web.routes           | routes.py:136 | Для пользователя kreonike добавлено 0 новых событий из Google Calendar
2025-04-04 14:03:30 | INFO     | web.routes           | routes.py:136 | Для пользователя kreonike добавлено 0 новых событий из Google Calendar
2025-04-04 14:03:44 | INFO     | web.routes           | routes.py:137 | Для пользователя kreonike добавлено 0 новых событий из Google Calendar
2025-04-04 14:42:04 | INFO     | web.routes           | routes.py:130 | Для пользователя kreonike добавлено 0 новых событий из Google Calendar
2025-04-04 14:42:05 | INFO     | web.routes           | routes.py:130 | Для пользователя kreonike добавлено 0 новых событий из Google Calendar
2025-04-04 14:45:15 | INFO     | web.routes           | routes.py:130 | Для пользователя kreonike добавлено 0 новых событий из Google Calendar
2025-04-04 14:45:16 | INFO     | web.routes           | routes.py:130 | Для пользователя kreonike добавлено 0 новых событий из Google Calendar
2025-04-04 14:48:00 | INFO     | web.routes           | routes.py:130 | Для пользователя kreonike добавлено 0 новых событий из Google Calendar
2025-04-04 14:48:02 | INFO     | web.routes           | routes.py:130 | Для пользователя kreonike добавлено 0 новых событий из Google Calendar
2025-04-04 14:50:00 | INFO     | web.routes           | routes.py:130 | Для пользователя kreonike добавлено 0 новых событий из Google Calendar
2025-04-04 14:50:02 | INFO     | web.routes           | routes.py:130 | Для пользователя kreonike добавлено 0 новых событий из Google Calendar
2025-04-04 14:52:00 | INFO     | web.routes           | routes.py:130 | Для пользователя kreonike добавлено 0 новых событий из Google Calendar
2025-04-04 14:52:01 | INFO     | web.routes           | routes.py:130 | Для пользователя kreonike добавлено 0 новых событий из Google Calendar
2025-04-04 14:56:52 | INFO     | web.routes           | routes.py:130 | Для пользователя kreonike добавлено 0 новых событий из Google Calendar
2025-04-04 14:56:53 | INFO     | web.routes           | routes.py:130 | Для пользователя kreonike добавлено 0 новых событий из Google Calendar
2025-04-04 14:58:52 | INFO     | web.routes           | routes.py:130 | Для пользователя kreonike добавлено 0 новых событий из Google Calendar
2025-04-04 14:58:53 | INFO     | web.routes           | routes.py:130 | Для пользователя kreonike добавлено 0 новых событий из Google Calendar
2025-04-04 15:00:52 | INFO     | web.routes           | routes.py:130 | Для пользователя kreonike добавлено 0 новых событий из Google Calendar
2025-04-04 15:00:53 | INFO     | web.routes           | routes.py:130 | Для пользователя kreonike добавлено 0 новых событий из Google Calendar
2025-04-04 15:02:52 | INFO     | web.routes           | routes.py:130 | Для пользователя kreonike добавлено 0 новых событий из Google Calendar
2025-04-04 15:02:53 | INFO     | web.routes           | routes.py:130 | Для пользователя kreonike добавлено 0 новых событий из Google Calendar
2025-04-04 15:04:52 | INFO     | web.routes           | routes.py:130 | Для пользователя kreonike добавлено 0 новых событий из Google Calendar
2025-04-04 15:04:53 | INFO     | web.routes           | routes.py:130 | Для пользователя kreonike добавлено 0 новых событий из Google Calendar
2025-04-04 15:08:26 | INFO     | web.routes           | routes.py:130 | Для пользователя kreonike добавлено 0 новых событий из Google Calendar
2025-04-04 15:08:27 | INFO     | web.routes           | routes.py:130 | Для пользователя kreonike добавлено 0 новых событий из Google Calendar
2025-04-04 15:14:40 | INFO     | app                  | app.py:125 | Для пользователя kreonike добавлено 0 новых событий из Google Calendar
2025-04-04 15:14:41 | INFO     | app                  | app.py:125 | Для пользователя kreonike добавлено 0 новых событий из Google Calendar
2025-04-04 15:16:40 | INFO     | app                  | app.py:125 | Для пользователя kreonike добавлено 0 новых событий из Google Calendar
2025-04-04 15:16:41 | INFO     | app                  | app.py:125 | Для пользователя kreonike добавлено 0 новых событий из Google Calendar
2025-04-04 15:18:40 | INFO     | app                  | app.py:125 | Для пользователя kreonike добавлено 0 новых событий из Google Calendar
2025-04-04 15:18:41 | INFO     | app                  | app.py:125 | Для пользователя kreonike добавлено 0 новых событий из Google Calendar
2025-04-04 15:20:40 | INFO     | app                  | app.py:125 | Для пользователя kreonike добавлено 0 новых событий из Google Calendar
2025-04-04 15:20:41 | INFO     | app                  | app.py:125 | Для пользователя kreonike добавлено 0 новых событий из Google Calendar
2025-04-04 15:24:36 | INFO     | app                  | app.py:125 | Для пользователя kreonike добавлено 0 новых событий из Google Calendar
2025-04-04 15:24:37 | INFO     | app                  | app.py:125 | Для пользователя kreonike добавлено 0 новых событий из Google Calendar
2025-04-04 15:27:14 | INFO     | app                  | app.py:125 | Для пользователя kreonike добавлено 0 новых событий из Google Calendar
2025-04-04 15:27:16 | INFO     | app                  | app.py:125 | Для пользователя kreonike добавлено 0 новых событий из Google Calendar
2025-04-04 15:29:14 | INFO     | app                  | app.py:125 | Для пользователя kreonike добавлено 0 новых событий из Google Calendar
2025-04-04 15:30:26 | INFO     | app                  | app.py:125 | Для пользователя kreonike добавлено 0 новых событий из Google Calendar
2025-04-04 15:31:14 | INFO     | app                  | app.py:125 | Для пользователя kreonike добавлено 0 новых событий из Google Calendar
2025-04-04 15:38:29 | INFO     | app                  | app.py:119 | Для пользователя kreonike добавлено 1 новых событий из Google Calendar
2025-04-04 15:38:30 | INFO     | app                  | app.py:119 | Для пользователя kreonike добавлено 0 новых событий из Google Calendar
2025-04-04 15:40:28 | INFO     | app                  | app.py:119 | Для пользователя kreonike добавлено 0 новых событий из Google Calendar
2025-04-04 15:40:30 | INFO     | app                  | app.py:119 | Для пользователя kreonike добавлено 0 новых событий из Google Calendar
2025-04-04 15:42:29 | INFO     | app                  | app.py:119 | Для пользователя kreonike добавлено 0 новых событий из Google Calendar
2025-04-04 15:42:30 | INFO     | app                  | app.py:119 | Для пользователя kreonike добавлено 0 новых событий из Google Calendar
2025-04-04 15:44:28 | INFO     | app                  | app.py:119 | Для пользователя kreonike добавлено 0 новых событий из Google Calendar
2025-04-04 15:44:30 | INFO     | app                  | app.py:119 | Для пользователя kreonike добавлено 0 новых событий из Google Calendar
2025-04-04 15:46:29 | INFO     | app                  | app.py:119 | Для пользователя kreonike добавлено 0 новых событий из Google Calendar
2025-04-04 15:46:30 | INFO     | app                  | app.py:119 | Для пользователя kreonike добавлено 0 новых событий из Google Calendar
2025-04-04 15:48:28 | INFO     | app                  | app.py:119 | Для пользователя kreonike добавлено 0 новых событий из Google Calendar
2025-04-04 15:51:30 | INFO     | app                  | app.py:120 | Для пользователя kreonike добавлено 0 новых событий из Google Calendar
2025-04-04 15:51:31 | INFO     | app                  | app.py:120 | Для пользователя kreonike добавлено 0 новых событий из Google Calendar
2025-04-04 15:55:21 | INFO     | app                  | app.py:120 | Для пользователя kreonike добавлено 0 новых событий из Google Calendar
2025-04-04 15:55:22 | INFO     | app                  | app.py:120 | Для пользователя kreonike добавлено 0 новых событий из Google Calendar
2025-04-04 15:57:21 | INFO     | app                  | app.py:120 | Для пользователя kreonike добавлено 0 новых событий из Google Calendar
2025-04-04 15:57:22 | INFO     | app                  | app.py:120 | Для пользователя kreonike добавлено 0 новых событий из Google Calendar
2025-04-04 15:59:21 | INFO     | app                  | app.py:120 | Для пользователя kreonike добавлено 0 новых событий из Google Calendar
2025-04-04 15:59:22 | INFO     | app                  | app.py:120 | Для пользователя kreonike добавлено 0 новых событий из Google Calendar
2025-04-04 16:01:21 | INFO     | app                  | app.py:120 | Для пользователя kreonike добавлено 0 новых событий из Google Calendar
2025-04-04 16:02:16 | INFO     | app                  | app.py:120 | Для пользователя kreonike добавлено 0 новых событий из Google Calendar
2025-04-04 16:03:21 | INFO     | app                  | app.py:120 | Для пользователя kreonike добавлено 0 новых событий из Google Calendar
2025-04-04 16:08:31 | INFO     | app                  | app.py:125 | Для пользователя kreonike добавлено 0 новых событий из Google Calendar
2025-04-04 16:08:32 | INFO     | app                  | app.py:125 | Для пользователя kreonike добавлено 0 новых событий из Google Calendar
2025-04-04 16:10:31 | INFO     | app                  | app.py:125 | Для пользователя kreonike добавлено 0 новых событий из Google Calendar
2025-04-04 16:14:07 | INFO     | app                  | app.py:127 | Для пользователя kreonike добавлено 0 новых событий из Google Calendar
2025-04-04 16:14:09 | INFO     | app                  | app.py:127 | Для пользователя kreonike добавлено 0 новых событий из Google Calendar
2025-04-04 16:16:07 | INFO     | app                  | app.py:127 | Для пользователя kreonike добавлено 0 новых событий из Google Calendar
2025-04-04 16:19:46 | INFO     | app                  | app.py:128 | Для пользователя kreonike добавлено 0 новых событий из Google Calendar
2025-04-04 16:19:47 | INFO     | app                  | app.py:128 | Для пользователя kreonike добавлено 0 новых событий из Google Calendar
2025-04-04 16:21:45 | INFO     | app                  | app.py:128 | Для пользователя kreonike добавлено 0 новых событий из Google Calendar
2025-04-04 16:24:12 | INFO     | app                  | app.py:132 | Для пользователя kreonike добавлено 0 новых событий из Google Calendar
2025-04-04 16:26:15 | INFO     | app                  | app.py:132 | Для пользователя kreonike добавлено 0 новых событий из Google Calendar
2025-04-04 16:26:16 | INFO     | app                  | app.py:132 | Для пользователя kreonike добавлено 0 новых событий из Google Calendar
2025-04-04 16:29:58 | INFO     | app                  | app.py:132 | Для пользователя kreonike добавлено 0 новых событий из Google Calendar
2025-04-04 16:29:59 | INFO     | app                  | app.py:132 | Для пользователя kreonike добавлено 0 новых событий из Google Calendar
2025-04-04 16:31:58 | INFO     | app                  | app.py:132 | Для пользователя kreonike добавлено 0 новых событий из Google Calendar
2025-04-04 16:31:59 | INFO     | app                  | app.py:132 | Для пользователя kreonike добавлено 0 новых событий из Google Calendar
2025-04-04 16:33:58 | INFO     | app                  | app.py:132 | Для пользователя kreonike добавлено 0 новых событий из Google Calendar
2025-04-04 16:33:59 | INFO     | app                  | app.py:132 | Для пользователя kreonike добавлено 0 новых событий из Google Calendar
2025-04-04 16:35:58 | INFO     | app                  | app.py:132 | Для пользователя kreonike добавлено 0 новых событий из Google Calendar
2025-04-04 16:35:59 | INFO     | app                  | app.py:132 | Для пользователя kreonike добавлено 0 новых событий из Google Calendar
2025-04-04 16:39:16 | INFO     | app                  | app.py:132 | Для пользователя kreonike добавлено 0 новых событий из Google Calendar
2025-04-04 16:39:17 | INFO     | app                  | app.py:132 | Для пользователя kreonike добавлено 0 новых событий из Google Calendar
2025-04-04 16:43:32 | INFO     | app                  | app.py:132 | Для пользователя kreonike добавлено 0 новых событий из Google Calendar
2025-04-04 16:43:33 | INFO     | app                  | app.py:132 | Для пользователя kreonike добавлено 0 новых событий из Google Calendar
2025-04-04 16:45:32 | INFO     | app                  | app.py:132 | Для пользователя kreonike добавлено 0 новых событий из Google Calendar
2025-04-04 16:45:41 | INFO     | app                  | app.py:132 | Для пользователя kreonike добавлено 0 новых событий из Google Calendar
2025-04-04 16:47:32 | INFO     | app                  | app.py:132 | Для пользователя kreonike добавлено 0 новых событий из Google Calendar
2025-04-04 16:49:32 | INFO     | app                  | app.py:132 | Для пользователя kreonike добавлено 0 новых событий из Google Calendar
2025-04-04 16:51:04 | INFO     | app                  | app.py:134 | Для пользователя kreonike добавлено 0 новых событий из Google Calendar
2025-04-04 16:51:32 | INFO     | app                  | app.py:132 | Для пользователя kreonike добавлено 0 новых событий из Google Calendar
2025-04-04 16:54:54 | INFO     | app                  | app.py:136 | Для пользователя kreonike добавлено 0 новых событий из Google Calendar
2025-04-04 16:54:55 | INFO     | app                  | app.py:136 | Для пользователя kreonike добавлено 0 новых событий из Google Calendar
2025-04-04 16:56:54 | INFO     | app                  | app.py:136 | Для пользователя kreonike добавлено 0 новых событий из Google Calendar
2025-04-04 16:56:55 | INFO     | app                  | app.py:136 | Для пользователя kreonike добавлено 0 новых событий из Google Calendar
2025-04-04 16:58:54 | INFO     | app                  | app.py:136 | Для пользователя kreonike добавлено 0 новых событий из Google Calendar
2025-04-04 16:58:55 | INFO     | app                  | app.py:136 | Для пользователя kreonike добавлено 0 новых событий из Google Calendar
2025-04-04 17:00:54 | INFO     | app                  | app.py:136 | Для пользователя kreonike добавлено 0 новых событий из Google Calendar
2025-04-04 17:01:25 | ERROR    | app                  | app.py:140 | Ошибка синхронизации для пользователя kreonike: name 'fetch_google_events' is not defined
2025-04-04 17:04:52 | ERROR    | app                  | app.py:142 | Ошибка синхронизации для пользователя kreonike: name 'fetch_google_events' is not defined
2025-04-04 17:04:53 | ERROR    | app                  | app.py:142 | Ошибка синхронизации для пользователя kreonike: name 'fetch_google_events' is not defined
2025-04-04 17:06:52 | ERROR    | app                  | app.py:142 | Ошибка синхронизации для пользователя kreonike: name 'fetch_google_events' is not defined
2025-04-04 17:06:53 | ERROR    | app                  | app.py:142 | Ошибка синхронизации для пользователя kreonike: name 'fetch_google_events' is not defined
2025-04-04 17:34:02 | ERROR    | app                  | app.py:142 | Ошибка синхронизации для пользователя kreonike: name 'fetch_google_events' is not defined
2025-04-04 17:34:04 | ERROR    | app                  | app.py:142 | Ошибка синхронизации для пользователя kreonike: name 'fetch_google_events' is not defined
2025-04-04 17:36:02 | ERROR    | app                  | app.py:142 | Ошибка синхронизации для пользователя kreonike: name 'fetch_google_events' is not defined
2025-04-04 17:36:04 | ERROR    | app                  | app.py:142 | Ошибка синхронизации для пользователя kreonike: name 'fetch_google_events' is not defined
2025-04-04 17:38:02 | ERROR    | app                  | app.py:142 | Ошибка синхронизации для пользователя kreonike: name 'fetch_google_events' is not defined
2025-04-04 17:38:04 | ERROR    | app                  | app.py:142 | Ошибка синхронизации для пользователя kreonike: name 'fetch_google_events' is not defined
2025-04-04 17:40:02 | ERROR    | app                  | app.py:142 | Ошибка синхронизации для пользователя kreonike: name 'fetch_google_events' is not defined
2025-04-04 17:42:02 | ERROR    | app                  | app.py:142 | Ошибка синхронизации для пользователя kreonike: name 'fetch_google_events' is not defined
2025-04-04 19:01:19 | INFO     | app                  | app.py:58 | Initializing Google Scheduler...
2025-04-04 19:14:23 | INFO     | app                  | app.py:58 | Initializing Google Scheduler...
2025-04-04 19:14:40 | INFO     | app                  | app.py:60 | Initializing Google Scheduler...
2025-04-04 19:16:39 | INFO     | app                  | app.py:60 | Initializing Google Scheduler...
2025-04-04 21:22:53 | INFO     | app                  | app.py:60 | Initializing Google Scheduler...
2025-04-04 21:40:10 | INFO     | app                  | app.py:65 | Initializing Google Scheduler...
2025-04-04 21:40:12 | INFO     | app                  | app.py:65 | Initializing Google Scheduler...
2025-04-04 21:44:41 | INFO     | app                  | app.py:66 | Initializing Google Scheduler...
2025-04-04 21:45:00 | INFO     | app                  | app.py:66 | Initializing Google Scheduler...
2025-04-04 21:45:01 | INFO     | app                  | app.py:66 | Initializing Google Scheduler...
2025-04-04 21:50:24 | INFO     | app                  | app.py:66 | Initializing Google Scheduler...
2025-04-04 21:50:25 | INFO     | app                  | app.py:66 | Initializing Google Scheduler...
2025-04-04 21:50:43 | INFO     | app                  | app.py:66 | Initializing Google Scheduler...
2025-04-04 21:50:45 | INFO     | app                  | app.py:66 | Initializing Google Scheduler...
2025-04-04 21:50:56 | INFO     | app                  | app.py:66 | Initializing Google Scheduler...
2025-04-04 21:50:58 | INFO     | app                  | app.py:66 | Initializing Google Scheduler...
2025-04-04 21:51:51 | INFO     | app                  | app.py:66 | Initializing Google Scheduler...
2025-04-04 21:51:52 | INFO     | app                  | app.py:66 | Initializing Google Scheduler...
2025-04-04 21:59:01 | INFO     | app                  | app.py:66 | Initializing Google Scheduler...
2025-04-04 21:59:03 | INFO     | app                  | app.py:66 | Initializing Google Scheduler...
2025-04-04 22:07:07 | INFO     | app                  | app.py:66 | Initializing Google Scheduler...
2025-04-04 22:07:08 | INFO     | app                  | app.py:66 | Initializing Google Scheduler...
2025-04-04 22:07:28 | INFO     | app                  | app.py:66 | Initializing Google Scheduler...
2025-04-04 22:07:29 | INFO     | app                  | app.py:66 | Initializing Google Scheduler...
2025-04-04 22:07:39 | INFO     | app                  | app.py:66 | Initializing Google Scheduler...
2025-04-04 22:07:40 | INFO     | app                  | app.py:66 | Initializing Google Scheduler...
2025-04-04 22:10:20 | INFO     | app                  | app.py:66 | Initializing Google Scheduler...
2025-04-04 22:10:21 | INFO     | app                  | app.py:66 | Initializing Google Scheduler...
2025-04-04 22:30:39 | INFO     | app                  | app.py:66 | Initializing Google Scheduler...
2025-04-04 22:30:40 | INFO     | app                  | app.py:66 | Initializing Google Scheduler...
2025-04-04 22:32:18 | INFO     | app                  | app.py:66 | Initializing Google Scheduler...
2025-04-04 22:32:19 | INFO     | app                  | app.py:66 | Initializing Google Scheduler...
2025-04-04 22:39:27 | INFO     | app                  | app.py:66 | Initializing Google Scheduler...
2025-04-04 22:39:28 | INFO     | app                  | app.py:66 | Initializing Google Scheduler...
2025-04-04 22:42:53 | INFO     | app                  | app.py:66 | Initializing Google Scheduler...
2025-04-04 22:42:54 | INFO     | app                  | app.py:66 | Initializing Google Scheduler...
2025-04-04 22:50:20 | INFO     | app                  | app.py:66 | Initializing Google Scheduler...
2025-04-04 22:50:21 | INFO     | app                  | app.py:66 | Initializing Google Scheduler...
2025-04-04 22:50:39 | INFO     | app                  | app.py:66 | Initializing Google Scheduler...
2025-04-04 22:50:41 | INFO     | app                  | app.py:66 | Initializing Google Scheduler...
2025-04-04 22:52:28 | INFO     | app                  | app.py:66 | Initializing Google Scheduler...
2025-04-04 22:52:29 | INFO     | app                  | app.py:66 | Initializing Google Scheduler...
2025-04-04 22:53:08 | INFO     | app                  | app.py:66 | Initializing Google Scheduler...
2025-04-04 22:53:09 | INFO     | app                  | app.py:66 | Initializing Google Scheduler...
2025-04-04 22:58:39 | INFO     | app                  | app.py:66 | Initializing Google Scheduler...
2025-04-04 22:58:40 | INFO     | app                  | app.py:66 | Initializing Google Scheduler...
2025-04-04 23:31:21 | INFO     | app                  | app.py:66 | Initializing Google Scheduler...
2025-04-04 23:31:22 | INFO     | app                  | app.py:66 | Initializing Google Scheduler...
2025-04-04 23:34:07 | INFO     | app                  | app.py:66 | Initializing Google Scheduler...
2025-04-04 23:36:21 | INFO     | app                  | app.py:66 | Initializing Google Scheduler...
2025-04-04 23:36:22 | INFO     | app                  | app.py:66 | Initializing Google Scheduler...
2025-04-04 23:58:44 | INFO     | app                  | app.py:66 | Initializing Google Scheduler...
2025-04-04 23:58:45 | INFO     | app                  | app.py:66 | Initializing Google Scheduler...
2025-04-05 00:12:31 | INFO     | app                  | app.py:66 | Initializing Google Scheduler...
2025-04-05 00:12:32 | INFO     | app                  | app.py:66 | Initializing Google Scheduler...
2025-04-05 00:18:35 | INFO     | app                  | app.py:66 | Initializing Google Scheduler...
2025-04-05 00:18:36 | INFO     | app                  | app.py:66 | Initializing Google Scheduler...
2025-04-05 00:19:44 | INFO     | app                  | app.py:66 | Initializing Google Scheduler...
2025-04-05 00:19:45 | INFO     | app                  | app.py:66 | Initializing Google Scheduler...
2025-04-05 00:19:47 | INFO     | app                  | app.py:66 | Initializing Google Scheduler...
2025-04-05 00:33:05 | INFO     | app                  | app.py:66 | Initializing Google Scheduler...
2025-04-05 00:33:07 | INFO     | app                  | app.py:66 | Initializing Google Scheduler...
2025-04-05 00:37:56 | INFO     | app                  | app.py:66 | Initializing Google Scheduler...
2025-04-05 00:37:58 | INFO     | app                  | app.py:66 | Initializing Google Scheduler...
2025-04-05 00:38:09 | INFO     | app                  | app.py:66 | Initializing Google Scheduler...
2025-04-05 00:38:10 | INFO     | app                  | app.py:66 | Initializing Google Scheduler...
2025-04-05 00:38:18 | INFO     | app                  | app.py:66 | Initializing Google Scheduler...
2025-04-05 00:38:19 | INFO     | app                  | app.py:66 | Initializing Google Scheduler...
2025-04-05 00:39:11 | INFO     | app                  | app.py:66 | Initializing Google Scheduler...
2025-04-05 00:39:12 | INFO     | app                  | app.py:66 | Initializing Google Scheduler...
2025-04-05 00:39:29 | INFO     | app                  | app.py:66 | Initializing Google Scheduler...
2025-04-05 00:39:30 | INFO     | app                  | app.py:66 | Initializing Google Scheduler...
2025-04-05 00:49:16 | INFO     | app                  | app.py:66 | Initializing Google Scheduler...
2025-04-05 00:49:17 | INFO     | app                  | app.py:66 | Initializing Google Scheduler...
2025-04-05 00:54:48 | INFO     | app                  | app.py:66 | Initializing Google Scheduler...
2025-04-05 00:54:49 | INFO     | app                  | app.py:66 | Initializing Google Scheduler...
2025-04-05 00:55:32 | INFO     | app                  | app.py:66 | Initializing Google Scheduler...
2025-04-05 00:55:33 | INFO     | app                  | app.py:66 | Initializing Google Scheduler...
2025-04-05 01:01:43 | INFO     | app                  | app.py:66 | Initializing Google Scheduler...
2025-04-05 01:01:45 | INFO     | app                  | app.py:66 | Initializing Google Scheduler...
2025-04-05 01:13:25 | INFO     | app                  | app.py:66 | Initializing Google Scheduler...
2025-04-05 01:13:26 | INFO     | app                  | app.py:66 | Initializing Google Scheduler...
2025-04-05 10:37:01 | INFO     | app                  | app.py:66 | Initializing Google Scheduler...
2025-04-05 10:37:18 | INFO     | app                  | app.py:66 | Initializing Google Scheduler...
2025-04-05 10:55:30 | INFO     | app                  | app.py:66 | Initializing Google Scheduler...
2025-04-05 11:09:59 | INFO     | app                  | app.py:66 | Initializing Google Scheduler...
2025-04-05 11:10:09 | INFO     | app                  | app.py:66 | Initializing Google Scheduler...
2025-04-05 11:10:23 | INFO     | app                  | app.py:66 | Initializing Google Scheduler...
2025-04-05 11:27:20 | INFO     | app                  | app.py:66 | Initializing Google Scheduler...
2025-04-05 11:27:59 | INFO     | app                  | app.py:66 | Initializing Google Scheduler...
2025-04-05 11:28:19 | INFO     | app                  | app.py:66 | Initializing Google Scheduler...
2025-04-05 11:28:37 | INFO     | app                  | app.py:66 | Initializing Google Scheduler...
2025-04-05 11:28:40 | INFO     | app                  | app.py:66 | Initializing Google Scheduler...
2025-04-05 11:31:50 | INFO     | app                  | app.py:66 | Initializing Google Scheduler...
2025-04-05 11:32:05 | INFO     | app                  | app.py:66 | Initializing Google Scheduler...
2025-04-05 11:32:25 | INFO     | app                  | app.py:66 | Initializing Google Scheduler...
2025-04-05 11:33:47 | INFO     | app                  | app.py:66 | Initializing Google Scheduler...
2025-04-05 13:30:37 | INFO     | app                  | app.py:66 | Initializing Google Scheduler...
2025-04-05 13:30:59 | INFO     | app                  | app.py:66 | Initializing Google Scheduler...
2025-04-05 13:32:45 | INFO     | app                  | app.py:66 | Initializing Google Scheduler...
2025-04-05 13:39:30 | INFO     | app                  | app.py:66 | Initializing Google Scheduler...
2025-04-05 13:57:04 | INFO     | app                  | app.py:66 | Initializing Google Scheduler...
2025-04-05 13:57:07 | INFO     | app                  | app.py:66 | Initializing Google Scheduler...
2025-04-05 13:57:09 | INFO     | app                  | app.py:66 | Initializing Google Scheduler...
2025-04-05 14:08:47 | INFO     | app                  | app.py:66 | Initializing Google Scheduler...
2025-04-05 14:08:48 | INFO     | app                  | app.py:66 | Initializing Google Scheduler...
2025-04-05 14:09:12 | INFO     | app                  | app.py:66 | Initializing Google Scheduler...
2025-04-05 14:09:13 | INFO     | app                  | app.py:66 | Initializing Google Scheduler...
2025-04-05 14:10:23 | INFO     | app                  | app.py:66 | Initializing Google Scheduler...
2025-04-05 14:10:25 | INFO     | app                  | app.py:66 | Initializing Google Scheduler...
2025-04-05 14:17:36 | INFO     | app                  | app.py:66 | Initializing Google Scheduler...
2025-04-05 14:17:37 | INFO     | app                  | app.py:66 | Initializing Google Scheduler...
2025-04-05 14:19:48 | ERROR    | app                  | app.py:486 | Ошибка при выполнении задачи: table completed_tasks has no column named categories
2025-04-05 14:30:13 | INFO     | app                  | app.py:66 | Initializing Google Scheduler...
2025-04-05 14:30:14 | INFO     | app                  | app.py:66 | Initializing Google Scheduler...
2025-04-05 14:31:05 | INFO     | app                  | app.py:66 | Initializing Google Scheduler...
2025-04-05 14:31:07 | INFO     | app                  | app.py:66 | Initializing Google Scheduler...
2025-04-05 14:35:15 | INFO     | app                  | app.py:66 | Initializing Google Scheduler...
2025-04-05 14:35:16 | INFO     | app                  | app.py:66 | Initializing Google Scheduler...
2025-04-05 14:35:40 | INFO     | app                  | app.py:66 | Initializing Google Scheduler...
2025-04-05 14:35:42 | INFO     | app                  | app.py:66 | Initializing Google Scheduler...
2025-04-05 14:56:34 | INFO     | app                  | app.py:66 | Initializing Google Scheduler...
2025-04-05 14:56:35 | INFO     | app                  | app.py:66 | Initializing Google Scheduler...
2025-04-05 14:58:02 | INFO     | app                  | app.py:66 | Initializing Google Scheduler...
2025-04-05 14:58:03 | INFO     | app                  | app.py:66 | Initializing Google Scheduler...
2025-04-05 15:06:21 | INFO     | app                  | app.py:66 | Initializing Google Scheduler...
2025-04-05 15:06:22 | INFO     | app                  | app.py:66 | Initializing Google Scheduler...
2025-04-05 15:20:16 | INFO     | app                  | app.py:66 | Initializing Google Scheduler...
2025-04-05 15:20:17 | INFO     | app                  | app.py:66 | Initializing Google Scheduler...
2025-04-05 15:25:16 | INFO     | app                  | app.py:66 | Initializing Google Scheduler...
2025-04-05 15:25:18 | INFO     | app                  | app.py:66 | Initializing Google Scheduler...
2025-04-05 15:25:49 | INFO     | app                  | app.py:66 | Initializing Google Scheduler...
2025-04-05 15:25:51 | INFO     | app                  | app.py:66 | Initializing Google Scheduler...
2025-04-05 15:26:52 | INFO     | app                  | app.py:66 | Initializing Google Scheduler...
2025-04-05 15:26:53 | INFO     | app                  | app.py:66 | Initializing Google Scheduler...
2025-04-05 15:29:19 | INFO     | app                  | app.py:66 | Initializing Google Scheduler...
2025-04-05 15:29:20 | INFO     | app                  | app.py:66 | Initializing Google Scheduler...
2025-04-05 15:38:04 | INFO     | app                  | app.py:66 | Initializing Google Scheduler...
2025-04-05 15:38:05 | INFO     | app                  | app.py:66 | Initializing Google Scheduler...
2025-04-05 15:38:21 | INFO     | app                  | app.py:66 | Initializing Google Scheduler...
2025-04-05 15:38:22 | INFO     | app                  | app.py:66 | Initializing Google Scheduler...
2025-04-05 15:38:33 | INFO     | app                  | app.py:66 | Initializing Google Scheduler...
2025-04-05 15:38:35 | INFO     | app                  | app.py:66 | Initializing Google Scheduler...
2025-04-05 15:38:47 | INFO     | app                  | app.py:66 | Initializing Google Scheduler...
2025-04-05 15:38:48 | INFO     | app                  | app.py:66 | Initializing Google Scheduler...
2025-04-05 15:50:39 | INFO     | app                  | app.py:66 | Initializing Google Scheduler...
2025-04-05 15:50:41 | INFO     | app                  | app.py:66 | Initializing Google Scheduler...
2025-04-05 15:51:27 | INFO     | app                  | app.py:66 | Initializing Google Scheduler...
2025-04-05 15:51:28 | INFO     | app                  | app.py:66 | Initializing Google Scheduler...
2025-04-05 15:51:40 | INFO     | app                  | app.py:66 | Initializing Google Scheduler...
2025-04-05 15:51:41 | INFO     | app                  | app.py:66 | Initializing Google Scheduler...
2025-04-05 15:59:54 | INFO     | app                  | app.py:66 | Initializing Google Scheduler...
2025-04-05 15:59:55 | INFO     | app                  | app.py:66 | Initializing Google Scheduler...
2025-04-05 16:00:09 | INFO     | app                  | app.py:66 | Initializing Google Scheduler...
2025-04-05 16:00:10 | INFO     | app                  | app.py:66 | Initializing Google Scheduler...
2025-04-05 16:14:04 | INFO     | app                  | app.py:66 | Initializing Google Scheduler...
2025-04-05 16:14:05 | INFO     | app                  | app.py:66 | Initializing Google Scheduler...
2025-04-05 16:16:37 | ERROR    | app                  | app.py:486 | Ошибка при выполнении задачи: table completed_tasks has no column named categories
2025-04-05 16:18:17 | ERROR    | app                  | app.py:486 | Ошибка при выполнении задачи: table completed_tasks has no column named categories
2025-04-05 16:20:54 | INFO     | app                  | app.py:66 | Initializing Google Scheduler...
2025-04-05 16:24:49 | INFO     | app                  | app.py:66 | Initializing Google Scheduler...
2025-04-05 16:24:50 | INFO     | app                  | app.py:66 | Initializing Google Scheduler...
2025-04-05 18:11:45 | INFO     | app                  | app.py:66 | Initializing Google Scheduler...
2025-04-05 18:11:46 | INFO     | app                  | app.py:66 | Initializing Google Scheduler...
2025-04-05 18:12:26 | INFO     | app                  | app.py:66 | Initializing Google Scheduler...
2025-04-05 18:12:27 | INFO     | app                  | app.py:66 | Initializing Google Scheduler...
2025-04-05 18:14:14 | INFO     | app                  | app.py:66 | Initializing Google Scheduler...
2025-04-05 18:14:15 | INFO     | app                  | app.py:66 | Initializing Google Scheduler...
2025-04-05 18:40:56 | INFO     | app                  | app.py:66 | Initializing Google Scheduler...
2025-04-05 18:40:57 | INFO     | app                  | app.py:66 | Initializing Google Scheduler...
2025-04-05 18:41:17 | INFO     | app                  | app.py:66 | Initializing Google Scheduler...
2025-04-05 18:41:19 | INFO     | app                  | app.py:66 | Initializing Google Scheduler...
2025-04-05 19:04:10 | INFO     | app                  | app.py:66 | Initializing Google Scheduler...
2025-04-05 19:04:11 | INFO     | app                  | app.py:66 | Initializing Google Scheduler...
2025-04-05 19:08:21 | INFO     | app                  | app.py:66 | Initializing Google Scheduler...
2025-04-05 19:08:22 | INFO     | app                  | app.py:66 | Initializing Google Scheduler...
2025-04-05 19:11:53 | INFO     | app                  | app.py:66 | Initializing Google Scheduler...
2025-04-05 19:11:54 | INFO     | app                  | app.py:66 | Initializing Google Scheduler...
2025-04-05 19:12:18 | INFO     | app                  | app.py:66 | Initializing Google Scheduler...
2025-04-05 19:12:20 | INFO     | app                  | app.py:66 | Initializing Google Scheduler...
2025-04-05 19:16:54 | INFO     | app                  | app.py:66 | Initializing Google Scheduler...
2025-04-05 19:16:55 | INFO     | app                  | app.py:66 | Initializing Google Scheduler...
2025-04-05 19:18:00 | INFO     | app                  | app.py:66 | Initializing Google Scheduler...
2025-04-05 19:18:01 | INFO     | app                  | app.py:66 | Initializing Google Scheduler...
2025-04-05 19:23:58 | INFO     | app                  | app.py:66 | Initializing Google Scheduler...
2025-04-05 19:24:00 | INFO     | app                  | app.py:66 | Initializing Google Scheduler...
2025-04-05 19:26:18 | INFO     | app                  | app.py:66 | Initializing Google Scheduler...
2025-04-05 19:26:20 | INFO     | app                  | app.py:66 | Initializing Google Scheduler...
2025-04-05 19:26:39 | INFO     | app                  | app.py:66 | Initializing Google Scheduler...
2025-04-05 19:26:40 | INFO     | app                  | app.py:66 | Initializing Google Scheduler...
2025-04-05 19:27:12 | INFO     | app                  | app.py:66 | Initializing Google Scheduler...
2025-04-05 19:27:14 | INFO     | app                  | app.py:66 | Initializing Google Scheduler...
2025-04-05 19:33:41 | INFO     | app                  | app.py:66 | Initializing Google Scheduler...
2025-04-05 19:33:42 | INFO     | app                  | app.py:66 | Initializing Google Scheduler...
2025-04-05 19:34:13 | INFO     | app                  | app.py:66 | Initializing Google Scheduler...
2025-04-05 19:34:14 | INFO     | app                  | app.py:66 | Initializing Google Scheduler...
2025-04-05 19:34:50 | INFO     | app                  | app.py:66 | Initializing Google Scheduler...
2025-04-05 19:35:11 | INFO     | app                  | app.py:66 | Initializing Google Scheduler...
2025-04-05 19:35:22 | INFO     | app                  | app.py:66 | Initializing Google Scheduler...
2025-04-05 19:35:43 | INFO     | app                  | app.py:66 | Initializing Google Scheduler...
2025-04-05 19:35:44 | INFO     | app                  | app.py:66 | Initializing Google Scheduler...
2025-04-05 19:36:16 | INFO     | app                  | app.py:66 | Initializing Google Scheduler...
2025-04-05 19:36:18 | INFO     | app                  | app.py:66 | Initializing Google Scheduler...
2025-04-05 19:51:43 | INFO     | app                  | app.py:66 | Initializing Google Scheduler...
2025-04-05 19:51:45 | INFO     | app                  | app.py:66 | Initializing Google Scheduler...
2025-04-05 20:10:15 | INFO     | app                  | app.py:66 | Initializing Google Scheduler...
2025-04-05 20:10:16 | INFO     | app                  | app.py:66 | Initializing Google Scheduler...
2025-04-05 20:19:25 | INFO     | app                  | app.py:66 | Initializing Google Scheduler...
2025-04-05 20:19:26 | INFO     | app                  | app.py:66 | Initializing Google Scheduler...
2025-04-05 20:42:42 | INFO     | app                  | app.py:66 | Initializing Google Scheduler...
2025-04-05 20:42:43 | INFO     | app                  | app.py:66 | Initializing Google Scheduler...
2025-04-05 21:00:15 | INFO     | app                  | app.py:66 | Initializing Google Scheduler...
2025-04-05 21:00:16 | INFO     | app                  | app.py:66 | Initializing Google Scheduler...
2025-04-05 21:05:45 | INFO     | app                  | app.py:66 | Initializing Google Scheduler...
2025-04-05 21:05:46 | INFO     | app                  | app.py:66 | Initializing Google Scheduler...
2025-04-05 21:07:45 | INFO     | app                  | app.py:66 | Initializing Google Scheduler...
2025-04-05 21:07:47 | INFO     | app                  | app.py:66 | Initializing Google Scheduler...
2025-04-05 21:08:08 | INFO     | app                  | app.py:66 | Initializing Google Scheduler...
2025-04-05 21:08:12 | INFO     | app                  | app.py:66 | Initializing Google Scheduler...
2025-04-05 21:08:13 | INFO     | app                  | app.py:66 | Initializing Google Scheduler...
2025-04-05 21:09:01 | INFO     | app                  | app.py:66 | Initializing Google Scheduler...
2025-04-05 21:09:02 | INFO     | app                  | app.py:66 | Initializing Google Scheduler...
2025-04-05 21:09:09 | INFO     | app                  | app.py:66 | Initializing Google Scheduler...
2025-04-05 21:09:10 | INFO     | app                  | app.py:66 | Initializing Google Scheduler...
2025-04-05 21:20:47 | INFO     | app                  | app.py:66 | Initializing Google Scheduler...
2025-04-05 21:20:48 | INFO     | app                  | app.py:66 | Initializing Google Scheduler...
2025-04-05 21:29:59 | INFO     | app                  | app.py:66 | Initializing Google Scheduler...
2025-04-05 21:30:00 | INFO     | app                  | app.py:66 | Initializing Google Scheduler...
2025-04-05 21:40:26 | INFO     | app                  | app.py:66 | Initializing Google Scheduler...
2025-04-05 21:40:27 | INFO     | app                  | app.py:66 | Initializing Google Scheduler...
2025-04-05 22:02:18 | INFO     | app                  | app.py:66 | Initializing Google Scheduler...
2025-04-05 22:02:19 | INFO     | app                  | app.py:66 | Initializing Google Scheduler...
2025-04-05 22:20:59 | INFO     | app                  | app.py:66 | Initializing Google Scheduler...
2025-04-05 22:21:00 | INFO     | app                  | app.py:66 | Initializing Google Scheduler...
2025-04-05 22:29:10 | INFO     | app                  | app.py:66 | Initializing Google Scheduler...
2025-04-05 22:29:12 | INFO     | app                  | app.py:66 | Initializing Google Scheduler...
2025-04-05 22:29:37 | INFO     | app                  | app.py:66 | Initializing Google Scheduler...
2025-04-05 22:29:38 | INFO     | app                  | app.py:66 | Initializing Google Scheduler...
2025-04-05 22:34:29 | INFO     | app                  | app.py:66 | Initializing Google Scheduler...
2025-04-05 22:34:31 | INFO     | app                  | app.py:66 | Initializing Google Scheduler...
2025-04-05 22:35:01 | INFO     | app                  | app.py:66 | Initializing Google Scheduler...
2025-04-05 22:35:02 | INFO     | app                  | app.py:66 | Initializing Google Scheduler...
2025-04-05 22:37:59 | INFO     | app                  | app.py:66 | Initializing Google Scheduler...
2025-04-05 22:38:00 | INFO     | app                  | app.py:66 | Initializing Google Scheduler...
2025-04-05 22:38:22 | INFO     | app                  | app.py:66 | Initializing Google Scheduler...
2025-04-05 22:38:23 | INFO     | app                  | app.py:66 | Initializing Google Scheduler...
2025-04-05 22:47:56 | INFO     | app                  | app.py:66 | Initializing Google Scheduler...
2025-04-05 22:47:57 | INFO     | app                  | app.py:66 | Initializing Google Scheduler...
2025-04-05 22:52:06 | INFO     | app                  | app.py:66 | Initializing Google Scheduler...
2025-04-05 22:52:08 | INFO     | app                  | app.py:66 | Initializing Google Scheduler...
2025-04-05 22:54:50 | INFO     | app                  | app.py:66 | Initializing Google Scheduler...
2025-04-05 22:54:52 | INFO     | app                  | app.py:66 | Initializing Google Scheduler...
2025-04-05 22:55:05 | INFO     | app                  | app.py:66 | Initializing Google Scheduler...
2025-04-05 22:55:06 | INFO     | app                  | app.py:66 | Initializing Google Scheduler...
2025-04-05 23:00:39 | INFO     | app                  | app.py:66 | Initializing Google Scheduler...
2025-04-05 23:00:41 | INFO     | app                  | app.py:66 | Initializing Google Scheduler...
2025-04-05 23:01:53 | INFO     | app                  | app.py:66 | Initializing Google Scheduler...
2025-04-05 23:01:55 | INFO     | app                  | app.py:66 | Initializing Google Scheduler...
2025-04-05 23:02:09 | INFO     | app                  | app.py:66 | Initializing Google Scheduler...
2025-04-05 23:02:11 | INFO     | app                  | app.py:66 | Initializing Google Scheduler...
2025-04-05 23:02:20 | INFO     | app                  | app.py:66 | Initializing Google Scheduler...
2025-04-05 23:02:22 | INFO     | app                  | app.py:66 | Initializing Google Scheduler...
2025-04-05 23:04:39 | INFO     | app                  | app.py:66 | Initializing Google Scheduler...
2025-04-05 23:04:40 | INFO     | app                  | app.py:66 | Initializing Google Scheduler...
2025-04-05 23:06:34 | INFO     | app                  | app.py:66 | Initializing Google Scheduler...
2025-04-05 23:06:35 | INFO     | app                  | app.py:66 | Initializing Google Scheduler...
2025-04-05 23:09:10 | INFO     | app                  | app.py:66 | Initializing Google Scheduler...
2025-04-05 23:09:11 | INFO     | app                  | app.py:66 | Initializing Google Scheduler...
2025-04-05 23:09:32 | INFO     | app                  | app.py:66 | Initializing Google Scheduler...
2025-04-05 23:09:34 | INFO     | app                  | app.py:66 | Initializing Google Scheduler...
2025-04-05 23:10:03 | INFO     | app                  | app.py:66 | Initializing Google Scheduler...
2025-04-05 23:10:05 | INFO     | app                  | app.py:66 | Initializing Google Scheduler...
2025-04-05 23:10:46 | INFO     | app                  | app.py:66 | Initializing Google Scheduler...
2025-04-05 23:10:49 | INFO     | app                  | app.py:66 | Initializing Google Scheduler...
2025-04-05 23:10:58 | INFO     | app                  | app.py:66 | Initializing Google Scheduler...
2025-04-05 23:10:59 | INFO     | app                  | app.py:66 | Initializing Google Scheduler...
2025-04-05 23:11:30 | INFO     | app                  | app.py:66 | Initializing Google Scheduler...
2025-04-05 23:11:31 | INFO     | app                  | app.py:66 | Initializing Google Scheduler...
2025-04-05 23:13:59 | INFO     | app                  | app.py:66 | Initializing Google Scheduler...
2025-04-05 23:14:01 | INFO     | app                  | app.py:66 | Initializing Google Scheduler...
2025-04-05 23:14:42 | INFO     | app                  | app.py:66 | Initializing Google Scheduler...
2025-04-05 23:14:43 | INFO     | app                  | app.py:66 | Initializing Google Scheduler...
2025-04-05 23:15:27 | INFO     | app                  | app.py:66 | Initializing Google Scheduler...
2025-04-05 23:15:28 | INFO     | app                  | app.py:66 | Initializing Google Scheduler...
2025-04-05 23:16:18 | INFO     | app                  | app.py:66 | Initializing Google Scheduler...
2025-04-05 23:16:19 | INFO     | app                  | app.py:66 | Initializing Google Scheduler...
2025-04-05 23:22:43 | INFO     | app                  | app.py:66 | Initializing Google Scheduler...
2025-04-05 23:22:44 | INFO     | app                  | app.py:66 | Initializing Google Scheduler...
2025-04-05 23:35:25 | INFO     | app                  | app.py:66 | Initializing Google Scheduler...
2025-04-05 23:35:26 | INFO     | app                  | app.py:66 | Initializing Google Scheduler...
2025-04-05 23:37:25 | INFO     | app                  | app.py:66 | Initializing Google Scheduler...
2025-04-05 23:37:26 | INFO     | app                  | app.py:66 | Initializing Google Scheduler...
2025-04-05 23:37:45 | INFO     | app                  | app.py:66 | Initializing Google Scheduler...
2025-04-05 23:37:46 | INFO     | app                  | app.py:66 | Initializing Google Scheduler...
2025-04-05 23:46:22 | INFO     | app                  | app.py:66 | Initializing Google Scheduler...
2025-04-05 23:46:23 | INFO     | app                  | app.py:66 | Initializing Google Scheduler...
2025-04-06 00:02:11 | INFO     | app                  | app.py:66 | Initializing Google Scheduler...
2025-04-06 00:02:13 | INFO     | app                  | app.py:66 | Initializing Google Scheduler...
2025-04-06 00:07:44 | INFO     | app                  | app.py:66 | Initializing Google Scheduler...
2025-04-06 00:07:45 | INFO     | app                  | app.py:66 | Initializing Google Scheduler...
2025-04-06 00:26:09 | INFO     | app                  | app.py:66 | Initializing Google Scheduler...
2025-04-06 00:26:11 | INFO     | app                  | app.py:66 | Initializing Google Scheduler...
2025-04-06 00:29:08 | INFO     | app                  | app.py:66 | Initializing Google Scheduler...
2025-04-06 00:29:09 | INFO     | app                  | app.py:66 | Initializing Google Scheduler...
2025-04-06 00:30:09 | INFO     | app                  | app.py:66 | Initializing Google Scheduler...
2025-04-06 00:30:10 | INFO     | app                  | app.py:66 | Initializing Google Scheduler...
2025-04-06 00:37:48 | INFO     | app                  | app.py:66 | Initializing Google Scheduler...
2025-04-06 00:37:49 | INFO     | app                  | app.py:66 | Initializing Google Scheduler...
2025-04-06 00:38:28 | INFO     | app                  | app.py:66 | Initializing Google Scheduler...
2025-04-06 00:38:29 | INFO     | app                  | app.py:66 | Initializing Google Scheduler...
2025-04-06 00:41:34 | INFO     | app                  | app.py:66 | Initializing Google Scheduler...
2025-04-06 00:41:36 | INFO     | app                  | app.py:66 | Initializing Google Scheduler...
2025-04-06 00:41:41 | INFO     | app                  | app.py:66 | Initializing Google Scheduler...
2025-04-06 00:41:42 | INFO     | app                  | app.py:66 | Initializing Google Scheduler...
2025-04-06 00:48:31 | INFO     | app                  | app.py:66 | Initializing Google Scheduler...
2025-04-06 00:48:32 | INFO     | app                  | app.py:66 | Initializing Google Scheduler...
2025-04-06 00:49:08 | INFO     | app                  | app.py:66 | Initializing Google Scheduler...
2025-04-06 00:49:09 | INFO     | app                  | app.py:66 | Initializing Google Scheduler...
2025-04-06 00:53:19 | INFO     | app                  | app.py:66 | Initializing Google Scheduler...
2025-04-06 00:53:21 | INFO     | app                  | app.py:66 | Initializing Google Scheduler...
2025-04-06 00:58:12 | INFO     | app                  | app.py:66 | Initializing Google Scheduler...
2025-04-06 00:58:14 | INFO     | app                  | app.py:66 | Initializing Google Scheduler...
2025-04-06 00:59:25 | INFO     | app                  | app.py:66 | Initializing Google Scheduler...
2025-04-06 00:59:27 | INFO     | app                  | app.py:66 | Initializing Google Scheduler...
2025-04-06 00:59:28 | INFO     | app                  | app.py:66 | Initializing Google Scheduler...
2025-04-06 01:01:32 | INFO     | app                  | app.py:66 | Initializing Google Scheduler...
2025-04-06 01:01:33 | INFO     | app                  | app.py:66 | Initializing Google Scheduler...
2025-04-06 01:02:57 | INFO     | app                  | app.py:66 | Initializing Google Scheduler...
2025-04-06 01:02:59 | INFO     | app                  | app.py:66 | Initializing Google Scheduler...
2025-04-06 01:05:47 | INFO     | app                  | app.py:66 | Initializing Google Scheduler...
2025-04-06 01:05:48 | INFO     | app                  | app.py:66 | Initializing Google Scheduler...
2025-04-06 01:12:44 | INFO     | app                  | app.py:66 | Initializing Google Scheduler...
2025-04-06 01:12:45 | INFO     | app                  | app.py:66 | Initializing Google Scheduler...
2025-04-06 01:15:53 | INFO     | app                  | app.py:66 | Initializing Google Scheduler...
2025-04-06 01:15:54 | INFO     | app                  | app.py:66 | Initializing Google Scheduler...
2025-04-06 01:23:00 | INFO     | app                  | app.py:66 | Initializing Google Scheduler...
2025-04-06 01:23:01 | INFO     | app                  | app.py:66 | Initializing Google Scheduler...
2025-04-06 01:25:06 | INFO     | app                  | app.py:66 | Initializing Google Scheduler...
2025-04-06 01:25:07 | INFO     | app                  | app.py:66 | Initializing Google Scheduler...
2025-04-06 01:25:21 | INFO     | app                  | app.py:66 | Initializing Google Scheduler...
2025-04-06 01:25:23 | INFO     | app                  | app.py:66 | Initializing Google Scheduler...
2025-04-06 01:25:32 | INFO     | app                  | app.py:66 | Initializing Google Scheduler...
2025-04-06 01:25:34 | INFO     | app                  | app.py:66 | Initializing Google Scheduler...
2025-04-06 01:25:41 | INFO     | app                  | app.py:66 | Initializing Google Scheduler...
2025-04-06 01:25:43 | INFO     | app                  | app.py:66 | Initializing Google Scheduler...
2025-04-06 01:26:03 | INFO     | app                  | app.py:66 | Initializing Google Scheduler...
2025-04-06 01:26:04 | INFO     | app                  | app.py:66 | Initializing Google Scheduler...
2025-04-06 01:26:51 | INFO     | app                  | app.py:66 | Initializing Google Scheduler...
2025-04-06 01:26:52 | INFO     | app                  | app.py:66 | Initializing Google Scheduler...
2025-04-06 01:28:18 | INFO     | app                  | app.py:66 | Initializing Google Scheduler...
2025-04-06 01:28:19 | INFO     | app                  | app.py:66 | Initializing Google Scheduler...
2025-04-06 01:28:36 | INFO     | app                  | app.py:66 | Initializing Google Scheduler...
2025-04-06 01:28:37 | INFO     | app                  | app.py:66 | Initializing Google Scheduler...
2025-04-06 01:33:12 | INFO     | app                  | app.py:66 | Initializing Google Scheduler...
2025-04-06 01:33:13 | INFO     | app                  | app.py:66 | Initializing Google Scheduler...
2025-04-06 01:35:47 | INFO     | app                  | app.py:66 | Initializing Google Scheduler...
2025-04-06 01:35:49 | INFO     | app                  | app.py:66 | Initializing Google Scheduler...
2025-04-06 01:38:58 | INFO     | app                  | app.py:66 | Initializing Google Scheduler...
2025-04-06 01:39:00 | INFO     | app                  | app.py:66 | Initializing Google Scheduler...
2025-04-06 01:41:46 | INFO     | app                  | app.py:66 | Initializing Google Scheduler...
2025-04-06 01:41:47 | INFO     | app                  | app.py:66 | Initializing Google Scheduler...
2025-04-06 01:44:50 | INFO     | app                  | app.py:66 | Initializing Google Scheduler...
2025-04-06 01:44:51 | INFO     | app                  | app.py:66 | Initializing Google Scheduler...
2025-04-06 01:47:48 | INFO     | app                  | app.py:66 | Initializing Google Scheduler...
2025-04-06 01:47:49 | INFO     | app                  | app.py:66 | Initializing Google Scheduler...
2025-04-06 01:53:41 | INFO     | app                  | app.py:66 | Initializing Google Scheduler...
2025-04-06 01:53:42 | INFO     | app                  | app.py:66 | Initializing Google Scheduler...
2025-04-06 01:59:27 | INFO     | app                  | app.py:66 | Initializing Google Scheduler...
2025-04-06 01:59:29 | INFO     | app                  | app.py:66 | Initializing Google Scheduler...
2025-04-06 02:03:47 | INFO     | app                  | app.py:66 | Initializing Google Scheduler...
2025-04-06 02:03:49 | INFO     | app                  | app.py:66 | Initializing Google Scheduler...
2025-04-06 02:10:49 | INFO     | app                  | app.py:66 | Initializing Google Scheduler...
2025-04-06 02:10:51 | INFO     | app                  | app.py:66 | Initializing Google Scheduler...
2025-04-06 02:14:11 | INFO     | app                  | app.py:66 | Initializing Google Scheduler...
2025-04-06 02:14:12 | INFO     | app                  | app.py:66 | Initializing Google Scheduler...
2025-04-06 02:17:10 | INFO     | app                  | app.py:66 | Initializing Google Scheduler...
2025-04-06 02:17:11 | INFO     | app                  | app.py:66 | Initializing Google Scheduler...
2025-04-06 02:19:00 | INFO     | app                  | app.py:66 | Initializing Google Scheduler...
2025-04-06 02:19:02 | INFO     | app                  | app.py:66 | Initializing Google Scheduler...
2025-04-06 02:21:07 | INFO     | app                  | app.py:66 | Initializing Google Scheduler...
2025-04-06 02:21:09 | INFO     | app                  | app.py:66 | Initializing Google Scheduler...
2025-04-06 02:21:39 | INFO     | app                  | app.py:66 | Initializing Google Scheduler...
2025-04-06 02:21:40 | INFO     | app                  | app.py:66 | Initializing Google Scheduler...
2025-04-06 02:24:45 | INFO     | app                  | app.py:66 | Initializing Google Scheduler...
2025-04-06 02:24:46 | INFO     | app                  | app.py:66 | Initializing Google Scheduler...
2025-04-06 02:27:32 | INFO     | app                  | app.py:66 | Initializing Google Scheduler...
2025-04-06 02:27:33 | INFO     | app                  | app.py:66 | Initializing Google Scheduler...
2025-04-06 02:31:13 | INFO     | app                  | app.py:66 | Initializing Google Scheduler...
2025-04-06 02:31:14 | INFO     | app                  | app.py:66 | Initializing Google Scheduler...
2025-04-06 02:34:29 | INFO     | app                  | app.py:66 | Initializing Google Scheduler...
2025-04-06 02:34:30 | INFO     | app                  | app.py:66 | Initializing Google Scheduler...
2025-04-06 02:35:51 | INFO     | app                  | app.py:66 | Initializing Google Scheduler...
2025-04-06 02:35:52 | INFO     | app                  | app.py:66 | Initializing Google Scheduler...
2025-04-06 02:38:48 | INFO     | app                  | app.py:66 | Initializing Google Scheduler...
2025-04-06 02:38:49 | INFO     | app                  | app.py:66 | Initializing Google Scheduler...
2025-04-06 02:42:49 | INFO     | app                  | app.py:66 | Initializing Google Scheduler...
2025-04-06 02:43:31 | INFO     | app                  | app.py:66 | Initializing Google Scheduler...
2025-04-06 02:44:09 | INFO     | app                  | app.py:66 | Initializing Google Scheduler...
2025-04-06 02:45:25 | INFO     | app                  | app.py:66 | Initializing Google Scheduler...
2025-04-06 02:45:46 | INFO     | app                  | app.py:66 | Initializing Google Scheduler...
2025-04-06 02:46:08 | INFO     | app                  | app.py:66 | Initializing Google Scheduler...
2025-04-06 02:46:51 | INFO     | app                  | app.py:66 | Initializing Google Scheduler...
2025-04-06 02:46:52 | INFO     | app                  | app.py:66 | Initializing Google Scheduler...
2025-04-06 02:47:19 | INFO     | app                  | app.py:66 | Initializing Google Scheduler...
2025-04-06 02:47:20 | INFO     | app                  | app.py:66 | Initializing Google Scheduler...
2025-04-06 02:47:26 | INFO     | app                  | app.py:213 | Received task form data: ImmutableMultiDict([])
2025-04-06 02:47:26 | INFO     | app                  | app.py:222 | Creating new task with repeat params: days=None, start=None, end=None
2025-04-06 02:47:37 | INFO     | app                  | app.py:213 | Received task form data: ImmutableMultiDict([('date', '2025-04-28'), ('task', '3434'), ('time', '12:00'), ('priority', '1'), ('repeat_enabled', 'on'), ('repeat_days', '1'), ('repeat_start', '2025-04-28')])
2025-04-06 02:47:37 | INFO     | app                  | app.py:222 | Creating new task with repeat params: days=1, start=2025-04-28, end=None
2025-04-06 02:47:37 | INFO     | app                  | app.py:213 | Received task form data: ImmutableMultiDict([])
2025-04-06 02:47:37 | INFO     | app                  | app.py:222 | Creating new task with repeat params: days=None, start=None, end=None
2025-04-06 02:49:05 | INFO     | app                  | app.py:66 | Initializing Google Scheduler...
2025-04-06 02:49:06 | INFO     | app                  | app.py:66 | Initializing Google Scheduler...
2025-04-06 02:51:27 | INFO     | app                  | app.py:66 | Initializing Google Scheduler...
2025-04-08 02:34:01 | INFO     | app                  | app.py:55 | Initializing Google Scheduler...
2025-04-08 02:34:03 | INFO     | app                  | app.py:55 | Initializing Google Scheduler...
2025-04-08 02:34:07 | INFO     | app                  | app.py:202 | Received task form data: ImmutableMultiDict([])
2025-04-08 02:34:07 | INFO     | app                  | app.py:326 | Tasks data for day 2025-4-8: [{'id': 1172, 'task': 'f', 'time': '12:00', 'created': '2025-04-08 02:07:19', 'repeat_days': None, 'repeat_start': None, 'repeat_end': None, 'priority': 1, 'category_ids': []}]
2025-04-08 02:34:13 | INFO     | app                  | app.py:202 | Received task form data: ImmutableMultiDict([])
2025-04-08 02:34:13 | INFO     | app                  | app.py:326 | Tasks data for day 2025-4-9: [{'id': 1176, 'task': 'к', 'time': '12:00', 'created': '2025-04-08 02:17:56', 'repeat_days': None, 'repeat_start': None, 'repeat_end': None, 'priority': 1, 'category_ids': []}]
2025-04-08 02:34:16 | INFO     | app                  | app.py:202 | Received task form data: ImmutableMultiDict([])
2025-04-08 02:34:16 | INFO     | app                  | app.py:326 | Tasks data for day 2025-4-8: [{'id': 1172, 'task': 'f', 'time': '12:00', 'created': '2025-04-08 02:07:19', 'repeat_days': None, 'repeat_start': None, 'repeat_end': None, 'priority': 1, 'category_ids': []}]
2025-04-08 02:34:25 | INFO     | app                  | app.py:202 | Received task form data: ImmutableMultiDict([('date', '2025-04-08'), ('task', '545'), ('time', '12:05'), ('priority', '1'), ('repeat_days', '1'), ('repeat_start', '2025-04-08'), ('repeat_end', '')])
2025-04-08 02:34:25 | INFO     | app                  | app.py:202 | Received task form data: ImmutableMultiDict([])
2025-04-08 02:34:25 | INFO     | app                  | app.py:326 | Tasks data for day 2025-4-8: [{'id': 1172, 'task': 'f', 'time': '12:00', 'created': '2025-04-08 02:07:19', 'repeat_days': None, 'repeat_start': None, 'repeat_end': None, 'priority': 1, 'category_ids': []}, {'id': 1178, 'task': '545', 'time': '12:05', 'created': '2025-04-07 23:34:25', 'repeat_days': None, 'repeat_start': None, 'repeat_end': None, 'priority': 1, 'category_ids': []}]
2025-04-08 02:34:33 | INFO     | app                  | app.py:202 | Received task form data: ImmutableMultiDict([('date', '2025-04-08'), ('task', '545'), ('time', '12:00'), ('priority', '2'), ('repeat_days', '1'), ('repeat_start', '2025-04-08'), ('repeat_end', '')])
2025-04-08 02:34:33 | INFO     | app                  | app.py:202 | Received task form data: ImmutableMultiDict([])
2025-04-08 02:34:33 | INFO     | app                  | app.py:326 | Tasks data for day 2025-4-8: [{'id': 1179, 'task': '545', 'time': '12:00', 'created': '2025-04-07 23:34:33', 'repeat_days': None, 'repeat_start': None, 'repeat_end': None, 'priority': 2, 'category_ids': []}, {'id': 1172, 'task': 'f', 'time': '12:00', 'created': '2025-04-08 02:07:19', 'repeat_days': None, 'repeat_start': None, 'repeat_end': None, 'priority': 1, 'category_ids': []}, {'id': 1178, 'task': '545', 'time': '12:05', 'created': '2025-04-07 23:34:25', 'repeat_days': None, 'repeat_start': None, 'repeat_end': None, 'priority': 1, 'category_ids': []}]
2025-04-08 02:34:39 | INFO     | app                  | app.py:202 | Received task form data: ImmutableMultiDict([('date', '2025-04-08'), ('task', '6456'), ('time', '12:00'), ('priority', '1'), ('repeat_enabled', 'on'), ('repeat_days', '1'), ('repeat_start', '2025-04-08'), ('repeat_end', '')])
2025-04-08 02:34:39 | INFO     | app                  | app.py:202 | Received task form data: ImmutableMultiDict([])
2025-04-08 02:34:39 | INFO     | app                  | app.py:326 | Tasks data for day 2025-4-8: [{'id': 1179, 'task': '545', 'time': '12:00', 'created': '2025-04-07 23:34:33', 'repeat_days': None, 'repeat_start': None, 'repeat_end': None, 'priority': 2, 'category_ids': []}, {'id': 1180, 'task': '6456', 'time': '12:00', 'created': '2025-04-07 23:34:39', 'repeat_days': 1, 'repeat_start': '2025-04-08', 'repeat_end': '', 'priority': 1, 'category_ids': []}, {'id': 1172, 'task': 'f', 'time': '12:00', 'created': '2025-04-08 02:07:19', 'repeat_days': None, 'repeat_start': None, 'repeat_end': None, 'priority': 1, 'category_ids': []}, {'id': 1178, 'task': '545', 'time': '12:05', 'created': '2025-04-07 23:34:25', 'repeat_days': None, 'repeat_start': None, 'repeat_end': None, 'priority': 1, 'category_ids': []}]
2025-04-08 02:34:45 | INFO     | app                  | app.py:202 | Received task form data: ImmutableMultiDict([('task_id', '1180'), ('task', '6456'), ('time', '12:00'), ('priority', '1')])
2025-04-08 02:34:45 | INFO     | app                  | app.py:202 | Received task form data: ImmutableMultiDict([])
2025-04-08 02:34:45 | INFO     | app                  | app.py:326 | Tasks data for day 2025-4-8: [{'id': 1179, 'task': '545', 'time': '12:00', 'created': '2025-04-07 23:34:33', 'repeat_days': None, 'repeat_start': None, 'repeat_end': None, 'priority': 2, 'category_ids': []}, {'id': 1180, 'task': '6456', 'time': '12:00', 'created': '2025-04-07 23:34:39', 'repeat_days': None, 'repeat_start': None, 'repeat_end': None, 'priority': 1, 'category_ids': []}, {'id': 1172, 'task': 'f', 'time': '12:00', 'created': '2025-04-08 02:07:19', 'repeat_days': None, 'repeat_start': None, 'repeat_end': None, 'priority': 1, 'category_ids': []}, {'id': 1178, 'task': '545', 'time': '12:05', 'created': '2025-04-07 23:34:25', 'repeat_days': None, 'repeat_start': None, 'repeat_end': None, 'priority': 1, 'category_ids': []}]
2025-04-08 02:34:51 | INFO     | app                  | app.py:202 | Received task form data: ImmutableMultiDict([])
2025-04-08 02:34:51 | INFO     | app                  | app.py:326 | Tasks data for day 2025-4-14: []
2025-04-08 02:34:56 | INFO     | app                  | app.py:202 | Received task form data: ImmutableMultiDict([('date', '2025-04-14'), ('task', '123'), ('time', '12:00'), ('priority', '1'), ('repeat_days', '1'), ('repeat_start', '2025-04-14'), ('repeat_end', '')])
2025-04-08 02:34:56 | INFO     | app                  | app.py:202 | Received task form data: ImmutableMultiDict([])
2025-04-08 02:34:56 | INFO     | app                  | app.py:326 | Tasks data for day 2025-4-14: [{'id': 1181, 'task': '123', 'time': '12:00', 'created': '2025-04-07 23:34:56', 'repeat_days': None, 'repeat_start': None, 'repeat_end': None, 'priority': 1, 'category_ids': []}]
2025-04-08 02:35:02 | INFO     | app                  | app.py:202 | Received task form data: ImmutableMultiDict([])
2025-04-08 02:35:02 | INFO     | app                  | app.py:326 | Tasks data for day 2025-4-14: []
2025-04-08 02:37:49 | INFO     | app                  | app.py:55 | Initializing Google Scheduler...
2025-04-08 02:37:50 | INFO     | app                  | app.py:55 | Initializing Google Scheduler...
2025-04-08 02:38:10 | INFO     | app                  | app.py:55 | Initializing Google Scheduler...
2025-04-08 02:38:12 | INFO     | app                  | app.py:55 | Initializing Google Scheduler...
2025-04-08 02:40:06 | INFO     | app                  | app.py:61 | Initializing Google Scheduler...
2025-04-08 02:40:08 | INFO     | app                  | app.py:61 | Initializing Google Scheduler...
2025-04-08 02:41:06 | INFO     | app                  | app.py:208 | Received task form data: ImmutableMultiDict([])
2025-04-08 02:41:06 | INFO     | app                  | app.py:332 | Tasks data for day 2025-4-9: [{'id': 1176, 'task': 'к', 'time': '12:00', 'created': '2025-04-08 02:17:56', 'repeat_days': None, 'repeat_start': None, 'repeat_end': None, 'priority': 1, 'category_ids': []}]
2025-04-08 02:41:24 | INFO     | app                  | app.py:61 | Initializing Google Scheduler...
2025-04-08 02:41:31 | INFO     | app                  | app.py:61 | Initializing Google Scheduler...
2025-04-08 02:41:31 | INFO     | app                  | app.py:61 | Initializing Google Scheduler...
2025-04-08 02:42:14 | INFO     | app                  | app.py:61 | Initializing Google Scheduler...
2025-04-08 02:42:14 | INFO     | app                  | app.py:61 | Initializing Google Scheduler...
2025-04-08 02:43:11 | INFO     | app                  | app.py:61 | Initializing Google Scheduler...
2025-04-08 02:43:11 | INFO     | app                  | app.py:61 | Initializing Google Scheduler...
2025-04-08 02:47:58 | INFO     | web.app              | app.py:61 | Initializing Google Scheduler...
2025-04-08 02:50:26 | INFO     | app                  | app.py:61 | Initializing Google Scheduler...
2025-04-08 02:50:26 | INFO     | app                  | app.py:61 | Initializing Google Scheduler...
2025-04-08 02:51:40 | INFO     | app                  | app.py:61 | Initializing Google Scheduler...
2025-04-08 02:51:41 | INFO     | app                  | app.py:61 | Initializing Google Scheduler...
2025-04-08 02:52:22 | INFO     | app                  | app.py:61 | Initializing Google Scheduler...
2025-04-08 02:52:22 | INFO     | app                  | app.py:61 | Initializing Google Scheduler...
2025-04-08 02:52:47 | INFO     | app                  | app.py:61 | Initializing Google Scheduler...
2025-04-08 02:52:48 | INFO     | app                  | app.py:61 | Initializing Google Scheduler...
2025-04-08 02:57:39 | INFO     | app                  | app.py:61 | Initializing Google Scheduler...
2025-04-08 03:02:45 | INFO     | app                  | app.py:61 | Initializing Google Scheduler...
2025-04-08 03:02:46 | INFO     | app                  | app.py:61 | Initializing Google Scheduler...
2025-04-08 03:03:01 | INFO     | app                  | app.py:208 | Received task form data: ImmutableMultiDict([])
2025-04-08 03:03:01 | INFO     | app                  | app.py:332 | Tasks data for day 2025-4-22: [{'id': 892, 'task': 'брекеты', 'time': None, 'created': '2025-04-06 00:04:13.913492', 'repeat_days': None, 'repeat_start': None, 'repeat_end': None, 'priority': 1, 'category_ids': []}]
2025-04-08 03:03:03 | INFO     | app                  | app.py:208 | Received task form data: ImmutableMultiDict([])
2025-04-08 03:03:03 | INFO     | app                  | app.py:332 | Tasks data for day 2025-4-15: []
2025-04-08 03:03:04 | INFO     | app                  | app.py:208 | Received task form data: ImmutableMultiDict([])
2025-04-08 03:03:04 | INFO     | app                  | app.py:332 | Tasks data for day 2025-4-22: [{'id': 892, 'task': 'брекеты', 'time': None, 'created': '2025-04-06 00:04:13.913492', 'repeat_days': None, 'repeat_start': None, 'repeat_end': None, 'priority': 1, 'category_ids': []}]
2025-04-08 03:04:36 | INFO     | app                  | app.py:208 | Received task form data: ImmutableMultiDict([])
2025-04-08 03:04:36 | INFO     | app                  | app.py:332 | Tasks data for day 2025-4-9: []
2025-04-08 03:04:38 | INFO     | app                  | app.py:208 | Received task form data: ImmutableMultiDict([])
2025-04-08 03:04:38 | INFO     | app                  | app.py:332 | Tasks data for day 2025-4-14: []
2025-04-08 03:04:38 | INFO     | app                  | app.py:208 | Received task form data: ImmutableMultiDict([])
2025-04-08 03:04:38 | INFO     | app                  | app.py:332 | Tasks data for day 2025-4-15: []
2025-04-08 03:14:30 | INFO     | app                  | app.py:61 | Initializing Google Scheduler...
2025-04-08 03:14:32 | INFO     | app                  | app.py:61 | Initializing Google Scheduler...
2025-04-08 05:28:07 | INFO     | app                  | app.py:61 | Initializing Google Scheduler...
2025-04-08 05:28:08 | INFO     | app                  | app.py:61 | Initializing Google Scheduler...
2025-04-08 05:28:12 | INFO     | app                  | app.py:208 | Received task form data: ImmutableMultiDict([])
2025-04-08 05:28:12 | INFO     | app                  | app.py:332 | Tasks data for day 2025-4-15: [{'id': 35, 'task': 'ит', 'time': '12:45', 'created': '2025-04-08 01:53:44', 'repeat_days': None, 'repeat_start': None, 'repeat_end': None, 'priority': 1, 'category_ids': []}]
2025-04-08 05:28:15 | INFO     | app                  | app.py:208 | Received task form data: ImmutableMultiDict([])
2025-04-08 05:28:15 | INFO     | app                  | app.py:332 | Tasks data for day 2025-4-16: [{'id': 43, 'task': '5yrty', 'time': '12:00', 'created': '2025-04-08 02:12:11', 'repeat_days': None, 'repeat_start': None, 'repeat_end': None, 'priority': 1, 'category_ids': []}, {'id': 44, 'task': 'rty', 'time': '12:00', 'created': '2025-04-08 02:12:17', 'repeat_days': None, 'repeat_start': None, 'repeat_end': None, 'priority': 1, 'category_ids': []}]
2025-04-08 05:28:16 | INFO     | app                  | app.py:208 | Received task form data: ImmutableMultiDict([])
2025-04-08 05:28:16 | INFO     | app                  | app.py:332 | Tasks data for day 2025-4-9: [{'id': 45, 'task': '1', 'time': '12:00', 'created': '2025-04-08 02:12:38', 'repeat_days': None, 'repeat_start': None, 'repeat_end': None, 'priority': 1, 'category_ids': []}, {'id': 46, 'task': 'о', 'time': '12:00', 'created': '2025-04-08 02:13:53', 'repeat_days': None, 'repeat_start': None, 'repeat_end': None, 'priority': 1, 'category_ids': []}]
2025-04-08 05:28:17 | INFO     | app                  | app.py:208 | Received task form data: ImmutableMultiDict([])
2025-04-08 05:28:17 | INFO     | app                  | app.py:332 | Tasks data for day 2025-4-10: [{'id': 1, 'task': 'test', 'time': None, 'created': '2025-04-08 04:09:24.338685', 'repeat_days': None, 'repeat_start': None, 'repeat_end': None, 'priority': 1, 'category_ids': []}, {'id': 16, 'task': 'test', 'time': None, 'created': '2025-04-08 04:21:53.699052', 'repeat_days': None, 'repeat_start': None, 'repeat_end': None, 'priority': 1, 'category_ids': []}]
2025-04-08 05:29:06 | INFO     | app                  | app.py:61 | Initializing Google Scheduler...
2025-04-08 05:29:07 | INFO     | app                  | app.py:61 | Initializing Google Scheduler...
2025-04-08 05:36:44 | INFO     | app                  | app.py:69 | Initializing Google Scheduler...
2025-04-08 05:36:45 | INFO     | app                  | app.py:69 | Initializing Google Scheduler...
2025-04-08 05:37:33 | INFO     | app                  | app.py:69 | Initializing Google Scheduler...
2025-04-08 05:37:34 | INFO     | app                  | app.py:69 | Initializing Google Scheduler...
2025-04-08 05:39:39 | INFO     | app                  | app.py:69 | Initializing Google Scheduler...
2025-04-08 05:39:40 | INFO     | app                  | app.py:69 | Initializing Google Scheduler...
2025-04-08 05:41:24 | INFO     | app                  | app.py:65 | Initializing Google Scheduler...
2025-04-08 05:41:26 | INFO     | app                  | app.py:65 | Initializing Google Scheduler...
2025-04-08 05:42:20 | INFO     | app                  | app.py:212 | Received task form data: ImmutableMultiDict([])
2025-04-08 05:42:20 | INFO     | app                  | app.py:336 | Tasks data for day 2025-4-9: [{'id': 45, 'task': '1', 'time': '12:00', 'created': '2025-04-08 02:12:38', 'repeat_days': None, 'repeat_start': None, 'repeat_end': None, 'priority': 1, 'category_ids': []}, {'id': 46, 'task': 'о', 'time': '12:00', 'created': '2025-04-08 02:13:53', 'repeat_days': None, 'repeat_start': None, 'repeat_end': None, 'priority': 1, 'category_ids': []}]
2025-04-08 05:42:24 | INFO     | app                  | app.py:212 | Received task form data: ImmutableMultiDict([('delete', '45')])
2025-04-08 05:42:24 | INFO     | app                  | app.py:212 | Received task form data: ImmutableMultiDict([])
2025-04-08 05:42:24 | INFO     | app                  | app.py:336 | Tasks data for day 2025-4-9: [{'id': 46, 'task': 'о', 'time': '12:00', 'created': '2025-04-08 02:13:53', 'repeat_days': None, 'repeat_start': None, 'repeat_end': None, 'priority': 1, 'category_ids': []}]
2025-04-08 05:42:28 | INFO     | app                  | app.py:212 | Received task form data: ImmutableMultiDict([('date', '2025-04-09'), ('task', 'bnmbn'), ('time', '12:00'), ('priority', '1'), ('repeat_days', '1'), ('repeat_start', '2025-04-09'), ('repeat_end', '')])
2025-04-08 05:42:28 | INFO     | app                  | app.py:212 | Received task form data: ImmutableMultiDict([])
2025-04-08 05:42:28 | INFO     | app                  | app.py:336 | Tasks data for day 2025-4-9: [{'id': 46, 'task': 'о', 'time': '12:00', 'created': '2025-04-08 02:13:53', 'repeat_days': None, 'repeat_start': None, 'repeat_end': None, 'priority': 1, 'category_ids': []}, {'id': 48, 'task': 'bnmbn', 'time': '12:00', 'created': '2025-04-08 02:42:28', 'repeat_days': None, 'repeat_start': None, 'repeat_end': None, 'priority': 1, 'category_ids': []}]
2025-04-08 05:42:32 | INFO     | app                  | app.py:212 | Received task form data: ImmutableMultiDict([('task_id', '48'), ('task', 'bnmbn'), ('time', '12:00'), ('priority', '1'), ('repeat_enabled', 'on'), ('repeat_days', '1'), ('repeat_start', '2025-04-09'), ('repeat_end', '')])
2025-04-08 05:42:32 | INFO     | app                  | app.py:212 | Received task form data: ImmutableMultiDict([])
2025-04-08 05:42:32 | INFO     | app                  | app.py:336 | Tasks data for day 2025-4-9: [{'id': 46, 'task': 'о', 'time': '12:00', 'created': '2025-04-08 02:13:53', 'repeat_days': None, 'repeat_start': None, 'repeat_end': None, 'priority': 1, 'category_ids': []}, {'id': 48, 'task': 'bnmbn', 'time': '12:00', 'created': '2025-04-08 02:42:28', 'repeat_days': 1, 'repeat_start': '2025-04-09', 'repeat_end': '', 'priority': 1, 'category_ids': []}]
2025-04-08 05:42:36 | INFO     | app                  | app.py:212 | Received task form data: ImmutableMultiDict([])
2025-04-08 05:42:36 | INFO     | app                  | app.py:336 | Tasks data for day 2025-4-9: [{'id': 46, 'task': 'о', 'time': '12:00', 'created': '2025-04-08 02:13:53', 'repeat_days': None, 'repeat_start': None, 'repeat_end': None, 'priority': 1, 'category_ids': []}]
2025-04-08 05:42:37 | INFO     | app                  | app.py:212 | Received task form data: ImmutableMultiDict([])
2025-04-08 05:42:37 | INFO     | app                  | app.py:336 | Tasks data for day 2025-4-16: [{'id': 43, 'task': '5yrty', 'time': '12:00', 'created': '2025-04-08 02:12:11', 'repeat_days': None, 'repeat_start': None, 'repeat_end': None, 'priority': 1, 'category_ids': []}, {'id': 44, 'task': 'rty', 'time': '12:00', 'created': '2025-04-08 02:12:17', 'repeat_days': None, 'repeat_start': None, 'repeat_end': None, 'priority': 1, 'category_ids': []}]
2025-04-08 05:42:38 | INFO     | app                  | app.py:212 | Received task form data: ImmutableMultiDict([])
2025-04-08 05:42:38 | INFO     | app                  | app.py:336 | Tasks data for day 2025-4-16: [{'id': 43, 'task': '5yrty', 'time': '12:00', 'created': '2025-04-08 02:12:11', 'repeat_days': None, 'repeat_start': None, 'repeat_end': None, 'priority': 1, 'category_ids': []}]
2025-04-08 08:16:29 | INFO     | app                  | app.py:212 | Received task form data: ImmutableMultiDict([])
2025-04-08 08:16:29 | INFO     | app                  | app.py:336 | Tasks data for day 2025-4-2: []
2025-04-08 08:16:31 | INFO     | app                  | app.py:212 | Received task form data: ImmutableMultiDict([('date', '2025-04-02'), ('task', ' имтмт'), ('time', '12:00'), ('priority', '1'), ('repeat_days', '1'), ('repeat_start', '2025-04-02'), ('repeat_end', '')])
2025-04-08 08:16:31 | INFO     | app                  | app.py:212 | Received task form data: ImmutableMultiDict([])
2025-04-08 08:16:31 | INFO     | app                  | app.py:336 | Tasks data for day 2025-4-2: [{'id': 49, 'task': ' имтмт', 'time': '12:00', 'created': '2025-04-08 05:16:31', 'repeat_days': None, 'repeat_start': None, 'repeat_end': None, 'priority': 1, 'category_ids': []}]
2025-04-08 08:16:35 | INFO     | app                  | app.py:212 | Received task form data: ImmutableMultiDict([('delete', '49')])
2025-04-08 08:16:35 | INFO     | app                  | app.py:212 | Received task form data: ImmutableMultiDict([])
2025-04-08 08:16:35 | INFO     | app                  | app.py:336 | Tasks data for day 2025-4-2: []
2025-04-08 08:16:40 | INFO     | app                  | app.py:212 | Received task form data: ImmutableMultiDict([('date', '2025-04-02'), ('task', ' апр'), ('time', '12:00'), ('priority', '1'), ('repeat_days', '1'), ('repeat_start', '2025-04-02'), ('repeat_end', '')])
2025-04-08 08:16:40 | INFO     | app                  | app.py:212 | Received task form data: ImmutableMultiDict([])
2025-04-08 08:16:40 | INFO     | app                  | app.py:336 | Tasks data for day 2025-4-2: [{'id': 50, 'task': ' апр', 'time': '12:00', 'created': '2025-04-08 05:16:40', 'repeat_days': None, 'repeat_start': None, 'repeat_end': None, 'priority': 1, 'category_ids': []}]
2025-04-08 08:16:45 | INFO     | app                  | app.py:212 | Received task form data: ImmutableMultiDict([])
2025-04-08 08:16:45 | INFO     | app                  | app.py:336 | Tasks data for day 2025-4-2: []
2025-04-08 08:16:50 | INFO     | app                  | app.py:212 | Received task form data: ImmutableMultiDict([])
2025-04-08 08:16:50 | INFO     | app                  | app.py:336 | Tasks data for day 2025-4-2: []
2025-04-08 08:19:57 | INFO     | app                  | app.py:212 | Received task form data: ImmutableMultiDict([])
2025-04-08 08:19:57 | INFO     | app                  | app.py:336 | Tasks data for day 2025-4-8: []
2025-04-08 08:19:57 | INFO     | app                  | app.py:212 | Received task form data: ImmutableMultiDict([])
2025-04-08 08:19:57 | INFO     | app                  | app.py:336 | Tasks data for day 2025-4-9: [{'id': 46, 'task': 'о', 'time': '12:00', 'created': '2025-04-08 02:13:53', 'repeat_days': None, 'repeat_start': None, 'repeat_end': None, 'priority': 1, 'category_ids': []}]
2025-04-08 08:23:49 | INFO     | app                  | app.py:65 | Initializing Google Scheduler...
2025-04-08 08:24:03 | INFO     | app                  | app.py:65 | Initializing Google Scheduler...
2025-04-08 08:28:13 | INFO     | app                  | app.py:65 | Initializing Google Scheduler...
2025-04-08 08:28:14 | INFO     | app                  | app.py:65 | Initializing Google Scheduler...
2025-04-08 08:28:18 | INFO     | app                  | app.py:212 | Received task form data: ImmutableMultiDict([])
2025-04-08 08:28:18 | INFO     | app                  | app.py:336 | Tasks data for day 2025-4-15: [{'id': 35, 'task': 'ит', 'time': '12:45', 'created': '2025-04-08 01:53:44', 'repeat_days': None, 'repeat_start': None, 'repeat_end': None, 'priority': 1, 'category_ids': []}]
2025-04-08 08:28:18 | ERROR    | app                  | app.py:551 | Error fetching completed tasks: no such column: year
2025-04-08 08:28:18 | ERROR    | app                  | app.py:551 | Error fetching completed tasks: no such column: year
2025-04-08 08:28:20 | INFO     | app                  | app.py:212 | Received task form data: ImmutableMultiDict([])
2025-04-08 08:28:20 | INFO     | app                  | app.py:336 | Tasks data for day 2025-4-1: [{'id': 30, 'task': '2323', 'time': '12:00', 'created': '2025-04-08 01:47:46', 'repeat_days': None, 'repeat_start': None, 'repeat_end': None, 'priority': 1, 'category_ids': []}, {'id': 31, 'task': '3434', 'time': '12:00', 'created': '2025-04-08 01:47:47', 'repeat_days': None, 'repeat_start': None, 'repeat_end': None, 'priority': 1, 'category_ids': []}]
2025-04-08 08:28:20 | ERROR    | app                  | app.py:551 | Error fetching completed tasks: no such column: year
2025-04-08 08:28:20 | ERROR    | app                  | app.py:551 | Error fetching completed tasks: no such column: year
2025-04-08 08:28:25 | INFO     | app                  | app.py:212 | Received task form data: ImmutableMultiDict([])
2025-04-08 08:28:25 | INFO     | app                  | app.py:336 | Tasks data for day 2025-4-14: [{'id': 33, 'task': 'брекеты', 'time': '12:30', 'created': '2025-04-08 04:48:56.318237', 'repeat_days': None, 'repeat_start': None, 'repeat_end': None, 'priority': 2, 'category_ids': []}, {'id': 47, 'task': 'брекеты', 'time': None, 'created': '2025-04-08 05:18:55.445430', 'repeat_days': None, 'repeat_start': None, 'repeat_end': None, 'priority': 1, 'category_ids': []}]
2025-04-08 08:28:25 | ERROR    | app                  | app.py:551 | Error fetching completed tasks: no such column: year
2025-04-08 08:28:25 | ERROR    | app                  | app.py:551 | Error fetching completed tasks: no such column: year
2025-04-08 08:28:28 | INFO     | app                  | app.py:212 | Received task form data: ImmutableMultiDict([])
2025-04-08 08:28:28 | INFO     | app                  | app.py:336 | Tasks data for day 2025-4-10: [{'id': 1, 'task': 'test', 'time': None, 'created': '2025-04-08 04:09:24.338685', 'repeat_days': None, 'repeat_start': None, 'repeat_end': None, 'priority': 1, 'category_ids': []}, {'id': 16, 'task': 'test', 'time': None, 'created': '2025-04-08 04:21:53.699052', 'repeat_days': None, 'repeat_start': None, 'repeat_end': None, 'priority': 1, 'category_ids': []}]
2025-04-08 08:28:28 | ERROR    | app                  | app.py:551 | Error fetching completed tasks: no such column: year
2025-04-08 08:28:28 | ERROR    | app                  | app.py:551 | Error fetching completed tasks: no such column: year
2025-04-08 08:28:30 | ERROR    | app                  | app.py:526 | Ошибка при выполнении задачи: table completed_tasks has no column named year
2025-04-08 08:29:27 | INFO     | app                  | app.py:65 | Initializing Google Scheduler...
2025-04-08 08:29:29 | INFO     | app                  | app.py:65 | Initializing Google Scheduler...
2025-04-08 08:29:32 | INFO     | app                  | app.py:212 | Received task form data: ImmutableMultiDict([])
2025-04-08 08:29:32 | INFO     | app                  | app.py:336 | Tasks data for day 2025-4-14: [{'id': 33, 'task': 'брекеты', 'time': '12:30', 'created': '2025-04-08 04:48:56.318237', 'repeat_days': None, 'repeat_start': None, 'repeat_end': None, 'priority': 2, 'category_ids': []}, {'id': 47, 'task': 'брекеты', 'time': None, 'created': '2025-04-08 05:18:55.445430', 'repeat_days': None, 'repeat_start': None, 'repeat_end': None, 'priority': 1, 'category_ids': []}]
2025-04-08 08:29:32 | ERROR    | app                  | app.py:551 | Error fetching completed tasks: no such column: year
2025-04-08 08:29:32 | ERROR    | app                  | app.py:551 | Error fetching completed tasks: no such column: year
2025-04-08 08:29:36 | INFO     | app                  | app.py:212 | Received task form data: ImmutableMultiDict([])
2025-04-08 08:29:36 | INFO     | app                  | app.py:336 | Tasks data for day 2025-4-9: [{'id': 46, 'task': 'о', 'time': '12:00', 'created': '2025-04-08 02:13:53', 'repeat_days': None, 'repeat_start': None, 'repeat_end': None, 'priority': 1, 'category_ids': []}]
2025-04-08 08:29:36 | ERROR    | app                  | app.py:551 | Error fetching completed tasks: no such column: year
2025-04-08 08:29:36 | ERROR    | app                  | app.py:551 | Error fetching completed tasks: no such column: year
2025-04-08 08:29:38 | INFO     | app                  | app.py:212 | Received task form data: ImmutableMultiDict([])
2025-04-08 08:29:38 | INFO     | app                  | app.py:336 | Tasks data for day 2025-4-9: []
2025-04-08 08:29:38 | ERROR    | app                  | app.py:551 | Error fetching completed tasks: no such column: year
2025-04-08 08:29:43 | INFO     | app                  | app.py:212 | Received task form data: ImmutableMultiDict([])
2025-04-08 08:29:43 | INFO     | app                  | app.py:336 | Tasks data for day 2025-4-15: [{'id': 35, 'task': 'ит', 'time': '12:45', 'created': '2025-04-08 01:53:44', 'repeat_days': None, 'repeat_start': None, 'repeat_end': None, 'priority': 1, 'category_ids': []}]
2025-04-08 08:29:43 | ERROR    | app                  | app.py:551 | Error fetching completed tasks: no such column: year
2025-04-08 08:29:43 | ERROR    | app                  | app.py:551 | Error fetching completed tasks: no such column: year
2025-04-08 08:29:47 | INFO     | app                  | app.py:212 | Received task form data: ImmutableMultiDict([])
2025-04-08 08:29:47 | INFO     | app                  | app.py:336 | Tasks data for day 2025-4-15: []
2025-04-08 08:29:47 | ERROR    | app                  | app.py:551 | Error fetching completed tasks: no such column: year
2025-04-08 08:31:07 | INFO     | app                  | app.py:65 | Initializing Google Scheduler...
2025-04-08 08:31:08 | INFO     | app                  | app.py:65 | Initializing Google Scheduler...
2025-04-08 08:31:10 | INFO     | app                  | app.py:212 | Received task form data: ImmutableMultiDict([])
2025-04-08 08:31:10 | INFO     | app                  | app.py:336 | Tasks data for day 2025-4-14: [{'id': 33, 'task': 'брекеты', 'time': '12:30', 'created': '2025-04-08 04:48:56.318237', 'repeat_days': None, 'repeat_start': None, 'repeat_end': None, 'priority': 2, 'category_ids': []}, {'id': 47, 'task': 'брекеты', 'time': None, 'created': '2025-04-08 05:18:55.445430', 'repeat_days': None, 'repeat_start': None, 'repeat_end': None, 'priority': 1, 'category_ids': []}]
2025-04-08 08:31:14 | INFO     | app                  | app.py:212 | Received task form data: ImmutableMultiDict([])
2025-04-08 08:31:14 | INFO     | app                  | app.py:336 | Tasks data for day 2025-4-14: [{'id': 47, 'task': 'брекеты', 'time': None, 'created': '2025-04-08 05:18:55.445430', 'repeat_days': None, 'repeat_start': None, 'repeat_end': None, 'priority': 1, 'category_ids': []}]
2025-04-08 08:31:18 | INFO     | app                  | app.py:212 | Received task form data: ImmutableMultiDict([])
2025-04-08 08:31:18 | INFO     | app                  | app.py:336 | Tasks data for day 2025-4-15: []
2025-04-08 08:31:21 | INFO     | app                  | app.py:212 | Received task form data: ImmutableMultiDict([('date', '2025-04-15'), ('task', '1'), ('time', '12:00'), ('priority', '1'), ('repeat_days', '1'), ('repeat_start', '2025-04-15'), ('repeat_end', '')])
2025-04-08 08:31:21 | INFO     | app                  | app.py:212 | Received task form data: ImmutableMultiDict([])
2025-04-08 08:31:21 | INFO     | app                  | app.py:336 | Tasks data for day 2025-4-15: [{'id': 51, 'task': '1', 'time': '12:00', 'created': '2025-04-08 05:31:21', 'repeat_days': None, 'repeat_start': None, 'repeat_end': None, 'priority': 1, 'category_ids': []}]
2025-04-08 08:31:22 | INFO     | app                  | app.py:212 | Received task form data: ImmutableMultiDict([('date', '2025-04-15'), ('task', '2'), ('time', '12:00'), ('priority', '1'), ('repeat_days', '1'), ('repeat_start', '2025-04-15'), ('repeat_end', '')])
2025-04-08 08:31:22 | INFO     | app                  | app.py:212 | Received task form data: ImmutableMultiDict([])
2025-04-08 08:31:22 | INFO     | app                  | app.py:336 | Tasks data for day 2025-4-15: [{'id': 51, 'task': '1', 'time': '12:00', 'created': '2025-04-08 05:31:21', 'repeat_days': None, 'repeat_start': None, 'repeat_end': None, 'priority': 1, 'category_ids': []}, {'id': 52, 'task': '2', 'time': '12:00', 'created': '2025-04-08 05:31:22', 'repeat_days': None, 'repeat_start': None, 'repeat_end': None, 'priority': 1, 'category_ids': []}]
2025-04-08 08:31:23 | INFO     | app                  | app.py:212 | Received task form data: ImmutableMultiDict([])
2025-04-08 08:31:23 | INFO     | app                  | app.py:336 | Tasks data for day 2025-4-15: [{'id': 51, 'task': '1', 'time': '12:00', 'created': '2025-04-08 05:31:21', 'repeat_days': None, 'repeat_start': None, 'repeat_end': None, 'priority': 1, 'category_ids': []}, {'id': 52, 'task': '2', 'time': '12:00', 'created': '2025-04-08 05:31:22', 'repeat_days': None, 'repeat_start': None, 'repeat_end': None, 'priority': 1, 'category_ids': []}]
2025-04-08 08:31:25 | INFO     | app                  | app.py:212 | Received task form data: ImmutableMultiDict([('delete', '51')])
2025-04-08 08:31:25 | INFO     | app                  | app.py:212 | Received task form data: ImmutableMultiDict([])
2025-04-08 08:31:25 | INFO     | app                  | app.py:336 | Tasks data for day 2025-4-15: [{'id': 52, 'task': '2', 'time': '12:00', 'created': '2025-04-08 05:31:22', 'repeat_days': None, 'repeat_start': None, 'repeat_end': None, 'priority': 1, 'category_ids': []}]
2025-04-08 08:31:27 | INFO     | app                  | app.py:212 | Received task form data: ImmutableMultiDict([('delete', '52')])
2025-04-08 08:31:27 | INFO     | app                  | app.py:212 | Received task form data: ImmutableMultiDict([])
2025-04-08 08:31:27 | INFO     | app                  | app.py:336 | Tasks data for day 2025-4-15: []
2025-04-08 08:31:28 | INFO     | app                  | app.py:212 | Received task form data: ImmutableMultiDict([])
2025-04-08 08:31:28 | INFO     | app                  | app.py:336 | Tasks data for day 2025-4-15: []
2025-04-08 08:31:30 | INFO     | app                  | app.py:212 | Received task form data: ImmutableMultiDict([('date', '2025-04-15'), ('task', '2'), ('time', '12:00'), ('priority', '1'), ('repeat_days', '1'), ('repeat_start', '2025-04-15'), ('repeat_end', '')])
2025-04-08 08:31:30 | INFO     | app                  | app.py:212 | Received task form data: ImmutableMultiDict([])
2025-04-08 08:31:30 | INFO     | app                  | app.py:336 | Tasks data for day 2025-4-15: [{'id': 53, 'task': '2', 'time': '12:00', 'created': '2025-04-08 05:31:30', 'repeat_days': None, 'repeat_start': None, 'repeat_end': None, 'priority': 1, 'category_ids': []}]
2025-04-08 08:31:32 | INFO     | app                  | app.py:212 | Received task form data: ImmutableMultiDict([('date', '2025-04-15'), ('task', '3'), ('time', '12:00'), ('priority', '1'), ('repeat_days', '1'), ('repeat_start', '2025-04-15'), ('repeat_end', '')])
2025-04-08 08:31:32 | INFO     | app                  | app.py:212 | Received task form data: ImmutableMultiDict([])
2025-04-08 08:31:32 | INFO     | app                  | app.py:336 | Tasks data for day 2025-4-15: [{'id': 53, 'task': '2', 'time': '12:00', 'created': '2025-04-08 05:31:30', 'repeat_days': None, 'repeat_start': None, 'repeat_end': None, 'priority': 1, 'category_ids': []}, {'id': 54, 'task': '3', 'time': '12:00', 'created': '2025-04-08 05:31:32', 'repeat_days': None, 'repeat_start': None, 'repeat_end': None, 'priority': 1, 'category_ids': []}]
2025-04-08 08:31:33 | INFO     | app                  | app.py:212 | Received task form data: ImmutableMultiDict([])
2025-04-08 08:31:33 | INFO     | app                  | app.py:336 | Tasks data for day 2025-4-15: [{'id': 54, 'task': '3', 'time': '12:00', 'created': '2025-04-08 05:31:32', 'repeat_days': None, 'repeat_start': None, 'repeat_end': None, 'priority': 1, 'category_ids': []}]
2025-04-08 08:31:37 | INFO     | app                  | app.py:212 | Received task form data: ImmutableMultiDict([('delete', '54')])
2025-04-08 08:31:37 | INFO     | app                  | app.py:212 | Received task form data: ImmutableMultiDict([])
2025-04-08 08:31:37 | INFO     | app                  | app.py:336 | Tasks data for day 2025-4-15: []
2025-04-08 12:34:28 | INFO     | app                  | app.py:212 | Received task form data: ImmutableMultiDict([])
2025-04-08 12:34:28 | INFO     | app                  | app.py:336 | Tasks data for day 2025-4-9: []
2025-04-08 12:34:31 | INFO     | app                  | app.py:212 | Received task form data: ImmutableMultiDict([('date', '2025-04-09'), ('task', '1'), ('time', '12:00'), ('priority', '1'), ('repeat_days', '1'), ('repeat_start', '2025-04-09'), ('repeat_end', '')])
2025-04-08 12:34:32 | INFO     | app                  | app.py:212 | Received task form data: ImmutableMultiDict([])
2025-04-08 12:34:32 | INFO     | app                  | app.py:336 | Tasks data for day 2025-4-9: [{'id': 55, 'task': '1', 'time': '12:00', 'created': '2025-04-08 09:34:31', 'repeat_days': None, 'repeat_start': None, 'repeat_end': None, 'priority': 1, 'category_ids': []}]
2025-04-08 12:34:35 | INFO     | app                  | app.py:212 | Received task form data: ImmutableMultiDict([('date', '2025-04-09'), ('task', '2'), ('time', '12:00'), ('priority', '1'), ('repeat_days', '1'), ('repeat_start', '2025-04-09'), ('repeat_end', '')])
2025-04-08 12:34:36 | INFO     | app                  | app.py:212 | Received task form data: ImmutableMultiDict([])
2025-04-08 12:34:36 | INFO     | app                  | app.py:336 | Tasks data for day 2025-4-9: [{'id': 55, 'task': '1', 'time': '12:00', 'created': '2025-04-08 09:34:31', 'repeat_days': None, 'repeat_start': None, 'repeat_end': None, 'priority': 1, 'category_ids': []}, {'id': 56, 'task': '2', 'time': '12:00', 'created': '2025-04-08 09:34:35', 'repeat_days': None, 'repeat_start': None, 'repeat_end': None, 'priority': 1, 'category_ids': []}]
2025-04-08 12:51:09 | INFO     | app                  | app.py:65 | Initializing Google Scheduler...
2025-04-08 12:51:10 | INFO     | app                  | app.py:65 | Initializing Google Scheduler...
2025-04-08 12:51:13 | INFO     | app                  | app.py:212 | Received task form data: ImmutableMultiDict([])
2025-04-08 12:51:13 | INFO     | app                  | app.py:336 | Tasks data for day 2025-4-9: [{'id': 55, 'task': '1', 'time': '12:00', 'created': '2025-04-08 09:34:31', 'repeat_days': None, 'repeat_start': None, 'repeat_end': None, 'priority': 1, 'category_ids': []}, {'id': 56, 'task': '2', 'time': '12:00', 'created': '2025-04-08 09:34:35', 'repeat_days': None, 'repeat_start': None, 'repeat_end': None, 'priority': 1, 'category_ids': []}]
2025-04-08 12:51:17 | INFO     | app                  | app.py:212 | Received task form data: ImmutableMultiDict([])
2025-04-08 12:51:17 | INFO     | app                  | app.py:336 | Tasks data for day 2025-4-8: []
2025-04-08 12:51:19 | INFO     | app                  | app.py:212 | Received task form data: ImmutableMultiDict([])
2025-04-08 12:51:19 | INFO     | app                  | app.py:336 | Tasks data for day 2025-4-9: [{'id': 55, 'task': '1', 'time': '12:00', 'created': '2025-04-08 09:34:31', 'repeat_days': None, 'repeat_start': None, 'repeat_end': None, 'priority': 1, 'category_ids': []}, {'id': 56, 'task': '2', 'time': '12:00', 'created': '2025-04-08 09:34:35', 'repeat_days': None, 'repeat_start': None, 'repeat_end': None, 'priority': 1, 'category_ids': []}]
2025-04-08 12:51:20 | INFO     | app                  | app.py:212 | Received task form data: ImmutableMultiDict([])
2025-04-08 12:51:20 | INFO     | app                  | app.py:336 | Tasks data for day 2025-4-15: []
2025-04-08 12:51:29 | INFO     | app                  | app.py:212 | Received task form data: ImmutableMultiDict([])
2025-04-08 12:51:29 | INFO     | app                  | app.py:336 | Tasks data for day 2025-4-15: []
2025-04-08 12:51:39 | INFO     | app                  | app.py:212 | Received task form data: ImmutableMultiDict([('date', '2025-04-15'), ('task', 'yuo'), ('time', '12:20'), ('priority', '2'), ('repeat_days', '1'), ('repeat_start', '2025-04-15'), ('repeat_end', '')])
2025-04-08 12:51:39 | INFO     | app                  | app.py:212 | Received task form data: ImmutableMultiDict([])
2025-04-08 12:51:39 | INFO     | app                  | app.py:336 | Tasks data for day 2025-4-15: [{'id': 57, 'task': 'yuo', 'time': '12:20', 'created': '2025-04-08 09:51:39', 'repeat_days': None, 'repeat_start': None, 'repeat_end': None, 'priority': 2, 'category_ids': []}]
2025-04-08 12:51:41 | INFO     | app                  | app.py:212 | Received task form data: ImmutableMultiDict([])
2025-04-08 12:51:41 | INFO     | app                  | app.py:336 | Tasks data for day 2025-4-15: []
2025-04-08 12:56:05 | INFO     | app                  | app.py:65 | Initializing Google Scheduler...
2025-04-08 12:57:55 | INFO     | app                  | app.py:65 | Initializing Google Scheduler...
2025-04-08 12:57:56 | INFO     | app                  | app.py:65 | Initializing Google Scheduler...
2025-04-08 12:58:08 | INFO     | app                  | app.py:212 | Received task form data: ImmutableMultiDict([])
2025-04-08 12:58:08 | INFO     | app                  | app.py:336 | Tasks data for day 2025-4-15: []
2025-04-08 12:58:26 | INFO     | app                  | app.py:212 | Received task form data: ImmutableMultiDict([])
2025-04-08 12:58:26 | INFO     | app                  | app.py:336 | Tasks data for day 2025-4-15: []
2025-04-08 12:59:45 | INFO     | app                  | app.py:65 | Initializing Google Scheduler...
2025-04-08 13:06:06 | INFO     | app                  | app.py:65 | Initializing Google Scheduler...
2025-04-08 13:06:07 | INFO     | app                  | app.py:65 | Initializing Google Scheduler...
2025-04-08 13:06:12 | INFO     | app                  | app.py:212 | Received task form data: ImmutableMultiDict([])
2025-04-08 13:06:12 | INFO     | app                  | app.py:336 | Tasks data for day 2025-4-15: []
2025-04-08 13:06:14 | INFO     | app                  | app.py:212 | Received task form data: ImmutableMultiDict([])
2025-04-08 13:06:14 | INFO     | app                  | app.py:336 | Tasks data for day 2025-4-8: []
2025-04-08 13:06:15 | INFO     | app                  | app.py:212 | Received task form data: ImmutableMultiDict([])
2025-04-08 13:06:15 | INFO     | app                  | app.py:336 | Tasks data for day 2025-4-14: [{'id': 47, 'task': 'брекеты', 'time': None, 'created': '2025-04-08 05:18:55.445430', 'repeat_days': None, 'repeat_start': None, 'repeat_end': None, 'priority': 1, 'category_ids': []}]
2025-04-08 13:08:42 | INFO     | app                  | app.py:212 | Received task form data: ImmutableMultiDict([])
2025-04-08 13:08:42 | INFO     | app                  | app.py:336 | Tasks data for day 2025-4-14: [{'id': 33, 'task': 'брекеты', 'time': None, 'created': '2025-04-08 10:08:42', 'repeat_days': None, 'repeat_start': None, 'repeat_end': None, 'priority': 2, 'category_ids': []}, {'id': 47, 'task': 'брекеты', 'time': None, 'created': '2025-04-08 05:18:55.445430', 'repeat_days': None, 'repeat_start': None, 'repeat_end': None, 'priority': 1, 'category_ids': []}]
2025-04-08 13:08:45 | INFO     | app                  | app.py:212 | Received task form data: ImmutableMultiDict([])
2025-04-08 13:08:45 | INFO     | app                  | app.py:336 | Tasks data for day 2025-4-14: [{'id': 47, 'task': 'брекеты', 'time': None, 'created': '2025-04-08 05:18:55.445430', 'repeat_days': None, 'repeat_start': None, 'repeat_end': None, 'priority': 1, 'category_ids': []}]
2025-04-08 14:10:18 | INFO     | app                  | app.py:65 | Initializing Google Scheduler...
2025-04-08 14:10:19 | INFO     | app                  | app.py:65 | Initializing Google Scheduler...
2025-04-08 14:10:25 | INFO     | app                  | app.py:212 | Received task form data: ImmutableMultiDict([])
2025-04-08 14:10:25 | INFO     | app                  | app.py:336 | Tasks data for day 2025-4-15: []
2025-04-08 14:10:26 | INFO     | app                  | app.py:212 | Received task form data: ImmutableMultiDict([])
2025-04-08 14:10:26 | INFO     | app                  | app.py:336 | Tasks data for day 2025-4-16: [{'id': 43, 'task': '5yrty', 'time': '12:00', 'created': '2025-04-08 02:12:11', 'repeat_days': None, 'repeat_start': None, 'repeat_end': None, 'priority': 1, 'category_ids': []}]
2025-04-08 14:10:29 | INFO     | app                  | app.py:212 | Received task form data: ImmutableMultiDict([])
2025-04-08 14:10:29 | INFO     | app                  | app.py:336 | Tasks data for day 2025-4-15: []
2025-04-08 14:26:24 | INFO     | app                  | app.py:65 | Initializing Google Scheduler...
2025-04-08 14:26:25 | INFO     | app                  | app.py:65 | Initializing Google Scheduler...
2025-04-08 14:26:34 | INFO     | app                  | app.py:212 | Received task form data: ImmutableMultiDict([])
2025-04-08 14:26:34 | INFO     | app                  | app.py:336 | Tasks data for day 2025-4-9: [{'id': 55, 'task': '1', 'time': '12:00', 'created': '2025-04-08 09:34:31', 'repeat_days': None, 'repeat_start': None, 'repeat_end': None, 'priority': 1, 'category_ids': []}, {'id': 56, 'task': '2', 'time': '12:00', 'created': '2025-04-08 09:34:35', 'repeat_days': None, 'repeat_start': None, 'repeat_end': None, 'priority': 1, 'category_ids': []}]
2025-04-08 14:53:35 | INFO     | app                  | app.py:65 | Initializing Google Scheduler...
2025-04-08 14:53:36 | INFO     | app                  | app.py:65 | Initializing Google Scheduler...
2025-04-08 14:53:40 | INFO     | app                  | app.py:212 | Received task form data: ImmutableMultiDict([])
2025-04-08 14:53:40 | INFO     | app                  | app.py:336 | Tasks data for day 2025-4-8: []
2025-04-08 14:53:43 | INFO     | app                  | app.py:212 | Received task form data: ImmutableMultiDict([('date', '2025-04-08'), ('task', '1'), ('time', '12:00'), ('priority', '1'), ('repeat_days', '1'), ('repeat_start', '2025-04-08'), ('repeat_end', '')])
2025-04-08 14:53:43 | INFO     | app                  | app.py:212 | Received task form data: ImmutableMultiDict([])
2025-04-08 14:53:43 | INFO     | app                  | app.py:336 | Tasks data for day 2025-4-8: [{'id': 58, 'task': '1', 'time': '12:00', 'created': '2025-04-08 11:53:43', 'repeat_days': None, 'repeat_start': None, 'repeat_end': None, 'priority': 1, 'category_ids': []}]
2025-04-08 14:53:46 | INFO     | app                  | app.py:212 | Received task form data: ImmutableMultiDict([('delete', '58')])
2025-04-08 14:53:46 | INFO     | app                  | app.py:212 | Received task form data: ImmutableMultiDict([])
2025-04-08 14:53:46 | INFO     | app                  | app.py:336 | Tasks data for day 2025-4-8: []
2025-04-08 14:53:51 | INFO     | app                  | app.py:212 | Received task form data: ImmutableMultiDict([])
2025-04-08 14:53:51 | INFO     | app                  | app.py:336 | Tasks data for day 2025-4-15: []
2025-04-08 14:53:53 | INFO     | app                  | app.py:212 | Received task form data: ImmutableMultiDict([('date', '2025-04-15'), ('task', '2'), ('time', '12:00'), ('priority', '1'), ('repeat_days', '1'), ('repeat_start', '2025-04-15'), ('repeat_end', '')])
2025-04-08 14:53:53 | INFO     | app                  | app.py:212 | Received task form data: ImmutableMultiDict([])
2025-04-08 14:53:53 | INFO     | app                  | app.py:336 | Tasks data for day 2025-4-15: [{'id': 59, 'task': '2', 'time': '12:00', 'created': '2025-04-08 11:53:53', 'repeat_days': None, 'repeat_start': None, 'repeat_end': None, 'priority': 1, 'category_ids': []}]
2025-04-08 14:53:55 | INFO     | app                  | app.py:212 | Received task form data: ImmutableMultiDict([('date', '2025-04-15'), ('task', '3'), ('time', '12:00'), ('priority', '1'), ('repeat_days', '1'), ('repeat_start', '2025-04-15'), ('repeat_end', '')])
2025-04-08 14:53:55 | INFO     | app                  | app.py:212 | Received task form data: ImmutableMultiDict([])
2025-04-08 14:53:55 | INFO     | app                  | app.py:336 | Tasks data for day 2025-4-15: [{'id': 59, 'task': '2', 'time': '12:00', 'created': '2025-04-08 11:53:53', 'repeat_days': None, 'repeat_start': None, 'repeat_end': None, 'priority': 1, 'category_ids': []}, {'id': 60, 'task': '3', 'time': '12:00', 'created': '2025-04-08 11:53:55', 'repeat_days': None, 'repeat_start': None, 'repeat_end': None, 'priority': 1, 'category_ids': []}]
2025-04-08 14:53:58 | INFO     | app                  | app.py:212 | Received task form data: ImmutableMultiDict([('date', '2025-04-15'), ('task', '4'), ('time', '12:00'), ('priority', '1'), ('repeat_days', '1'), ('repeat_start', '2025-04-15'), ('repeat_end', '')])
2025-04-08 14:53:58 | INFO     | app                  | app.py:212 | Received task form data: ImmutableMultiDict([])
2025-04-08 14:53:58 | INFO     | app                  | app.py:336 | Tasks data for day 2025-4-15: [{'id': 59, 'task': '2', 'time': '12:00', 'created': '2025-04-08 11:53:53', 'repeat_days': None, 'repeat_start': None, 'repeat_end': None, 'priority': 1, 'category_ids': []}, {'id': 60, 'task': '3', 'time': '12:00', 'created': '2025-04-08 11:53:55', 'repeat_days': None, 'repeat_start': None, 'repeat_end': None, 'priority': 1, 'category_ids': []}, {'id': 61, 'task': '4', 'time': '12:00', 'created': '2025-04-08 11:53:58', 'repeat_days': None, 'repeat_start': None, 'repeat_end': None, 'priority': 1, 'category_ids': []}]
2025-04-08 14:54:01 | INFO     | app                  | app.py:212 | Received task form data: ImmutableMultiDict([])
2025-04-08 14:54:01 | INFO     | app                  | app.py:336 | Tasks data for day 2025-4-15: [{'id': 60, 'task': '3', 'time': '12:00', 'created': '2025-04-08 11:53:55', 'repeat_days': None, 'repeat_start': None, 'repeat_end': None, 'priority': 1, 'category_ids': []}, {'id': 61, 'task': '4', 'time': '12:00', 'created': '2025-04-08 11:53:58', 'repeat_days': None, 'repeat_start': None, 'repeat_end': None, 'priority': 1, 'category_ids': []}]
2025-04-08 14:54:04 | INFO     | app                  | app.py:212 | Received task form data: ImmutableMultiDict([('delete', '60')])
2025-04-08 14:54:04 | INFO     | app                  | app.py:212 | Received task form data: ImmutableMultiDict([])
2025-04-08 14:54:04 | INFO     | app                  | app.py:336 | Tasks data for day 2025-4-15: [{'id': 61, 'task': '4', 'time': '12:00', 'created': '2025-04-08 11:53:58', 'repeat_days': None, 'repeat_start': None, 'repeat_end': None, 'priority': 1, 'category_ids': []}]
2025-04-08 14:54:05 | INFO     | app                  | app.py:212 | Received task form data: ImmutableMultiDict([])
2025-04-08 14:54:05 | INFO     | app                  | app.py:336 | Tasks data for day 2025-4-15: []
2025-04-08 14:54:06 | INFO     | app                  | app.py:212 | Received task form data: ImmutableMultiDict([])
2025-04-08 14:54:06 | INFO     | app                  | app.py:336 | Tasks data for day 2025-4-15: []
2025-04-08 14:54:08 | INFO     | app                  | app.py:212 | Received task form data: ImmutableMultiDict([('date', '2025-04-15'), ('task', '44'), ('time', '12:00'), ('priority', '1'), ('repeat_days', '1'), ('repeat_start', '2025-04-15'), ('repeat_end', '')])
2025-04-08 14:54:08 | INFO     | app                  | app.py:212 | Received task form data: ImmutableMultiDict([])
2025-04-08 14:54:08 | INFO     | app                  | app.py:336 | Tasks data for day 2025-4-15: [{'id': 62, 'task': '44', 'time': '12:00', 'created': '2025-04-08 11:54:08', 'repeat_days': None, 'repeat_start': None, 'repeat_end': None, 'priority': 1, 'category_ids': []}]
2025-04-08 14:54:10 | INFO     | app                  | app.py:212 | Received task form data: ImmutableMultiDict([('delete', '62')])
2025-04-08 14:54:10 | INFO     | app                  | app.py:212 | Received task form data: ImmutableMultiDict([])
2025-04-08 14:54:10 | INFO     | app                  | app.py:336 | Tasks data for day 2025-4-15: []
2025-04-08 15:05:04 | INFO     | app                  | app.py:212 | Received task form data: ImmutableMultiDict([])
2025-04-08 15:05:04 | INFO     | app                  | app.py:336 | Tasks data for day 2025-4-8: []
2025-04-08 15:06:18 | INFO     | app                  | app.py:212 | Received task form data: ImmutableMultiDict([])
2025-04-08 15:06:18 | INFO     | app                  | app.py:336 | Tasks data for day 2025-4-1: [{'id': 30, 'task': '2323', 'time': '12:00', 'created': '2025-04-08 01:47:46', 'repeat_days': None, 'repeat_start': None, 'repeat_end': None, 'priority': 1, 'category_ids': []}, {'id': 31, 'task': '3434', 'time': '12:00', 'created': '2025-04-08 01:47:47', 'repeat_days': None, 'repeat_start': None, 'repeat_end': None, 'priority': 1, 'category_ids': []}]
2025-04-08 15:06:19 | INFO     | app                  | app.py:212 | Received task form data: ImmutableMultiDict([])
2025-04-08 15:06:19 | INFO     | app                  | app.py:336 | Tasks data for day 2025-4-2: []
2025-04-08 15:06:20 | INFO     | app                  | app.py:212 | Received task form data: ImmutableMultiDict([])
2025-04-08 15:06:20 | INFO     | app                  | app.py:336 | Tasks data for day 2025-4-2: []
2025-04-08 15:06:22 | INFO     | app                  | app.py:212 | Received task form data: ImmutableMultiDict([('date', '2025-04-02'), ('task', 'l;'), ('time', '12:00'), ('priority', '1'), ('repeat_days', '1'), ('repeat_start', '2025-04-02'), ('repeat_end', '')])
2025-04-08 15:06:22 | INFO     | app                  | app.py:212 | Received task form data: ImmutableMultiDict([])
2025-04-08 15:06:22 | INFO     | app                  | app.py:336 | Tasks data for day 2025-4-2: [{'id': 63, 'task': 'l;', 'time': '12:00', 'created': '2025-04-08 12:06:22', 'repeat_days': None, 'repeat_start': None, 'repeat_end': None, 'priority': 1, 'category_ids': []}]
2025-04-08 15:06:26 | INFO     | app                  | app.py:212 | Received task form data: ImmutableMultiDict([('delete', '63')])
2025-04-08 15:06:26 | INFO     | app                  | app.py:212 | Received task form data: ImmutableMultiDict([])
2025-04-08 15:06:26 | INFO     | app                  | app.py:336 | Tasks data for day 2025-4-2: []
2025-04-08 15:06:27 | INFO     | app                  | app.py:212 | Received task form data: ImmutableMultiDict([])
2025-04-08 15:06:27 | INFO     | app                  | app.py:336 | Tasks data for day 2025-4-2: []
2025-04-08 15:06:30 | INFO     | app                  | app.py:212 | Received task form data: ImmutableMultiDict([('date', '2025-04-02'), ('task', 'o'), ('time', '12:00'), ('priority', '1'), ('repeat_days', '1'), ('repeat_start', '2025-04-02'), ('repeat_end', '')])
2025-04-08 15:06:30 | INFO     | app                  | app.py:212 | Received task form data: ImmutableMultiDict([])
2025-04-08 15:06:30 | INFO     | app                  | app.py:336 | Tasks data for day 2025-4-2: [{'id': 64, 'task': 'o', 'time': '12:00', 'created': '2025-04-08 12:06:30', 'repeat_days': None, 'repeat_start': None, 'repeat_end': None, 'priority': 1, 'category_ids': []}]
2025-04-08 15:06:38 | INFO     | app                  | app.py:212 | Received task form data: ImmutableMultiDict([])
2025-04-08 15:06:38 | INFO     | app                  | app.py:336 | Tasks data for day 2025-4-2: []
2025-04-08 15:39:57 | INFO     | app                  | app.py:65 | Initializing Google Scheduler...
2025-04-08 15:39:59 | INFO     | app                  | app.py:65 | Initializing Google Scheduler...
2025-04-08 15:40:07 | INFO     | app                  | app.py:212 | Received task form data: ImmutableMultiDict([])
2025-04-08 15:40:07 | INFO     | app                  | app.py:336 | Tasks data for day 2025-4-8: []
2025-04-08 15:40:09 | INFO     | app                  | app.py:212 | Received task form data: ImmutableMultiDict([])
2025-04-08 15:40:09 | INFO     | app                  | app.py:336 | Tasks data for day 2025-4-9: [{'id': 55, 'task': '1', 'time': '12:00', 'created': '2025-04-08 09:34:31', 'repeat_days': None, 'repeat_start': None, 'repeat_end': None, 'priority': 1, 'category_ids': []}, {'id': 56, 'task': '2', 'time': '12:00', 'created': '2025-04-08 09:34:35', 'repeat_days': None, 'repeat_start': None, 'repeat_end': None, 'priority': 1, 'category_ids': []}]
2025-04-08 15:40:37 | INFO     | app                  | app.py:212 | Received task form data: ImmutableMultiDict([])
2025-04-08 15:40:37 | INFO     | app                  | app.py:336 | Tasks data for day 2025-4-9: [{'id': 55, 'task': '1', 'time': '12:00', 'created': '2025-04-08 09:34:31', 'repeat_days': None, 'repeat_start': None, 'repeat_end': None, 'priority': 1, 'category_ids': []}, {'id': 56, 'task': '2', 'time': '12:00', 'created': '2025-04-08 09:34:35', 'repeat_days': None, 'repeat_start': None, 'repeat_end': None, 'priority': 1, 'category_ids': []}]
2025-04-08 15:53:42 | INFO     | app                  | app.py:65 | Initializing Google Scheduler...
2025-04-08 15:53:44 | INFO     | app                  | app.py:65 | Initializing Google Scheduler...
2025-04-08 15:54:00 | INFO     | app                  | app.py:212 | Received task form data: ImmutableMultiDict([])
2025-04-08 15:54:00 | INFO     | app                  | app.py:336 | Tasks data for day 2025-4-9: [{'id': 55, 'task': '1', 'time': '12:00', 'created': '2025-04-08 09:34:31', 'repeat_days': None, 'repeat_start': None, 'repeat_end': None, 'priority': 1, 'category_ids': []}, {'id': 56, 'task': '2', 'time': '12:00', 'created': '2025-04-08 09:34:35', 'repeat_days': None, 'repeat_start': None, 'repeat_end': None, 'priority': 1, 'category_ids': []}]
2025-04-08 15:54:04 | INFO     | app                  | app.py:212 | Received task form data: ImmutableMultiDict([])
2025-04-08 15:54:04 | INFO     | app                  | app.py:336 | Tasks data for day 2025-4-9: [{'id': 56, 'task': '2', 'time': '12:00', 'created': '2025-04-08 09:34:35', 'repeat_days': None, 'repeat_start': None, 'repeat_end': None, 'priority': 1, 'category_ids': []}]
2025-04-08 15:54:10 | INFO     | app                  | app.py:212 | Received task form data: ImmutableMultiDict([])
2025-04-08 15:54:10 | INFO     | app                  | app.py:336 | Tasks data for day 2025-4-9: [{'id': 56, 'task': '2', 'time': '12:00', 'created': '2025-04-08 09:34:35', 'repeat_days': None, 'repeat_start': None, 'repeat_end': None, 'priority': 1, 'category_ids': []}]
2025-04-08 15:54:13 | INFO     | app                  | app.py:212 | Received task form data: ImmutableMultiDict([])
2025-04-08 15:54:13 | INFO     | app                  | app.py:336 | Tasks data for day 2025-4-9: [{'id': 56, 'task': '2', 'time': '12:00', 'created': '2025-04-08 09:34:35', 'repeat_days': None, 'repeat_start': None, 'repeat_end': None, 'priority': 1, 'category_ids': []}]
2025-04-08 15:54:28 | INFO     | app                  | app.py:212 | Received task form data: ImmutableMultiDict([])
2025-04-08 15:54:28 | INFO     | app                  | app.py:336 | Tasks data for day 2025-4-9: []
2025-04-08 15:55:14 | INFO     | app                  | app.py:212 | Received task form data: ImmutableMultiDict([])
2025-04-08 15:55:14 | INFO     | app                  | app.py:336 | Tasks data for day 2025-4-15: []
2025-04-08 15:55:16 | INFO     | app                  | app.py:212 | Received task form data: ImmutableMultiDict([('date', '2025-04-15'), ('task', '12'), ('time', '12:00'), ('priority', '1')])
2025-04-08 15:55:27 | INFO     | app                  | app.py:212 | Received task form data: ImmutableMultiDict([])
2025-04-08 15:55:27 | INFO     | app                  | app.py:336 | Tasks data for day 2025-4-21: []
2025-04-08 15:55:30 | INFO     | app                  | app.py:212 | Received task form data: ImmutableMultiDict([('date', '2025-04-21'), ('task', '12'), ('time', '12:00'), ('priority', '1')])
2025-04-08 16:10:26 | INFO     | app                  | app.py:60 | Initializing Google Scheduler...
2025-04-08 16:10:30 | INFO     | app                  | app.py:60 | Initializing Google Scheduler...
2025-04-08 16:10:31 | INFO     | app                  | app.py:60 | Initializing Google Scheduler...
2025-04-08 16:14:31 | INFO     | app                  | app.py:60 | Initializing Google Scheduler...
2025-04-08 16:14:33 | INFO     | app                  | app.py:60 | Initializing Google Scheduler...
2025-04-08 16:21:25 | INFO     | app                  | app.py:60 | Initializing Google Scheduler...
2025-04-08 16:21:27 | INFO     | app                  | app.py:60 | Initializing Google Scheduler...
2025-04-08 16:21:36 | INFO     | app                  | app.py:203 | Received task form data: ImmutableMultiDict([])
2025-04-08 16:21:36 | INFO     | app                  | app.py:327 | Tasks data for day 2025-4-8: []
2025-04-08 16:21:43 | INFO     | app                  | app.py:203 | Received task form data: ImmutableMultiDict([('date', '2025-04-08'), ('task', '1'), ('time', '12:00'), ('priority', '1')])
2025-04-08 16:21:43 | INFO     | app                  | app.py:203 | Received task form data: ImmutableMultiDict([])
2025-04-08 16:21:43 | INFO     | app                  | app.py:327 | Tasks data for day 2025-4-8: [{'id': 67, 'task': '1', 'time': '12:00', 'created': '2025-04-08 13:21:43', 'repeat_days': None, 'repeat_start': None, 'repeat_end': None, 'priority': 1, 'category_ids': []}]
2025-04-08 16:21:48 | INFO     | app                  | app.py:203 | Received task form data: ImmutableMultiDict([('date', '2025-4-08'), ('task', '2'), ('time', '12:00'), ('priority', '1')])
2025-04-08 16:21:48 | INFO     | app                  | app.py:203 | Received task form data: ImmutableMultiDict([])
2025-04-08 16:21:48 | INFO     | app                  | app.py:327 | Tasks data for day 2025-4-8: [{'id': 67, 'task': '1', 'time': '12:00', 'created': '2025-04-08 13:21:43', 'repeat_days': None, 'repeat_start': None, 'repeat_end': None, 'priority': 1, 'category_ids': []}, {'id': 68, 'task': '2', 'time': '12:00', 'created': '2025-04-08 13:21:48', 'repeat_days': None, 'repeat_start': None, 'repeat_end': None, 'priority': 1, 'category_ids': []}]
2025-04-08 16:21:57 | INFO     | app                  | app.py:203 | Received task form data: ImmutableMultiDict([])
2025-04-08 16:21:57 | INFO     | app                  | app.py:327 | Tasks data for day 2025-4-8: [{'id': 67, 'task': '1', 'time': '12:00', 'created': '2025-04-08 13:21:43', 'repeat_days': None, 'repeat_start': None, 'repeat_end': None, 'priority': 1, 'category_ids': []}, {'id': 68, 'task': '2', 'time': '12:00', 'created': '2025-04-08 13:21:48', 'repeat_days': None, 'repeat_start': None, 'repeat_end': None, 'priority': 1, 'category_ids': []}]
2025-04-08 16:22:03 | INFO     | app                  | app.py:203 | Received task form data: ImmutableMultiDict([('task_id', '67'), ('task', '1'), ('time', '12:05'), ('priority', '2')])
2025-04-08 16:22:03 | INFO     | app                  | app.py:203 | Received task form data: ImmutableMultiDict([])
2025-04-08 16:22:03 | INFO     | app                  | app.py:327 | Tasks data for day 2025-4-8: [{'id': 67, 'task': '1', 'time': '12:05', 'created': '2025-04-08 13:21:43', 'repeat_days': None, 'repeat_start': None, 'repeat_end': None, 'priority': 2, 'category_ids': []}, {'id': 68, 'task': '2', 'time': '12:00', 'created': '2025-04-08 13:21:48', 'repeat_days': None, 'repeat_start': None, 'repeat_end': None, 'priority': 1, 'category_ids': []}]
2025-04-08 16:22:08 | INFO     | app                  | app.py:203 | Received task form data: ImmutableMultiDict([('delete', '67')])
2025-04-08 16:22:09 | INFO     | app                  | app.py:203 | Received task form data: ImmutableMultiDict([])
2025-04-08 16:22:09 | INFO     | app                  | app.py:327 | Tasks data for day 2025-4-8: [{'id': 68, 'task': '2', 'time': '12:00', 'created': '2025-04-08 13:21:48', 'repeat_days': None, 'repeat_start': None, 'repeat_end': None, 'priority': 1, 'category_ids': []}]
2025-04-08 16:22:10 | INFO     | app                  | app.py:203 | Received task form data: ImmutableMultiDict([('delete', '68')])
2025-04-08 16:22:10 | INFO     | app                  | app.py:203 | Received task form data: ImmutableMultiDict([])
2025-04-08 16:22:10 | INFO     | app                  | app.py:327 | Tasks data for day 2025-4-8: []
2025-04-08 16:22:11 | INFO     | app                  | app.py:203 | Received task form data: ImmutableMultiDict([])
2025-04-08 16:22:11 | INFO     | app                  | app.py:327 | Tasks data for day 2025-4-8: []
2025-04-08 16:22:14 | INFO     | app                  | app.py:203 | Received task form data: ImmutableMultiDict([('date', '2025-04-08'), ('task', '12'), ('time', '12:00'), ('priority', '1')])
2025-04-08 16:22:14 | INFO     | app                  | app.py:203 | Received task form data: ImmutableMultiDict([])
2025-04-08 16:22:14 | INFO     | app                  | app.py:327 | Tasks data for day 2025-4-8: [{'id': 69, 'task': '12', 'time': '12:00', 'created': '2025-04-08 13:22:14', 'repeat_days': None, 'repeat_start': None, 'repeat_end': None, 'priority': 1, 'category_ids': []}]
2025-04-08 16:22:16 | INFO     | app                  | app.py:203 | Received task form data: ImmutableMultiDict([])
2025-04-08 16:22:16 | INFO     | app                  | app.py:327 | Tasks data for day 2025-4-8: []
2025-04-08 16:22:21 | INFO     | app                  | app.py:203 | Received task form data: ImmutableMultiDict([])
2025-04-08 16:22:21 | INFO     | app                  | app.py:327 | Tasks data for day 2025-4-16: [{'id': 43, 'task': '5yrty', 'time': '12:00', 'created': '2025-04-08 02:12:11', 'repeat_days': None, 'repeat_start': None, 'repeat_end': None, 'priority': 1, 'category_ids': []}]
2025-04-08 16:24:50 | INFO     | app                  | app.py:203 | Received task form data: ImmutableMultiDict([])
2025-04-08 16:24:50 | INFO     | app                  | app.py:327 | Tasks data for day 2025-4-26: []
2025-04-08 16:25:07 | INFO     | app                  | app.py:203 | Received task form data: ImmutableMultiDict([('date', '2025-04-26'), ('task', 'открытие мото сезона Павлово'), ('time', '11:00'), ('priority', '3')])
2025-04-08 16:25:07 | INFO     | app                  | app.py:203 | Received task form data: ImmutableMultiDict([])
2025-04-08 16:25:07 | INFO     | app                  | app.py:327 | Tasks data for day 2025-4-26: [{'id': 70, 'task': 'открытие мото сезона Павлово', 'time': '11:00', 'created': '2025-04-08 13:25:07', 'repeat_days': None, 'repeat_start': None, 'repeat_end': None, 'priority': 3, 'category_ids': []}]
2025-04-08 16:25:11 | INFO     | app                  | app.py:203 | Received task form data: ImmutableMultiDict([])
2025-04-08 16:25:11 | INFO     | app                  | app.py:327 | Tasks data for day 2025-4-14: [{'id': 47, 'task': 'брекеты', 'time': None, 'created': '2025-04-08 05:18:55.445430', 'repeat_days': None, 'repeat_start': None, 'repeat_end': None, 'priority': 1, 'category_ids': []}]
2025-04-08 16:25:16 | INFO     | app                  | app.py:203 | Received task form data: ImmutableMultiDict([])
2025-04-08 16:25:16 | INFO     | app                  | app.py:327 | Tasks data for day 2025-4-7: [{'id': 28, 'task': '12', 'time': '12:00', 'created': '2025-04-08 01:47:26', 'repeat_days': None, 'repeat_start': None, 'repeat_end': None, 'priority': 1, 'category_ids': []}]
2025-04-08 16:28:27 | INFO     | app                  | app.py:60 | Initializing Google Scheduler...
2025-04-08 16:28:32 | INFO     | app                  | app.py:57 | Initializing Google Scheduler...
2025-04-08 16:28:33 | INFO     | app                  | app.py:57 | Initializing Google Scheduler...
2025-04-08 16:28:38 | INFO     | app                  | tasks.py:133 | Received task form data: ImmutableMultiDict([])
2025-04-08 16:28:38 | INFO     | app                  | tasks.py:257 | Tasks data for day 2025-4-9: []
2025-04-08 16:28:40 | INFO     | app                  | tasks.py:133 | Received task form data: ImmutableMultiDict([('date', '2025-04-09'), ('task', '1'), ('time', '12:00'), ('priority', '1')])
2025-04-08 16:28:40 | INFO     | app                  | tasks.py:133 | Received task form data: ImmutableMultiDict([])
2025-04-08 16:28:40 | INFO     | app                  | tasks.py:257 | Tasks data for day 2025-4-9: [{'id': 71, 'task': '1', 'time': '12:00', 'created': '2025-04-08 13:28:40', 'repeat_days': None, 'repeat_start': None, 'repeat_end': None, 'priority': 1, 'category_ids': []}]
2025-04-08 16:28:42 | INFO     | app                  | tasks.py:133 | Received task form data: ImmutableMultiDict([])
2025-04-08 16:28:42 | INFO     | app                  | tasks.py:257 | Tasks data for day 2025-4-9: []
2025-04-08 16:28:44 | INFO     | app                  | tasks.py:133 | Received task form data: ImmutableMultiDict([])
2025-04-08 16:28:44 | INFO     | app                  | tasks.py:257 | Tasks data for day 2025-4-9: [{'id': 71, 'task': '1', 'time': None, 'created': '2025-04-08 13:28:44', 'repeat_days': None, 'repeat_start': None, 'repeat_end': None, 'priority': 1, 'category_ids': []}]
2025-04-08 16:32:50 | INFO     | app                  | app.py:57 | Initializing Google Scheduler...
2025-04-08 16:33:32 | INFO     | app                  | app.py:59 | Initializing Google Scheduler...
2025-04-08 16:45:22 | INFO     | app                  | app.py:59 | Initializing Google Scheduler...
2025-04-08 16:46:15 | INFO     | app                  | app.py:59 | Initializing Google Scheduler...
2025-04-08 16:46:17 | INFO     | app                  | app.py:59 | Initializing Google Scheduler...
2025-04-08 16:47:01 | INFO     | app                  | app.py:59 | Initializing Google Scheduler...
2025-04-08 16:47:02 | INFO     | app                  | app.py:59 | Initializing Google Scheduler...
2025-04-08 17:00:19 | INFO     | app                  | app.py:59 | Initializing Google Scheduler...
2025-04-08 17:00:20 | INFO     | app                  | app.py:59 | Initializing Google Scheduler...
2025-04-08 17:00:53 | INFO     | app                  | app.py:59 | Initializing Google Scheduler...
2025-04-08 17:00:54 | INFO     | app                  | app.py:59 | Initializing Google Scheduler...
2025-04-08 17:01:13 | INFO     | app                  | tasks.py:133 | Received task form data: ImmutableMultiDict([])
2025-04-08 17:01:13 | INFO     | app                  | tasks.py:257 | Tasks data for day 2025-4-8: []
2025-04-08 17:01:21 | INFO     | app                  | tasks.py:133 | Received task form data: ImmutableMultiDict([('date', '2025-04-08'), ('task', 'пиво'), ('time', '12:10'), ('priority', '3')])
2025-04-08 17:01:21 | INFO     | app                  | tasks.py:133 | Received task form data: ImmutableMultiDict([])
2025-04-08 17:01:21 | INFO     | app                  | tasks.py:257 | Tasks data for day 2025-4-8: [{'id': 72, 'task': 'пиво', 'time': '12:10', 'created': '2025-04-08 14:01:21', 'repeat_days': None, 'repeat_start': None, 'repeat_end': None, 'priority': 3, 'category_ids': []}]
2025-04-08 17:01:23 | INFO     | app                  | tasks.py:133 | Received task form data: ImmutableMultiDict([])
2025-04-08 17:01:23 | INFO     | app                  | tasks.py:257 | Tasks data for day 2025-4-8: []
2025-04-08 17:05:36 | INFO     | app                  | app.py:59 | Initializing Google Scheduler...
2025-04-08 17:05:37 | INFO     | app                  | app.py:59 | Initializing Google Scheduler...
2025-04-08 17:05:47 | INFO     | app                  | app.py:59 | Initializing Google Scheduler...
2025-04-08 17:05:49 | INFO     | app                  | app.py:59 | Initializing Google Scheduler...
2025-04-08 17:08:25 | INFO     | app                  | app.py:59 | Initializing Google Scheduler...
2025-04-08 18:17:27 | INFO     | app                  | app.py:65 | Initializing Google Scheduler...
2025-04-08 18:17:29 | INFO     | app                  | app.py:65 | Initializing Google Scheduler...
2025-04-08 18:23:52 | INFO     | app                  | app.py:65 | Initializing Google Scheduler...
2025-04-08 18:23:53 | INFO     | app                  | app.py:65 | Initializing Google Scheduler...
2025-04-08 18:25:02 | INFO     | app                  | app.py:65 | Initializing Google Scheduler...
2025-04-08 18:25:03 | INFO     | app                  | app.py:65 | Initializing Google Scheduler...
2025-04-08 18:25:59 | INFO     | app                  | app.py:65 | Initializing Google Scheduler...
2025-04-08 18:26:00 | INFO     | app                  | app.py:65 | Initializing Google Scheduler...
2025-04-08 18:28:07 | INFO     | app                  | app.py:212 | Received task form data: ImmutableMultiDict([])
2025-04-08 18:28:07 | INFO     | app                  | app.py:336 | Tasks data for day 2025-4-9: [{'id': 71, 'task': '1', 'time': None, 'created': '2025-04-08 13:28:44', 'repeat_days': None, 'repeat_start': None, 'repeat_end': None, 'priority': 1, 'category_ids': []}]
2025-04-08 18:28:15 | INFO     | app                  | app.py:212 | Received task form data: ImmutableMultiDict([])
2025-04-08 18:28:15 | INFO     | app                  | app.py:336 | Tasks data for day 2025-4-22: []
2025-04-08 18:28:21 | INFO     | app                  | app.py:212 | Received task form data: ImmutableMultiDict([])
2025-04-08 18:28:21 | INFO     | app                  | app.py:336 | Tasks data for day 2025-4-26: [{'id': 70, 'task': 'открытие мото сезона Павлово', 'time': '11:00', 'created': '2025-04-08 13:25:07', 'repeat_days': None, 'repeat_start': None, 'repeat_end': None, 'priority': 3, 'category_ids': []}]
2025-04-08 18:29:18 | INFO     | app                  | app.py:212 | Received task form data: ImmutableMultiDict([])
2025-04-08 18:29:18 | INFO     | app                  | app.py:336 | Tasks data for day 2025-4-9: [{'id': 71, 'task': '1', 'time': None, 'created': '2025-04-08 13:28:44', 'repeat_days': None, 'repeat_start': None, 'repeat_end': None, 'priority': 1, 'category_ids': []}]
2025-04-08 18:32:11 | INFO     | app                  | app.py:65 | Initializing Google Scheduler...
2025-04-08 18:32:13 | INFO     | app                  | app.py:65 | Initializing Google Scheduler...
2025-04-08 18:32:18 | INFO     | app                  | app.py:212 | Received task form data: ImmutableMultiDict([])
2025-04-08 18:32:18 | INFO     | app                  | app.py:336 | Tasks data for day 2025-4-9: [{'id': 71, 'task': '1', 'time': None, 'created': '2025-04-08 13:28:44', 'repeat_days': None, 'repeat_start': None, 'repeat_end': None, 'priority': 1, 'category_ids': []}]
2025-04-08 18:32:22 | INFO     | app                  | app.py:212 | Received task form data: ImmutableMultiDict([])
2025-04-08 18:32:22 | INFO     | app                  | app.py:336 | Tasks data for day 2025-4-15: [{'id': 65, 'task': '12', 'time': '12:00', 'created': '2025-04-08 12:55:16', 'repeat_days': None, 'repeat_start': None, 'repeat_end': None, 'priority': 1, 'category_ids': []}]
2025-04-08 18:32:28 | INFO     | app                  | app.py:212 | Received task form data: ImmutableMultiDict([])
2025-04-08 18:32:28 | INFO     | app                  | app.py:336 | Tasks data for day 2025-4-3: []
2025-04-08 18:33:26 | INFO     | app                  | app.py:65 | Initializing Google Scheduler...
2025-04-08 18:33:28 | INFO     | app                  | app.py:65 | Initializing Google Scheduler...
2025-04-08 18:34:48 | INFO     | app                  | app.py:65 | Initializing Google Scheduler...
2025-04-08 18:34:49 | INFO     | app                  | app.py:65 | Initializing Google Scheduler...
2025-04-08 18:34:54 | INFO     | app                  | app.py:212 | Received task form data: ImmutableMultiDict([])
2025-04-08 18:34:54 | INFO     | app                  | app.py:336 | Tasks data for day 2025-4-9: [{'id': 71, 'task': '1', 'time': None, 'created': '2025-04-08 13:28:44', 'repeat_days': None, 'repeat_start': None, 'repeat_end': None, 'priority': 1, 'category_ids': []}]
2025-04-08 18:35:01 | INFO     | app                  | app.py:212 | Received task form data: ImmutableMultiDict([])
2025-04-08 18:35:01 | INFO     | app                  | app.py:336 | Tasks data for day 2025-4-9: [{'id': 71, 'task': '1', 'time': None, 'created': '2025-04-08 13:28:44', 'repeat_days': None, 'repeat_start': None, 'repeat_end': None, 'priority': 1, 'category_ids': []}]
2025-04-08 18:35:03 | INFO     | app                  | app.py:212 | Received task form data: ImmutableMultiDict([('date', '2025-04-09'), ('task', '3'), ('time', '12:00'), ('priority', '1'), ('repeat_days', '1'), ('repeat_start', '2025-04-09'), ('repeat_end', '')])
2025-04-08 18:35:03 | INFO     | app                  | app.py:212 | Received task form data: ImmutableMultiDict([])
2025-04-08 18:35:03 | INFO     | app                  | app.py:336 | Tasks data for day 2025-4-9: [{'id': 71, 'task': '1', 'time': None, 'created': '2025-04-08 13:28:44', 'repeat_days': None, 'repeat_start': None, 'repeat_end': None, 'priority': 1, 'category_ids': []}, {'id': 73, 'task': '3', 'time': '12:00', 'created': '2025-04-08 15:35:03', 'repeat_days': None, 'repeat_start': None, 'repeat_end': None, 'priority': 1, 'category_ids': []}]
2025-04-08 18:35:06 | INFO     | app                  | app.py:212 | Received task form data: ImmutableMultiDict([('date', '2025-04-09'), ('task', '4'), ('time', '12:00'), ('priority', '1'), ('repeat_days', '1'), ('repeat_start', '2025-04-09'), ('repeat_end', '')])
2025-04-08 18:35:06 | INFO     | app                  | app.py:212 | Received task form data: ImmutableMultiDict([])
2025-04-08 18:35:06 | INFO     | app                  | app.py:336 | Tasks data for day 2025-4-9: [{'id': 71, 'task': '1', 'time': None, 'created': '2025-04-08 13:28:44', 'repeat_days': None, 'repeat_start': None, 'repeat_end': None, 'priority': 1, 'category_ids': []}, {'id': 73, 'task': '3', 'time': '12:00', 'created': '2025-04-08 15:35:03', 'repeat_days': None, 'repeat_start': None, 'repeat_end': None, 'priority': 1, 'category_ids': []}, {'id': 74, 'task': '4', 'time': '12:00', 'created': '2025-04-08 15:35:06', 'repeat_days': None, 'repeat_start': None, 'repeat_end': None, 'priority': 1, 'category_ids': []}]
2025-04-08 18:35:09 | INFO     | app                  | app.py:212 | Received task form data: ImmutableMultiDict([('delete', '71')])
2025-04-08 18:35:09 | INFO     | app                  | app.py:212 | Received task form data: ImmutableMultiDict([])
2025-04-08 18:35:09 | INFO     | app                  | app.py:336 | Tasks data for day 2025-4-9: [{'id': 73, 'task': '3', 'time': '12:00', 'created': '2025-04-08 15:35:03', 'repeat_days': None, 'repeat_start': None, 'repeat_end': None, 'priority': 1, 'category_ids': []}, {'id': 74, 'task': '4', 'time': '12:00', 'created': '2025-04-08 15:35:06', 'repeat_days': None, 'repeat_start': None, 'repeat_end': None, 'priority': 1, 'category_ids': []}]
2025-04-08 18:35:10 | INFO     | app                  | app.py:212 | Received task form data: ImmutableMultiDict([('delete', '73')])
2025-04-08 18:35:10 | INFO     | app                  | app.py:212 | Received task form data: ImmutableMultiDict([])
2025-04-08 18:35:10 | INFO     | app                  | app.py:336 | Tasks data for day 2025-4-9: [{'id': 74, 'task': '4', 'time': '12:00', 'created': '2025-04-08 15:35:06', 'repeat_days': None, 'repeat_start': None, 'repeat_end': None, 'priority': 1, 'category_ids': []}]
2025-04-08 18:35:12 | INFO     | app                  | app.py:212 | Received task form data: ImmutableMultiDict([('delete', '74')])
2025-04-08 18:35:12 | INFO     | app                  | app.py:212 | Received task form data: ImmutableMultiDict([])
2025-04-08 18:35:12 | INFO     | app                  | app.py:336 | Tasks data for day 2025-4-9: []
2025-04-08 18:35:17 | INFO     | app                  | app.py:212 | Received task form data: ImmutableMultiDict([('date', '2025-04-09'), ('task', '3434'), ('time', '12:00'), ('priority', '1'), ('repeat_enabled', 'on'), ('repeat_days', '1'), ('repeat_start', '2025-04-09'), ('repeat_end', '')])
2025-04-08 18:35:17 | INFO     | app                  | app.py:212 | Received task form data: ImmutableMultiDict([])
2025-04-08 18:35:17 | INFO     | app                  | app.py:336 | Tasks data for day 2025-4-9: [{'id': 75, 'task': '3434', 'time': '12:00', 'created': '2025-04-08 15:35:17', 'repeat_days': 1, 'repeat_start': '2025-04-09', 'repeat_end': '', 'priority': 1, 'category_ids': []}]
2025-04-08 18:35:23 | INFO     | app                  | app.py:212 | Received task form data: ImmutableMultiDict([('task_id', '75'), ('task', '3434'), ('time', '12:15'), ('priority', '1'), ('repeat_enabled', 'on'), ('repeat_days', '1'), ('repeat_start', '2025-04-09'), ('repeat_end', '')])
2025-04-08 18:35:23 | INFO     | app                  | app.py:212 | Received task form data: ImmutableMultiDict([])
2025-04-08 18:35:23 | INFO     | app                  | app.py:336 | Tasks data for day 2025-4-9: [{'id': 75, 'task': '3434', 'time': '12:15', 'created': '2025-04-08 15:35:17', 'repeat_days': 1, 'repeat_start': '2025-04-09', 'repeat_end': '', 'priority': 1, 'category_ids': []}]
2025-04-08 18:35:26 | INFO     | app                  | app.py:212 | Received task form data: ImmutableMultiDict([])
2025-04-08 18:35:26 | INFO     | app                  | app.py:336 | Tasks data for day 2025-4-9: []
2025-04-08 18:35:28 | INFO     | app                  | app.py:212 | Received task form data: ImmutableMultiDict([])
2025-04-08 18:35:28 | INFO     | app                  | app.py:336 | Tasks data for day 2025-4-9: [{'id': 75, 'task': '3434', 'time': None, 'created': '2025-04-08 15:35:28', 'repeat_days': None, 'repeat_start': None, 'repeat_end': None, 'priority': 1, 'category_ids': []}]
2025-04-08 18:35:29 | INFO     | app                  | app.py:212 | Received task form data: ImmutableMultiDict([])
2025-04-08 18:35:29 | INFO     | app                  | app.py:336 | Tasks data for day 2025-4-9: []
2025-04-08 18:43:24 | INFO     | app                  | app.py:65 | Initializing Google Scheduler...
2025-04-08 18:43:25 | INFO     | app                  | app.py:65 | Initializing Google Scheduler...
2025-04-08 18:56:56 | INFO     | app                  | app.py:65 | Initializing Google Scheduler...
2025-04-08 18:57:03 | INFO     | app                  | app.py:65 | Initializing Google Scheduler...
2025-04-08 18:57:18 | INFO     | app                  | app.py:65 | Initializing Google Scheduler...
2025-04-08 18:57:19 | INFO     | app                  | app.py:65 | Initializing Google Scheduler...
2025-04-08 18:57:40 | INFO     | app                  | app.py:212 | Received task form data: ImmutableMultiDict([])
2025-04-08 18:57:40 | INFO     | app                  | app.py:336 | Tasks data for day 2025-4-10: [{'id': 1, 'task': 'test', 'time': None, 'created': '2025-04-08 04:09:24.338685', 'repeat_days': None, 'repeat_start': None, 'repeat_end': None, 'priority': 1, 'category_ids': []}, {'id': 16, 'task': 'test', 'time': None, 'created': '2025-04-08 04:21:53.699052', 'repeat_days': None, 'repeat_start': None, 'repeat_end': None, 'priority': 1, 'category_ids': []}]
2025-04-08 18:57:40 | INFO     | app                  | app.py:212 | Received task form data: ImmutableMultiDict([])
2025-04-08 18:57:40 | INFO     | app                  | app.py:336 | Tasks data for day 2025-4-9: []
2025-04-08 18:57:43 | INFO     | app                  | app.py:212 | Received task form data: ImmutableMultiDict([('date', '2025-04-09'), ('task', '1'), ('time', '12:00'), ('priority', '1'), ('repeat_days', '1'), ('repeat_start', '2025-04-09'), ('repeat_end', '')])
2025-04-08 18:57:43 | INFO     | app                  | app.py:212 | Received task form data: ImmutableMultiDict([])
2025-04-08 18:57:43 | INFO     | app                  | app.py:336 | Tasks data for day 2025-4-9: [{'id': 76, 'task': '1', 'time': '12:00', 'created': '2025-04-08 15:57:43', 'repeat_days': None, 'repeat_start': None, 'repeat_end': None, 'priority': 1, 'category_ids': []}]
2025-04-08 18:57:47 | INFO     | app                  | app.py:212 | Received task form data: ImmutableMultiDict([])
2025-04-08 18:57:47 | INFO     | app                  | app.py:336 | Tasks data for day 2025-4-9: []
2025-04-08 19:00:06 | INFO     | app                  | app.py:65 | Initializing Google Scheduler...
2025-04-08 19:00:08 | INFO     | app                  | app.py:65 | Initializing Google Scheduler...
2025-04-08 19:10:43 | INFO     | app                  | app.py:65 | Initializing Google Scheduler...
2025-04-08 19:10:44 | INFO     | app                  | app.py:65 | Initializing Google Scheduler...
2025-04-08 19:13:12 | INFO     | app                  | app.py:67 | Initializing Google Scheduler...
2025-04-08 19:13:49 | INFO     | app                  | app.py:67 | Initializing Google Scheduler...
2025-04-08 19:16:25 | INFO     | app                  | app.py:67 | Initializing Google Scheduler...
2025-04-08 19:16:26 | INFO     | app                  | app.py:67 | Initializing Google Scheduler...
2025-04-08 19:19:09 | INFO     | app                  | app.py:67 | Initializing Google Scheduler...
2025-04-08 19:19:10 | INFO     | app                  | app.py:67 | Initializing Google Scheduler...
2025-04-08 19:19:47 | INFO     | app                  | app.py:67 | Initializing Google Scheduler...
2025-04-08 19:19:49 | INFO     | app                  | app.py:67 | Initializing Google Scheduler...
2025-04-08 19:22:29 | INFO     | app                  | app.py:67 | Initializing Google Scheduler...
2025-04-08 19:23:21 | INFO     | app                  | app.py:67 | Initializing Google Scheduler...
2025-04-08 19:23:22 | INFO     | app                  | app.py:67 | Initializing Google Scheduler...
2025-04-08 19:27:16 | INFO     | app                  | app.py:67 | Initializing Google Scheduler...
2025-04-08 19:27:17 | INFO     | app                  | app.py:67 | Initializing Google Scheduler...
2025-04-08 19:28:01 | INFO     | app                  | app.py:67 | Initializing Google Scheduler...
2025-04-08 19:28:03 | INFO     | app                  | app.py:67 | Initializing Google Scheduler...
2025-04-08 19:29:21 | INFO     | app                  | app.py:214 | Received task form data: ImmutableMultiDict([])
2025-04-08 19:29:21 | INFO     | app                  | app.py:338 | Tasks data for day 2025-4-17: []
2025-04-08 19:29:24 | INFO     | app                  | app.py:214 | Received task form data: ImmutableMultiDict([('date', '2025-04-17'), ('task', 'п'), ('time', '12:00'), ('priority', '1'), ('repeat_days', '1'), ('repeat_start', '2025-04-17'), ('repeat_end', '')])
2025-04-08 19:29:25 | INFO     | app                  | app.py:214 | Received task form data: ImmutableMultiDict([])
2025-04-08 19:29:25 | INFO     | app                  | app.py:338 | Tasks data for day 2025-4-17: [{'id': 77, 'task': 'п', 'time': '12:00', 'created': '2025-04-08 16:29:24', 'repeat_days': None, 'repeat_start': None, 'repeat_end': None, 'priority': 1, 'category_ids': []}]
2025-04-08 19:29:27 | INFO     | app                  | app.py:214 | Received task form data: ImmutableMultiDict([('delete', '77')])
2025-04-08 19:29:27 | INFO     | app                  | app.py:214 | Received task form data: ImmutableMultiDict([])
2025-04-08 19:29:27 | INFO     | app                  | app.py:338 | Tasks data for day 2025-4-17: []
2025-04-08 19:37:44 | INFO     | app                  | app.py:67 | Initializing Google Scheduler...
2025-04-08 19:39:28 | INFO     | app                  | app.py:67 | Initializing Google Scheduler...
2025-04-08 19:39:29 | INFO     | app                  | app.py:67 | Initializing Google Scheduler...
2025-04-08 19:48:53 | INFO     | app                  | app.py:67 | Initializing Google Scheduler...
2025-04-08 19:48:54 | INFO     | app                  | app.py:67 | Initializing Google Scheduler...
2025-04-08 19:49:49 | INFO     | app                  | app.py:67 | Initializing Google Scheduler...
2025-04-08 19:49:51 | INFO     | app                  | app.py:67 | Initializing Google Scheduler...
2025-04-08 20:43:45 | INFO     | app                  | app.py:67 | Initializing Google Scheduler...
2025-04-08 20:43:50 | INFO     | app                  | app.py:67 | Initializing Google Scheduler...
2025-04-08 20:44:21 | INFO     | app                  | app.py:67 | Initializing Google Scheduler...
2025-04-08 20:44:34 | INFO     | app                  | app.py:67 | Initializing Google Scheduler...
2025-04-08 20:45:21 | INFO     | app                  | app.py:67 | Initializing Google Scheduler...
2025-04-08 20:47:24 | INFO     | app                  | app.py:67 | Initializing Google Scheduler...
2025-04-08 20:47:25 | INFO     | app                  | app.py:67 | Initializing Google Scheduler...
2025-04-08 20:49:46 | INFO     | app                  | app.py:67 | Initializing Google Scheduler...
2025-04-08 20:50:53 | INFO     | app                  | app.py:67 | Initializing Google Scheduler...
2025-04-08 20:51:00 | INFO     | app                  | app.py:67 | Initializing Google Scheduler...
2025-04-08 20:54:05 | INFO     | app                  | app.py:67 | Initializing Google Scheduler...
2025-04-08 20:55:01 | INFO     | app                  | app.py:67 | Initializing Google Scheduler...
2025-04-08 20:55:15 | INFO     | app                  | app.py:67 | Initializing Google Scheduler...
2025-04-08 20:55:33 | INFO     | app                  | app.py:67 | Initializing Google Scheduler...
2025-04-08 20:56:29 | INFO     | app                  | app.py:67 | Initializing Google Scheduler...
2025-04-08 20:56:31 | INFO     | app                  | app.py:67 | Initializing Google Scheduler...
2025-04-08 20:57:06 | INFO     | app                  | app.py:67 | Initializing Google Scheduler...
2025-04-08 20:57:07 | INFO     | app                  | app.py:67 | Initializing Google Scheduler...
2025-04-08 21:00:48 | INFO     | app                  | app.py:67 | Initializing Google Scheduler...
2025-04-08 21:05:53 | INFO     | app                  | app.py:67 | Initializing Google Scheduler...
2025-04-08 21:06:17 | INFO     | app                  | app.py:67 | Initializing Google Scheduler...
2025-04-08 22:23:31 | INFO     | app                  | app.py:67 | Initializing Google Scheduler...
2025-04-08 22:25:13 | INFO     | app                  | app.py:67 | Initializing Google Scheduler...
2025-04-08 22:25:57 | INFO     | app                  | app.py:67 | Initializing Google Scheduler...
2025-04-08 22:28:05 | INFO     | app                  | app.py:214 | Received task form data: ImmutableMultiDict([])
2025-04-08 22:28:05 | INFO     | app                  | app.py:338 | Tasks data for day 2025-4-8: []
2025-04-08 22:28:16 | INFO     | app                  | app.py:214 | Received task form data: ImmutableMultiDict([('date', '2025-04-08'), ('task', '23'), ('time', '22:30'), ('priority', '1'), ('repeat_days', '1'), ('repeat_start', '2025-04-08'), ('repeat_end', '')])
2025-04-08 22:28:16 | INFO     | app                  | app.py:214 | Received task form data: ImmutableMultiDict([])
2025-04-08 22:28:16 | INFO     | app                  | app.py:338 | Tasks data for day 2025-4-8: [{'id': 78, 'task': '23', 'time': '22:30', 'created': '2025-04-08 19:28:16', 'repeat_days': None, 'repeat_start': None, 'repeat_end': None, 'priority': 1, 'category_ids': []}]
2025-04-08 22:28:37 | INFO     | app                  | app.py:214 | Received task form data: ImmutableMultiDict([('task_id', '78'), ('task', '23'), ('time', '22:45'), ('priority', '1')])
2025-04-08 22:28:37 | INFO     | app                  | app.py:214 | Received task form data: ImmutableMultiDict([])
2025-04-08 22:28:37 | INFO     | app                  | app.py:338 | Tasks data for day 2025-4-8: [{'id': 78, 'task': '23', 'time': '22:45', 'created': '2025-04-08 19:28:16', 'repeat_days': None, 'repeat_start': None, 'repeat_end': None, 'priority': 1, 'category_ids': []}]
2025-04-08 22:28:43 | INFO     | app                  | app.py:214 | Received task form data: ImmutableMultiDict([('date', '2025-04-08'), ('task', '23'), ('time', '23:00'), ('priority', '1'), ('repeat_days', '1'), ('repeat_start', '2025-04-08'), ('repeat_end', '')])
2025-04-08 22:28:43 | INFO     | app                  | app.py:214 | Received task form data: ImmutableMultiDict([])
2025-04-08 22:28:43 | INFO     | app                  | app.py:338 | Tasks data for day 2025-4-8: [{'id': 78, 'task': '23', 'time': '22:45', 'created': '2025-04-08 19:28:16', 'repeat_days': None, 'repeat_start': None, 'repeat_end': None, 'priority': 1, 'category_ids': []}, {'id': 79, 'task': '23', 'time': '23:00', 'created': '2025-04-08 19:28:43', 'repeat_days': None, 'repeat_start': None, 'repeat_end': None, 'priority': 1, 'category_ids': []}]
2025-04-08 22:28:58 | INFO     | app                  | app.py:214 | Received task form data: ImmutableMultiDict([('date', '2025-04-08'), ('task', '0045'), ('time', '00:45'), ('priority', '1'), ('repeat_days', '1'), ('repeat_start', '2025-04-08'), ('repeat_end', '')])
2025-04-08 22:28:58 | INFO     | app                  | app.py:214 | Received task form data: ImmutableMultiDict([])
2025-04-08 22:28:58 | INFO     | app                  | app.py:338 | Tasks data for day 2025-4-8: [{'id': 80, 'task': '0045', 'time': '00:45', 'created': '2025-04-08 19:28:58', 'repeat_days': None, 'repeat_start': None, 'repeat_end': None, 'priority': 1, 'category_ids': []}, {'id': 78, 'task': '23', 'time': '22:45', 'created': '2025-04-08 19:28:16', 'repeat_days': None, 'repeat_start': None, 'repeat_end': None, 'priority': 1, 'category_ids': []}, {'id': 79, 'task': '23', 'time': '23:00', 'created': '2025-04-08 19:28:43', 'repeat_days': None, 'repeat_start': None, 'repeat_end': None, 'priority': 1, 'category_ids': []}]
2025-04-08 22:29:02 | INFO     | app                  | app.py:214 | Received task form data: ImmutableMultiDict([('task_id', '80'), ('task', '0045'), ('time', '00:45'), ('priority', '2')])
2025-04-08 22:29:02 | INFO     | app                  | app.py:214 | Received task form data: ImmutableMultiDict([])
2025-04-08 22:29:02 | INFO     | app                  | app.py:338 | Tasks data for day 2025-4-8: [{'id': 80, 'task': '0045', 'time': '00:45', 'created': '2025-04-08 19:28:58', 'repeat_days': None, 'repeat_start': None, 'repeat_end': None, 'priority': 2, 'category_ids': []}, {'id': 78, 'task': '23', 'time': '22:45', 'created': '2025-04-08 19:28:16', 'repeat_days': None, 'repeat_start': None, 'repeat_end': None, 'priority': 1, 'category_ids': []}, {'id': 79, 'task': '23', 'time': '23:00', 'created': '2025-04-08 19:28:43', 'repeat_days': None, 'repeat_start': None, 'repeat_end': None, 'priority': 1, 'category_ids': []}]
2025-04-08 22:37:31 | INFO     | app                  | app.py:67 | Initializing Google Scheduler...
2025-04-08 22:40:16 | INFO     | app                  | app.py:67 | Initializing Google Scheduler...
2025-04-08 22:40:31 | INFO     | app                  | app.py:67 | Initializing Google Scheduler...
2025-04-08 22:41:20 | INFO     | app                  | app.py:67 | Initializing Google Scheduler...
2025-04-08 22:41:56 | INFO     | app                  | app.py:67 | Initializing Google Scheduler...
2025-04-08 22:46:18 | INFO     | app                  | app.py:67 | Initializing Google Scheduler...
2025-04-08 22:46:38 | INFO     | app                  | app.py:67 | Initializing Google Scheduler...
2025-04-08 22:49:23 | INFO     | app                  | app.py:67 | Initializing Google Scheduler...
2025-04-08 22:49:52 | INFO     | app                  | app.py:67 | Initializing Google Scheduler...
2025-04-08 22:52:07 | INFO     | app                  | app.py:67 | Initializing Google Scheduler...
2025-04-08 22:52:30 | INFO     | app                  | app.py:67 | Initializing Google Scheduler...
2025-04-08 23:10:15 | INFO     | app                  | app.py:67 | Initializing Google Scheduler...
2025-04-08 23:13:02 | INFO     | app                  | app.py:67 | Initializing Google Scheduler...
2025-04-08 23:20:00 | INFO     | app                  | app.py:67 | Initializing Google Scheduler...
2025-04-08 23:23:31 | INFO     | app                  | app.py:67 | Initializing Google Scheduler...
2025-04-08 23:23:52 | INFO     | app                  | app.py:67 | Initializing Google Scheduler...
2025-04-08 23:25:12 | INFO     | app                  | app.py:67 | Initializing Google Scheduler...
2025-04-09 14:43:26 | INFO     | app                  | app.py:67 | Initializing Google Scheduler...
2025-04-09 14:43:28 | INFO     | app                  | app.py:67 | Initializing Google Scheduler...
2025-04-09 14:43:38 | INFO     | app                  | app.py:214 | Received task form data: ImmutableMultiDict([])
2025-04-09 14:43:38 | INFO     | app                  | app.py:338 | Tasks data for day 2025-4-8: [{'id': 80, 'task': '0045', 'time': '00:45', 'created': '2025-04-08 19:28:58', 'repeat_days': None, 'repeat_start': None, 'repeat_end': None, 'priority': 2, 'category_ids': []}, {'id': 78, 'task': '23', 'time': '22:45', 'created': '2025-04-08 19:28:16', 'repeat_days': None, 'repeat_start': None, 'repeat_end': None, 'priority': 1, 'category_ids': []}, {'id': 79, 'task': '23', 'time': '23:00', 'created': '2025-04-08 19:28:43', 'repeat_days': None, 'repeat_start': None, 'repeat_end': None, 'priority': 1, 'category_ids': []}]
2025-04-10 11:45:29 | INFO     | app                  | app.py:67 | Initializing Google Scheduler...
2025-04-10 11:45:31 | INFO     | app                  | app.py:67 | Initializing Google Scheduler...
2025-04-10 14:48:44 | INFO     | app                  | app.py:67 | Initializing Google Scheduler...
2025-04-10 14:48:45 | INFO     | app                  | app.py:67 | Initializing Google Scheduler...
2025-04-10 14:49:24 | INFO     | app                  | app.py:67 | Initializing Google Scheduler...
2025-04-10 14:49:25 | INFO     | app                  | app.py:67 | Initializing Google Scheduler...
2025-04-10 14:49:45 | INFO     | app                  | app.py:67 | Initializing Google Scheduler...
2025-04-10 14:49:46 | INFO     | app                  | app.py:67 | Initializing Google Scheduler...
2025-04-10 14:50:08 | INFO     | app                  | app.py:67 | Initializing Google Scheduler...
2025-04-10 14:50:09 | INFO     | app                  | app.py:67 | Initializing Google Scheduler...
2025-04-10 14:50:59 | INFO     | app                  | app.py:67 | Initializing Google Scheduler...
2025-04-10 14:51:00 | INFO     | app                  | app.py:67 | Initializing Google Scheduler...
2025-04-10 14:51:10 | INFO     | app                  | app.py:67 | Initializing Google Scheduler...
2025-04-10 14:51:11 | INFO     | app                  | app.py:67 | Initializing Google Scheduler...
2025-04-10 14:51:21 | INFO     | app                  | app.py:67 | Initializing Google Scheduler...
2025-04-10 14:51:22 | INFO     | app                  | app.py:67 | Initializing Google Scheduler...
2025-04-10 14:51:43 | INFO     | app                  | app.py:67 | Initializing Google Scheduler...
2025-04-10 14:51:44 | INFO     | app                  | app.py:67 | Initializing Google Scheduler...
2025-04-10 14:52:06 | INFO     | app                  | app.py:67 | Initializing Google Scheduler...
2025-04-10 14:52:07 | INFO     | app                  | app.py:67 | Initializing Google Scheduler...
2025-04-10 14:52:21 | INFO     | app                  | app.py:67 | Initializing Google Scheduler...
2025-04-10 14:52:23 | INFO     | app                  | app.py:67 | Initializing Google Scheduler...
2025-04-10 14:52:37 | INFO     | app                  | app.py:67 | Initializing Google Scheduler...
2025-04-10 14:52:38 | INFO     | app                  | app.py:67 | Initializing Google Scheduler...
2025-04-10 14:52:51 | INFO     | app                  | app.py:67 | Initializing Google Scheduler...
2025-04-10 14:52:53 | INFO     | app                  | app.py:67 | Initializing Google Scheduler...
2025-04-10 14:53:00 | INFO     | app                  | app.py:67 | Initializing Google Scheduler...
2025-04-10 14:53:02 | INFO     | app                  | app.py:67 | Initializing Google Scheduler...
2025-04-10 14:53:09 | INFO     | app                  | app.py:67 | Initializing Google Scheduler...
2025-04-10 14:53:11 | INFO     | app                  | app.py:67 | Initializing Google Scheduler...
2025-04-10 14:53:35 | INFO     | app                  | app.py:67 | Initializing Google Scheduler...
2025-04-10 14:53:37 | INFO     | app                  | app.py:67 | Initializing Google Scheduler...
2025-04-10 14:54:47 | INFO     | app                  | app.py:67 | Initializing Google Scheduler...
2025-04-10 14:54:48 | INFO     | app                  | app.py:67 | Initializing Google Scheduler...
2025-04-10 14:55:26 | INFO     | app                  | app.py:67 | Initializing Google Scheduler...
2025-04-10 14:55:27 | INFO     | app                  | app.py:67 | Initializing Google Scheduler...
2025-04-10 14:55:39 | INFO     | app                  | app.py:67 | Initializing Google Scheduler...
2025-04-10 14:55:40 | INFO     | app                  | app.py:67 | Initializing Google Scheduler...
2025-04-10 15:58:46 | INFO     | app                  | app.py:67 | Initializing Google Scheduler...
2025-04-10 16:15:14 | INFO     | app                  | app.py:69 | Initializing Google Scheduler...
2025-04-10 16:15:15 | INFO     | app                  | app.py:69 | Initializing Google Scheduler...
2025-04-10 16:15:19 | INFO     | app                  | app.py:216 | Received task form data: ImmutableMultiDict([])
2025-04-10 16:15:19 | INFO     | app                  | app.py:340 | Tasks data for day 2025-4-9: []
2025-04-10 16:15:22 | INFO     | app                  | app.py:216 | Received task form data: ImmutableMultiDict([('date', '2025-04-09'), ('task', '1'), ('time', '12:00'), ('priority', '1'), ('repeat_days', '1'), ('repeat_start', '2025-04-09'), ('repeat_end', '')])
2025-04-10 16:15:22 | INFO     | app                  | app.py:216 | Received task form data: ImmutableMultiDict([])
2025-04-10 16:15:22 | INFO     | app                  | app.py:340 | Tasks data for day 2025-4-9: [{'id': 81, 'task': '1', 'time': '12:00', 'created': '2025-04-10 13:15:22', 'repeat_days': None, 'repeat_start': None, 'repeat_end': None, 'priority': 1, 'category_ids': []}]
2025-04-10 16:15:24 | INFO     | app                  | app.py:216 | Received task form data: ImmutableMultiDict([])
2025-04-10 16:15:24 | INFO     | app                  | app.py:340 | Tasks data for day 2025-4-9: []
2025-04-10 16:15:28 | INFO     | app                  | app.py:216 | Received task form data: ImmutableMultiDict([])
2025-04-10 16:15:28 | INFO     | app                  | app.py:340 | Tasks data for day 2025-4-9: [{'id': 81, 'task': '1', 'time': None, 'created': '2025-04-10 13:15:28', 'repeat_days': None, 'repeat_start': None, 'repeat_end': None, 'priority': 1, 'category_ids': []}]
2025-04-10 21:07:44 | INFO     | app                  | app.py:69 | Initializing Google Scheduler...
2025-04-10 21:08:05 | INFO     | app                  | app.py:69 | Initializing Google Scheduler...
2025-04-10 21:08:24 | INFO     | app                  | app.py:70 | Initializing Google Scheduler...
2025-04-10 21:10:04 | INFO     | app                  | app.py:71 | Initializing Google Scheduler...
2025-04-10 21:11:00 | INFO     | app                  | app.py:71 | Initializing Google Scheduler...
2025-04-10 21:11:18 | INFO     | app                  | app.py:71 | Initializing Google Scheduler...
2025-04-10 21:13:01 | INFO     | app                  | app.py:73 | Initializing Google Scheduler...
2025-04-10 21:13:03 | INFO     | app                  | app.py:73 | Initializing Google Scheduler...
2025-04-10 21:13:09 | INFO     | app                  | app.py:220 | Received task form data: ImmutableMultiDict([])
2025-04-10 21:13:09 | INFO     | app                  | app.py:344 | Tasks data for day 2025-4-11: [{'id': 2, 'task': "Белка's birthday", 'time': None, 'created': '2025-04-08 04:09:24.338685', 'repeat_days': None, 'repeat_start': None, 'repeat_end': None, 'priority': 1, 'category_ids': []}, {'id': 17, 'task': "Белка's birthday", 'time': None, 'created': '2025-04-08 04:21:53.699556', 'repeat_days': None, 'repeat_start': None, 'repeat_end': None, 'priority': 1, 'category_ids': []}, {'id': 3, 'task': 'укол', 'time': '19:00', 'created': '2025-04-08 04:09:24.338685', 'repeat_days': None, 'repeat_start': None, 'repeat_end': None, 'priority': 1, 'category_ids': []}, {'id': 18, 'task': 'укол', 'time': '19:00', 'created': '2025-04-08 04:21:53.699556', 'repeat_days': None, 'repeat_start': None, 'repeat_end': None, 'priority': 1, 'category_ids': []}]
2025-04-10 21:13:13 | INFO     | app                  | app.py:220 | Received task form data: ImmutableMultiDict([])
2025-04-10 21:13:13 | INFO     | app                  | app.py:344 | Tasks data for day 2025-4-10: [{'id': 1, 'task': 'test', 'time': None, 'created': '2025-04-08 04:09:24.338685', 'repeat_days': None, 'repeat_start': None, 'repeat_end': None, 'priority': 1, 'category_ids': []}, {'id': 16, 'task': 'test', 'time': None, 'created': '2025-04-08 04:21:53.699052', 'repeat_days': None, 'repeat_start': None, 'repeat_end': None, 'priority': 1, 'category_ids': []}]
2025-04-10 21:13:15 | INFO     | app                  | app.py:220 | Received task form data: ImmutableMultiDict([('delete', '1')])
2025-04-10 21:13:15 | INFO     | app                  | app.py:220 | Received task form data: ImmutableMultiDict([])
2025-04-10 21:13:15 | INFO     | app                  | app.py:344 | Tasks data for day 2025-4-10: [{'id': 16, 'task': 'test', 'time': None, 'created': '2025-04-08 04:21:53.699052', 'repeat_days': None, 'repeat_start': None, 'repeat_end': None, 'priority': 1, 'category_ids': []}]
2025-04-10 21:13:17 | INFO     | app                  | app.py:220 | Received task form data: ImmutableMultiDict([('delete', '16')])
2025-04-10 21:13:17 | INFO     | app                  | app.py:220 | Received task form data: ImmutableMultiDict([])
2025-04-10 21:13:17 | INFO     | app                  | app.py:344 | Tasks data for day 2025-4-10: []
2025-04-10 21:13:20 | INFO     | app                  | app.py:220 | Received task form data: ImmutableMultiDict([('date', '2025-04-10'), ('task', '12'), ('time', '12:00'), ('priority', '1'), ('repeat_days', '1'), ('repeat_start', '2025-04-10'), ('repeat_end', '')])
2025-04-10 21:13:20 | INFO     | app                  | app.py:220 | Received task form data: ImmutableMultiDict([])
2025-04-10 21:13:20 | INFO     | app                  | app.py:344 | Tasks data for day 2025-4-10: [{'id': 82, 'task': '12', 'time': '12:00', 'created': '2025-04-10 18:13:20', 'repeat_days': None, 'repeat_start': None, 'repeat_end': None, 'priority': 1, 'category_ids': []}]
2025-04-10 21:13:22 | INFO     | app                  | app.py:220 | Received task form data: ImmutableMultiDict([])
2025-04-10 21:13:22 | INFO     | app                  | app.py:344 | Tasks data for day 2025-4-10: []
2025-04-10 21:13:23 | INFO     | app                  | app.py:220 | Received task form data: ImmutableMultiDict([])
2025-04-10 21:13:23 | INFO     | app                  | app.py:344 | Tasks data for day 2025-4-10: [{'id': 82, 'task': '12', 'time': None, 'created': '2025-04-10 18:13:23', 'repeat_days': None, 'repeat_start': None, 'repeat_end': None, 'priority': 1, 'category_ids': []}]
2025-04-10 21:13:25 | INFO     | app                  | app.py:220 | Received task form data: ImmutableMultiDict([])
2025-04-10 21:13:25 | INFO     | app                  | app.py:344 | Tasks data for day 2025-4-10: []
2025-04-10 21:13:26 | INFO     | app                  | app.py:220 | Received task form data: ImmutableMultiDict([])
2025-04-10 21:13:26 | INFO     | app                  | app.py:344 | Tasks data for day 2025-4-10: [{'id': 82, 'task': '12', 'time': None, 'created': '2025-04-10 18:13:26', 'repeat_days': None, 'repeat_start': None, 'repeat_end': None, 'priority': 1, 'category_ids': []}]
2025-04-10 21:13:30 | INFO     | app                  | app.py:220 | Received task form data: ImmutableMultiDict([])
2025-04-10 21:13:30 | INFO     | app                  | app.py:344 | Tasks data for day 2025-4-10: []
2025-04-10 21:14:28 | INFO     | app                  | app.py:73 | Initializing Google Scheduler...
2025-04-10 21:14:30 | INFO     | app                  | app.py:73 | Initializing Google Scheduler...
2025-04-10 21:14:32 | INFO     | app                  | app.py:220 | Received task form data: ImmutableMultiDict([])
2025-04-10 21:14:32 | INFO     | app                  | app.py:344 | Tasks data for day 2025-4-16: [{'id': 43, 'task': '5yrty', 'time': '12:00', 'created': '2025-04-08 02:12:11', 'repeat_days': None, 'repeat_start': None, 'repeat_end': None, 'priority': 1, 'category_ids': []}]
2025-04-10 21:14:45 | INFO     | app                  | app.py:73 | Initializing Google Scheduler...
2025-04-10 21:14:46 | INFO     | app                  | app.py:73 | Initializing Google Scheduler...
2025-04-10 21:14:48 | INFO     | app                  | app.py:220 | Received task form data: ImmutableMultiDict([])
2025-04-10 21:14:48 | INFO     | app                  | app.py:344 | Tasks data for day 2025-4-10: []
2025-04-10 21:14:49 | INFO     | app                  | app.py:220 | Received task form data: ImmutableMultiDict([])
2025-04-10 21:14:49 | INFO     | app                  | app.py:344 | Tasks data for day 2025-4-11: [{'id': 2, 'task': "Белка's birthday", 'time': None, 'created': '2025-04-08 04:09:24.338685', 'repeat_days': None, 'repeat_start': None, 'repeat_end': None, 'priority': 1, 'category_ids': []}, {'id': 17, 'task': "Белка's birthday", 'time': None, 'created': '2025-04-08 04:21:53.699556', 'repeat_days': None, 'repeat_start': None, 'repeat_end': None, 'priority': 1, 'category_ids': []}, {'id': 3, 'task': 'укол', 'time': '19:00', 'created': '2025-04-08 04:09:24.338685', 'repeat_days': None, 'repeat_start': None, 'repeat_end': None, 'priority': 1, 'category_ids': []}, {'id': 18, 'task': 'укол', 'time': '19:00', 'created': '2025-04-08 04:21:53.699556', 'repeat_days': None, 'repeat_start': None, 'repeat_end': None, 'priority': 1, 'category_ids': []}]
2025-04-10 21:19:22 | INFO     | app                  | app.py:220 | Received task form data: ImmutableMultiDict([])
2025-04-10 21:19:22 | INFO     | app                  | app.py:344 | Tasks data for day 2025-4-10: [{'id': 83, 'task': 'test', 'time': None, 'created': '2025-04-10 21:16:47.820065', 'repeat_days': None, 'repeat_start': None, 'repeat_end': None, 'priority': 1, 'category_ids': []}]
2025-04-10 21:19:23 | INFO     | app                  | app.py:220 | Received task form data: ImmutableMultiDict([('date', '2025-04-10'), ('task', '1'), ('time', '12:00'), ('priority', '1'), ('repeat_days', '1'), ('repeat_start', '2025-04-10'), ('repeat_end', '')])
2025-04-10 21:19:23 | INFO     | app                  | app.py:220 | Received task form data: ImmutableMultiDict([])
2025-04-10 21:19:23 | INFO     | app                  | app.py:344 | Tasks data for day 2025-4-10: [{'id': 83, 'task': 'test', 'time': None, 'created': '2025-04-10 21:16:47.820065', 'repeat_days': None, 'repeat_start': None, 'repeat_end': None, 'priority': 1, 'category_ids': []}, {'id': 84, 'task': '1', 'time': '12:00', 'created': '2025-04-10 18:19:23', 'repeat_days': None, 'repeat_start': None, 'repeat_end': None, 'priority': 1, 'category_ids': []}]
2025-04-10 21:19:29 | INFO     | app                  | app.py:220 | Received task form data: ImmutableMultiDict([('task_id', '84'), ('task', '1'), ('time', '12:20'), ('priority', '2')])
2025-04-10 21:19:29 | INFO     | app                  | app.py:220 | Received task form data: ImmutableMultiDict([])
2025-04-10 21:19:29 | INFO     | app                  | app.py:344 | Tasks data for day 2025-4-10: [{'id': 84, 'task': '1', 'time': '12:20', 'created': '2025-04-10 18:19:23', 'repeat_days': None, 'repeat_start': None, 'repeat_end': None, 'priority': 2, 'category_ids': []}, {'id': 83, 'task': 'test', 'time': None, 'created': '2025-04-10 21:16:47.820065', 'repeat_days': None, 'repeat_start': None, 'repeat_end': None, 'priority': 1, 'category_ids': []}]
2025-04-10 21:25:32 | INFO     | app                  | app.py:220 | Received task form data: ImmutableMultiDict([])
2025-04-10 21:25:32 | INFO     | app                  | app.py:344 | Tasks data for day 2025-4-10: [{'id': 84, 'task': '1', 'time': '12:20', 'created': '2025-04-10 18:19:23', 'repeat_days': None, 'repeat_start': None, 'repeat_end': None, 'priority': 2, 'category_ids': []}, {'id': 83, 'task': 'test', 'time': None, 'created': '2025-04-10 21:16:47.820065', 'repeat_days': None, 'repeat_start': None, 'repeat_end': None, 'priority': 1, 'category_ids': []}]
2025-04-10 21:28:48 | INFO     | app                  | app.py:220 | Received task form data: ImmutableMultiDict([])
2025-04-10 21:28:48 | INFO     | app                  | app.py:344 | Tasks data for day 2025-4-10: [{'id': 84, 'task': '1', 'time': '12:20', 'created': '2025-04-10 18:19:23', 'repeat_days': None, 'repeat_start': None, 'repeat_end': None, 'priority': 2, 'category_ids': []}, {'id': 83, 'task': 'test', 'time': None, 'created': '2025-04-10 21:16:47.820065', 'repeat_days': None, 'repeat_start': None, 'repeat_end': None, 'priority': 1, 'category_ids': []}]
2025-04-10 21:50:15 | INFO     | app                  | app.py:73 | Initializing Google Scheduler...
2025-04-10 21:50:16 | INFO     | app                  | app.py:73 | Initializing Google Scheduler...
2025-04-10 21:50:21 | INFO     | app                  | app.py:220 | Received task form data: ImmutableMultiDict([])
2025-04-10 21:50:21 | INFO     | app                  | app.py:344 | Tasks data for day 2025-4-10: [{'id': 84, 'task': '1', 'time': '12:20', 'created': '2025-04-10 18:19:23', 'repeat_days': None, 'repeat_start': None, 'repeat_end': None, 'priority': 2, 'category_ids': []}, {'id': 83, 'task': 'test', 'time': None, 'created': '2025-04-10 21:16:47.820065', 'repeat_days': None, 'repeat_start': None, 'repeat_end': None, 'priority': 1, 'category_ids': []}]
2025-04-10 21:50:58 | INFO     | app                  | app.py:73 | Initializing Google Scheduler...
2025-04-10 21:51:00 | INFO     | app                  | app.py:73 | Initializing Google Scheduler...
2025-04-10 21:51:03 | INFO     | app                  | app.py:220 | Received task form data: ImmutableMultiDict([])
2025-04-10 21:51:03 | INFO     | app                  | app.py:344 | Tasks data for day 2025-4-10: [{'id': 84, 'task': '1', 'time': '12:20', 'created': '2025-04-10 18:19:23', 'repeat_days': None, 'repeat_start': None, 'repeat_end': None, 'priority': 2, 'category_ids': []}, {'id': 83, 'task': 'test', 'time': None, 'created': '2025-04-10 21:16:47.820065', 'repeat_days': None, 'repeat_start': None, 'repeat_end': None, 'priority': 1, 'category_ids': []}]
2025-04-10 21:51:15 | INFO     | app                  | app.py:220 | Received task form data: ImmutableMultiDict([('task_id', '84'), ('task', '11'), ('time', '12:40'), ('priority', '3'), ('repeat_days', '1'), ('repeat_start', '2025-04-10'), ('repeat_end', '')])
2025-04-10 21:51:15 | INFO     | app                  | app.py:220 | Received task form data: ImmutableMultiDict([])
2025-04-10 21:51:15 | INFO     | app                  | app.py:344 | Tasks data for day 2025-4-10: [{'id': 84, 'task': '11', 'time': '12:40', 'created': '2025-04-10 18:19:23', 'repeat_days': None, 'repeat_start': None, 'repeat_end': None, 'priority': 3, 'category_ids': []}, {'id': 83, 'task': 'test', 'time': None, 'created': '2025-04-10 21:16:47.820065', 'repeat_days': None, 'repeat_start': None, 'repeat_end': None, 'priority': 1, 'category_ids': []}]
2025-04-10 21:51:20 | INFO     | app                  | app.py:220 | Received task form data: ImmutableMultiDict([('task_id', '84'), ('task', '11'), ('time', '12:40'), ('priority', '3'), ('repeat_enabled', 'on'), ('repeat_days', '1'), ('repeat_start', '2025-04-10'), ('repeat_end', '')])
2025-04-10 21:51:20 | INFO     | app                  | app.py:220 | Received task form data: ImmutableMultiDict([])
2025-04-10 21:51:20 | INFO     | app                  | app.py:344 | Tasks data for day 2025-4-10: [{'id': 84, 'task': '11', 'time': '12:40', 'created': '2025-04-10 18:19:23', 'repeat_days': 1, 'repeat_start': '2025-04-10', 'repeat_end': '', 'priority': 3, 'category_ids': []}, {'id': 83, 'task': 'test', 'time': None, 'created': '2025-04-10 21:16:47.820065', 'repeat_days': None, 'repeat_start': None, 'repeat_end': None, 'priority': 1, 'category_ids': []}]
2025-04-10 21:51:23 | INFO     | app                  | app.py:220 | Received task form data: ImmutableMultiDict([('task_id', '84'), ('task', '11'), ('time', '12:40'), ('priority', '3'), ('repeat_days', '1'), ('repeat_start', '2025-04-10'), ('repeat_end', '')])
2025-04-10 21:51:23 | INFO     | app                  | app.py:220 | Received task form data: ImmutableMultiDict([])
2025-04-10 21:51:23 | INFO     | app                  | app.py:344 | Tasks data for day 2025-4-10: [{'id': 84, 'task': '11', 'time': '12:40', 'created': '2025-04-10 18:19:23', 'repeat_days': None, 'repeat_start': None, 'repeat_end': None, 'priority': 3, 'category_ids': []}, {'id': 83, 'task': 'test', 'time': None, 'created': '2025-04-10 21:16:47.820065', 'repeat_days': None, 'repeat_start': None, 'repeat_end': None, 'priority': 1, 'category_ids': []}]
2025-04-10 21:54:55 | INFO     | app                  | app.py:220 | Received task form data: ImmutableMultiDict([])
2025-04-10 21:54:55 | INFO     | app                  | app.py:220 | Received task form data: ImmutableMultiDict([])
2025-04-10 21:54:55 | INFO     | app                  | app.py:344 | Tasks data for day 2025-4-11: [{'id': 2, 'task': "Белка's birthday", 'time': None, 'created': '2025-04-08 04:09:24.338685', 'repeat_days': None, 'repeat_start': None, 'repeat_end': None, 'priority': 1, 'category_ids': []}, {'id': 17, 'task': "Белка's birthday", 'time': None, 'created': '2025-04-08 04:21:53.699556', 'repeat_days': None, 'repeat_start': None, 'repeat_end': None, 'priority': 1, 'category_ids': []}, {'id': 3, 'task': 'укол', 'time': '19:00', 'created': '2025-04-08 04:09:24.338685', 'repeat_days': None, 'repeat_start': None, 'repeat_end': None, 'priority': 1, 'category_ids': []}, {'id': 18, 'task': 'укол', 'time': '19:00', 'created': '2025-04-08 04:21:53.699556', 'repeat_days': None, 'repeat_start': None, 'repeat_end': None, 'priority': 1, 'category_ids': []}]
2025-04-10 21:54:55 | INFO     | app                  | app.py:220 | Received task form data: ImmutableMultiDict([])
2025-04-10 21:54:55 | INFO     | app                  | app.py:344 | Tasks data for day 2025-4-11: [{'id': 2, 'task': "Белка's birthday", 'time': None, 'created': '2025-04-08 04:09:24.338685', 'repeat_days': None, 'repeat_start': None, 'repeat_end': None, 'priority': 1, 'category_ids': []}, {'id': 17, 'task': "Белка's birthday", 'time': None, 'created': '2025-04-08 04:21:53.699556', 'repeat_days': None, 'repeat_start': None, 'repeat_end': None, 'priority': 1, 'category_ids': []}, {'id': 3, 'task': 'укол', 'time': '19:00', 'created': '2025-04-08 04:09:24.338685', 'repeat_days': None, 'repeat_start': None, 'repeat_end': None, 'priority': 1, 'category_ids': []}, {'id': 18, 'task': 'укол', 'time': '19:00', 'created': '2025-04-08 04:21:53.699556', 'repeat_days': None, 'repeat_start': None, 'repeat_end': None, 'priority': 1, 'category_ids': []}]
2025-04-10 21:54:55 | INFO     | app                  | app.py:220 | Received task form data: ImmutableMultiDict([])
2025-04-10 21:54:55 | INFO     | app                  | app.py:220 | Received task form data: ImmutableMultiDict([])
2025-04-10 21:54:55 | INFO     | app                  | app.py:344 | Tasks data for day 2025-4-11: [{'id': 2, 'task': "Белка's birthday", 'time': None, 'created': '2025-04-08 04:09:24.338685', 'repeat_days': None, 'repeat_start': None, 'repeat_end': None, 'priority': 1, 'category_ids': []}, {'id': 17, 'task': "Белка's birthday", 'time': None, 'created': '2025-04-08 04:21:53.699556', 'repeat_days': None, 'repeat_start': None, 'repeat_end': None, 'priority': 1, 'category_ids': []}, {'id': 3, 'task': 'укол', 'time': '19:00', 'created': '2025-04-08 04:09:24.338685', 'repeat_days': None, 'repeat_start': None, 'repeat_end': None, 'priority': 1, 'category_ids': []}, {'id': 18, 'task': 'укол', 'time': '19:00', 'created': '2025-04-08 04:21:53.699556', 'repeat_days': None, 'repeat_start': None, 'repeat_end': None, 'priority': 1, 'category_ids': []}]
2025-04-10 21:54:55 | INFO     | app                  | app.py:344 | Tasks data for day 2025-4-11: [{'id': 2, 'task': "Белка's birthday", 'time': None, 'created': '2025-04-08 04:09:24.338685', 'repeat_days': None, 'repeat_start': None, 'repeat_end': None, 'priority': 1, 'category_ids': []}, {'id': 17, 'task': "Белка's birthday", 'time': None, 'created': '2025-04-08 04:21:53.699556', 'repeat_days': None, 'repeat_start': None, 'repeat_end': None, 'priority': 1, 'category_ids': []}, {'id': 3, 'task': 'укол', 'time': '19:00', 'created': '2025-04-08 04:09:24.338685', 'repeat_days': None, 'repeat_start': None, 'repeat_end': None, 'priority': 1, 'category_ids': []}, {'id': 18, 'task': 'укол', 'time': '19:00', 'created': '2025-04-08 04:21:53.699556', 'repeat_days': None, 'repeat_start': None, 'repeat_end': None, 'priority': 1, 'category_ids': []}]
2025-04-10 21:54:55 | INFO     | app                  | app.py:344 | Tasks data for day 2025-4-11: [{'id': 2, 'task': "Белка's birthday", 'time': None, 'created': '2025-04-08 04:09:24.338685', 'repeat_days': None, 'repeat_start': None, 'repeat_end': None, 'priority': 1, 'category_ids': []}, {'id': 17, 'task': "Белка's birthday", 'time': None, 'created': '2025-04-08 04:21:53.699556', 'repeat_days': None, 'repeat_start': None, 'repeat_end': None, 'priority': 1, 'category_ids': []}, {'id': 3, 'task': 'укол', 'time': '19:00', 'created': '2025-04-08 04:09:24.338685', 'repeat_days': None, 'repeat_start': None, 'repeat_end': None, 'priority': 1, 'category_ids': []}, {'id': 18, 'task': 'укол', 'time': '19:00', 'created': '2025-04-08 04:21:53.699556', 'repeat_days': None, 'repeat_start': None, 'repeat_end': None, 'priority': 1, 'category_ids': []}]
2025-04-10 21:54:59 | INFO     | app                  | app.py:220 | Received task form data: ImmutableMultiDict([])
2025-04-10 21:54:59 | INFO     | app                  | app.py:344 | Tasks data for day 2025-4-10: [{'id': 84, 'task': '11', 'time': '12:40', 'created': '2025-04-10 18:19:23', 'repeat_days': None, 'repeat_start': None, 'repeat_end': None, 'priority': 3, 'category_ids': []}, {'id': 83, 'task': 'test', 'time': None, 'created': '2025-04-10 21:16:47.820065', 'repeat_days': None, 'repeat_start': None, 'repeat_end': None, 'priority': 1, 'category_ids': []}]
2025-04-10 21:54:59 | INFO     | app                  | app.py:220 | Received task form data: ImmutableMultiDict([])
2025-04-10 21:54:59 | INFO     | app                  | app.py:220 | Received task form data: ImmutableMultiDict([])
2025-04-10 21:54:59 | INFO     | app                  | app.py:344 | Tasks data for day 2025-4-10: [{'id': 84, 'task': '11', 'time': '12:40', 'created': '2025-04-10 18:19:23', 'repeat_days': None, 'repeat_start': None, 'repeat_end': None, 'priority': 3, 'category_ids': []}, {'id': 83, 'task': 'test', 'time': None, 'created': '2025-04-10 21:16:47.820065', 'repeat_days': None, 'repeat_start': None, 'repeat_end': None, 'priority': 1, 'category_ids': []}]
2025-04-10 21:54:59 | INFO     | app                  | app.py:344 | Tasks data for day 2025-4-10: [{'id': 84, 'task': '11', 'time': '12:40', 'created': '2025-04-10 18:19:23', 'repeat_days': None, 'repeat_start': None, 'repeat_end': None, 'priority': 3, 'category_ids': []}, {'id': 83, 'task': 'test', 'time': None, 'created': '2025-04-10 21:16:47.820065', 'repeat_days': None, 'repeat_start': None, 'repeat_end': None, 'priority': 1, 'category_ids': []}]
2025-04-10 21:54:59 | INFO     | app                  | app.py:220 | Received task form data: ImmutableMultiDict([])
2025-04-10 21:54:59 | INFO     | app                  | app.py:220 | Received task form data: ImmutableMultiDict([])
2025-04-10 21:54:59 | INFO     | app                  | app.py:220 | Received task form data: ImmutableMultiDict([])
2025-04-10 21:54:59 | INFO     | app                  | app.py:344 | Tasks data for day 2025-4-10: [{'id': 84, 'task': '11', 'time': '12:40', 'created': '2025-04-10 18:19:23', 'repeat_days': None, 'repeat_start': None, 'repeat_end': None, 'priority': 3, 'category_ids': []}, {'id': 83, 'task': 'test', 'time': None, 'created': '2025-04-10 21:16:47.820065', 'repeat_days': None, 'repeat_start': None, 'repeat_end': None, 'priority': 1, 'category_ids': []}]
2025-04-10 21:54:59 | INFO     | app                  | app.py:220 | Received task form data: ImmutableMultiDict([])
2025-04-10 21:54:59 | INFO     | app                  | app.py:220 | Received task form data: ImmutableMultiDict([])
2025-04-10 21:54:59 | INFO     | app                  | app.py:344 | Tasks data for day 2025-4-10: [{'id': 84, 'task': '11', 'time': '12:40', 'created': '2025-04-10 18:19:23', 'repeat_days': None, 'repeat_start': None, 'repeat_end': None, 'priority': 3, 'category_ids': []}, {'id': 83, 'task': 'test', 'time': None, 'created': '2025-04-10 21:16:47.820065', 'repeat_days': None, 'repeat_start': None, 'repeat_end': None, 'priority': 1, 'category_ids': []}]
2025-04-10 21:54:59 | INFO     | app                  | app.py:220 | Received task form data: ImmutableMultiDict([])
2025-04-10 21:54:59 | INFO     | app                  | app.py:344 | Tasks data for day 2025-4-10: [{'id': 84, 'task': '11', 'time': '12:40', 'created': '2025-04-10 18:19:23', 'repeat_days': None, 'repeat_start': None, 'repeat_end': None, 'priority': 3, 'category_ids': []}, {'id': 83, 'task': 'test', 'time': None, 'created': '2025-04-10 21:16:47.820065', 'repeat_days': None, 'repeat_start': None, 'repeat_end': None, 'priority': 1, 'category_ids': []}]
2025-04-10 21:54:59 | INFO     | app                  | app.py:344 | Tasks data for day 2025-4-10: [{'id': 84, 'task': '11', 'time': '12:40', 'created': '2025-04-10 18:19:23', 'repeat_days': None, 'repeat_start': None, 'repeat_end': None, 'priority': 3, 'category_ids': []}, {'id': 83, 'task': 'test', 'time': None, 'created': '2025-04-10 21:16:47.820065', 'repeat_days': None, 'repeat_start': None, 'repeat_end': None, 'priority': 1, 'category_ids': []}]
2025-04-10 21:54:59 | INFO     | app                  | app.py:344 | Tasks data for day 2025-4-10: [{'id': 84, 'task': '11', 'time': '12:40', 'created': '2025-04-10 18:19:23', 'repeat_days': None, 'repeat_start': None, 'repeat_end': None, 'priority': 3, 'category_ids': []}, {'id': 83, 'task': 'test', 'time': None, 'created': '2025-04-10 21:16:47.820065', 'repeat_days': None, 'repeat_start': None, 'repeat_end': None, 'priority': 1, 'category_ids': []}]
2025-04-10 21:54:59 | INFO     | app                  | app.py:344 | Tasks data for day 2025-4-10: [{'id': 84, 'task': '11', 'time': '12:40', 'created': '2025-04-10 18:19:23', 'repeat_days': None, 'repeat_start': None, 'repeat_end': None, 'priority': 3, 'category_ids': []}, {'id': 83, 'task': 'test', 'time': None, 'created': '2025-04-10 21:16:47.820065', 'repeat_days': None, 'repeat_start': None, 'repeat_end': None, 'priority': 1, 'category_ids': []}]
2025-04-10 21:54:59 | INFO     | app                  | app.py:220 | Received task form data: ImmutableMultiDict([])
2025-04-10 21:54:59 | INFO     | app                  | app.py:344 | Tasks data for day 2025-4-10: [{'id': 84, 'task': '11', 'time': '12:40', 'created': '2025-04-10 18:19:23', 'repeat_days': None, 'repeat_start': None, 'repeat_end': None, 'priority': 3, 'category_ids': []}, {'id': 83, 'task': 'test', 'time': None, 'created': '2025-04-10 21:16:47.820065', 'repeat_days': None, 'repeat_start': None, 'repeat_end': None, 'priority': 1, 'category_ids': []}]
2025-04-10 22:02:47 | INFO     | app                  | app.py:73 | Initializing Google Scheduler...
2025-04-10 22:02:49 | INFO     | app                  | app.py:73 | Initializing Google Scheduler...
2025-04-10 22:02:54 | INFO     | app                  | app.py:220 | Received task form data: ImmutableMultiDict([])
2025-04-10 22:02:54 | INFO     | app                  | app.py:344 | Tasks data for day 2025-4-10: [{'id': 84, 'task': '11', 'time': '12:40', 'created': '2025-04-10 18:19:23', 'repeat_days': None, 'repeat_start': None, 'repeat_end': None, 'priority': 3, 'category_ids': []}, {'id': 83, 'task': 'test', 'time': None, 'created': '2025-04-10 21:16:47.820065', 'repeat_days': None, 'repeat_start': None, 'repeat_end': None, 'priority': 1, 'category_ids': []}]
2025-04-10 22:06:01 | INFO     | app                  | app.py:73 | Initializing Google Scheduler...
2025-04-11 17:30:27 | INFO     | app                  | app.py:73 | Initializing Google Scheduler...
2025-04-11 17:30:28 | INFO     | app                  | app.py:73 | Initializing Google Scheduler...
2025-04-11 17:31:05 | INFO     | app                  | app.py:73 | Initializing Google Scheduler...
2025-04-11 17:31:06 | INFO     | app                  | app.py:73 | Initializing Google Scheduler...
2025-04-11 17:31:11 | INFO     | app                  | app.py:220 | Received task form data: ImmutableMultiDict([])
2025-04-11 17:31:11 | INFO     | app                  | app.py:344 | Tasks data for day 2025-4-11: [{'id': 2, 'task': "Белка's birthday", 'time': None, 'created': '2025-04-08 04:09:24.338685', 'repeat_days': None, 'repeat_start': None, 'repeat_end': None, 'priority': 1, 'category_ids': []}, {'id': 17, 'task': "Белка's birthday", 'time': None, 'created': '2025-04-08 04:21:53.699556', 'repeat_days': None, 'repeat_start': None, 'repeat_end': None, 'priority': 1, 'category_ids': []}, {'id': 3, 'task': 'укол', 'time': '19:00', 'created': '2025-04-08 04:09:24.338685', 'repeat_days': None, 'repeat_start': None, 'repeat_end': None, 'priority': 1, 'category_ids': []}, {'id': 18, 'task': 'укол', 'time': '19:00', 'created': '2025-04-08 04:21:53.699556', 'repeat_days': None, 'repeat_start': None, 'repeat_end': None, 'priority': 1, 'category_ids': []}]
2025-04-11 17:31:14 | INFO     | app                  | app.py:220 | Received task form data: ImmutableMultiDict([('date', '2025-04-11'), ('task', '33'), ('time', '12:00'), ('priority', '1'), ('repeat_days', '1'), ('repeat_start', '2025-04-11'), ('repeat_end', '')])
2025-04-11 17:31:14 | INFO     | app                  | app.py:220 | Received task form data: ImmutableMultiDict([])
2025-04-11 17:31:14 | INFO     | app                  | app.py:344 | Tasks data for day 2025-4-11: [{'id': 2, 'task': "Белка's birthday", 'time': None, 'created': '2025-04-08 04:09:24.338685', 'repeat_days': None, 'repeat_start': None, 'repeat_end': None, 'priority': 1, 'category_ids': []}, {'id': 17, 'task': "Белка's birthday", 'time': None, 'created': '2025-04-08 04:21:53.699556', 'repeat_days': None, 'repeat_start': None, 'repeat_end': None, 'priority': 1, 'category_ids': []}, {'id': 86, 'task': '33', 'time': '12:00', 'created': '2025-04-11 14:31:14', 'repeat_days': None, 'repeat_start': None, 'repeat_end': None, 'priority': 1, 'category_ids': []}, {'id': 3, 'task': 'укол', 'time': '19:00', 'created': '2025-04-08 04:09:24.338685', 'repeat_days': None, 'repeat_start': None, 'repeat_end': None, 'priority': 1, 'category_ids': []}, {'id': 18, 'task': 'укол', 'time': '19:00', 'created': '2025-04-08 04:21:53.699556', 'repeat_days': None, 'repeat_start': None, 'repeat_end': None, 'priority': 1, 'category_ids': []}]
2025-04-11 17:31:22 | INFO     | app                  | app.py:220 | Received task form data: ImmutableMultiDict([])
2025-04-11 17:31:22 | INFO     | app                  | app.py:344 | Tasks data for day 2025-4-11: [{'id': 2, 'task': "Белка's birthday", 'time': None, 'created': '2025-04-08 04:09:24.338685', 'repeat_days': None, 'repeat_start': None, 'repeat_end': None, 'priority': 1, 'category_ids': []}, {'id': 17, 'task': "Белка's birthday", 'time': None, 'created': '2025-04-08 04:21:53.699556', 'repeat_days': None, 'repeat_start': None, 'repeat_end': None, 'priority': 1, 'category_ids': []}, {'id': 3, 'task': 'укол', 'time': '19:00', 'created': '2025-04-08 04:09:24.338685', 'repeat_days': None, 'repeat_start': None, 'repeat_end': None, 'priority': 1, 'category_ids': []}, {'id': 18, 'task': 'укол', 'time': '19:00', 'created': '2025-04-08 04:21:53.699556', 'repeat_days': None, 'repeat_start': None, 'repeat_end': None, 'priority': 1, 'category_ids': []}]
2025-04-11 17:31:25 | INFO     | app                  | app.py:220 | Received task form data: ImmutableMultiDict([])
2025-04-11 17:31:25 | INFO     | app                  | app.py:344 | Tasks data for day 2025-4-11: [{'id': 2, 'task': "Белка's birthday", 'time': None, 'created': '2025-04-08 04:09:24.338685', 'repeat_days': None, 'repeat_start': None, 'repeat_end': None, 'priority': 1, 'category_ids': []}, {'id': 17, 'task': "Белка's birthday", 'time': None, 'created': '2025-04-08 04:21:53.699556', 'repeat_days': None, 'repeat_start': None, 'repeat_end': None, 'priority': 1, 'category_ids': []}, {'id': 86, 'task': '33', 'time': None, 'created': '2025-04-11 14:31:25', 'repeat_days': None, 'repeat_start': None, 'repeat_end': None, 'priority': 1, 'category_ids': []}, {'id': 3, 'task': 'укол', 'time': '19:00', 'created': '2025-04-08 04:09:24.338685', 'repeat_days': None, 'repeat_start': None, 'repeat_end': None, 'priority': 1, 'category_ids': []}, {'id': 18, 'task': 'укол', 'time': '19:00', 'created': '2025-04-08 04:21:53.699556', 'repeat_days': None, 'repeat_start': None, 'repeat_end': None, 'priority': 1, 'category_ids': []}]
2025-04-11 17:32:15 | INFO     | app                  | app.py:73 | Initializing Google Scheduler...
2025-04-11 17:32:17 | INFO     | app                  | app.py:73 | Initializing Google Scheduler...
2025-04-11 17:32:19 | INFO     | app                  | app.py:220 | Received task form data: ImmutableMultiDict([])
2025-04-11 17:32:19 | INFO     | app                  | app.py:344 | Tasks data for day 2025-4-11: [{'id': 2, 'task': "Белка's birthday", 'time': None, 'created': '2025-04-08 04:09:24.338685', 'repeat_days': None, 'repeat_start': None, 'repeat_end': None, 'priority': 1, 'category_ids': []}, {'id': 17, 'task': "Белка's birthday", 'time': None, 'created': '2025-04-08 04:21:53.699556', 'repeat_days': None, 'repeat_start': None, 'repeat_end': None, 'priority': 1, 'category_ids': []}, {'id': 86, 'task': '33', 'time': None, 'created': '2025-04-11 14:31:25', 'repeat_days': None, 'repeat_start': None, 'repeat_end': None, 'priority': 1, 'category_ids': []}, {'id': 3, 'task': 'укол', 'time': '19:00', 'created': '2025-04-08 04:09:24.338685', 'repeat_days': None, 'repeat_start': None, 'repeat_end': None, 'priority': 1, 'category_ids': []}, {'id': 18, 'task': 'укол', 'time': '19:00', 'created': '2025-04-08 04:21:53.699556', 'repeat_days': None, 'repeat_start': None, 'repeat_end': None, 'priority': 1, 'category_ids': []}]
2025-04-11 17:33:57 | INFO     | app                  | app.py:73 | Initializing Google Scheduler...
2025-04-11 17:33:59 | INFO     | app                  | app.py:73 | Initializing Google Scheduler...
2025-04-11 17:34:07 | INFO     | app                  | app.py:73 | Initializing Google Scheduler...
2025-04-11 17:34:18 | INFO     | app                  | app.py:73 | Initializing Google Scheduler...
2025-04-11 17:34:19 | INFO     | app                  | app.py:73 | Initializing Google Scheduler...
2025-04-11 17:34:21 | INFO     | app                  | app.py:220 | Received task form data: ImmutableMultiDict([])
2025-04-11 17:34:21 | INFO     | app                  | app.py:344 | Tasks data for day 2025-4-11: [{'id': 2, 'task': "Белка's birthday", 'time': None, 'created': '2025-04-08 04:09:24.338685', 'repeat_days': None, 'repeat_start': None, 'repeat_end': None, 'priority': 1, 'category_ids': []}, {'id': 17, 'task': "Белка's birthday", 'time': None, 'created': '2025-04-08 04:21:53.699556', 'repeat_days': None, 'repeat_start': None, 'repeat_end': None, 'priority': 1, 'category_ids': []}, {'id': 86, 'task': '33', 'time': None, 'created': '2025-04-11 14:31:25', 'repeat_days': None, 'repeat_start': None, 'repeat_end': None, 'priority': 1, 'category_ids': []}, {'id': 3, 'task': 'укол', 'time': '19:00', 'created': '2025-04-08 04:09:24.338685', 'repeat_days': None, 'repeat_start': None, 'repeat_end': None, 'priority': 1, 'category_ids': []}, {'id': 18, 'task': 'укол', 'time': '19:00', 'created': '2025-04-08 04:21:53.699556', 'repeat_days': None, 'repeat_start': None, 'repeat_end': None, 'priority': 1, 'category_ids': []}]
2025-04-11 17:42:47 | INFO     | app                  | app.py:73 | Initializing Google Scheduler...
2025-04-11 17:43:50 | INFO     | app                  | app.py:73 | Initializing Google Scheduler...
2025-04-11 17:43:58 | INFO     | app                  | app.py:74 | Initializing Google Scheduler...
2025-04-11 17:43:59 | INFO     | app                  | app.py:74 | Initializing Google Scheduler...
2025-04-11 17:44:08 | INFO     | app                  | app.py:221 | Received task form data: ImmutableMultiDict([])
2025-04-11 17:44:08 | INFO     | app                  | app.py:345 | Tasks data for day 2025-4-11: [{'id': 2, 'task': "Белка's birthday", 'time': None, 'created': '2025-04-08 04:09:24.338685', 'repeat_days': None, 'repeat_start': None, 'repeat_end': None, 'priority': 1, 'category_ids': []}, {'id': 17, 'task': "Белка's birthday", 'time': None, 'created': '2025-04-08 04:21:53.699556', 'repeat_days': None, 'repeat_start': None, 'repeat_end': None, 'priority': 1, 'category_ids': []}, {'id': 86, 'task': '33', 'time': None, 'created': '2025-04-11 14:31:25', 'repeat_days': None, 'repeat_start': None, 'repeat_end': None, 'priority': 1, 'category_ids': []}, {'id': 3, 'task': 'укол', 'time': '19:00', 'created': '2025-04-08 04:09:24.338685', 'repeat_days': None, 'repeat_start': None, 'repeat_end': None, 'priority': 1, 'category_ids': []}, {'id': 18, 'task': 'укол', 'time': '19:00', 'created': '2025-04-08 04:21:53.699556', 'repeat_days': None, 'repeat_start': None, 'repeat_end': None, 'priority': 1, 'category_ids': []}]
2025-04-11 17:44:14 | INFO     | app                  | app.py:221 | Received task form data: ImmutableMultiDict([('delete', '86')])
2025-04-11 17:44:14 | INFO     | app                  | app.py:221 | Received task form data: ImmutableMultiDict([])
2025-04-11 17:44:14 | INFO     | app                  | app.py:345 | Tasks data for day 2025-4-11: [{'id': 2, 'task': "Белка's birthday", 'time': None, 'created': '2025-04-08 04:09:24.338685', 'repeat_days': None, 'repeat_start': None, 'repeat_end': None, 'priority': 1, 'category_ids': []}, {'id': 17, 'task': "Белка's birthday", 'time': None, 'created': '2025-04-08 04:21:53.699556', 'repeat_days': None, 'repeat_start': None, 'repeat_end': None, 'priority': 1, 'category_ids': []}, {'id': 3, 'task': 'укол', 'time': '19:00', 'created': '2025-04-08 04:09:24.338685', 'repeat_days': None, 'repeat_start': None, 'repeat_end': None, 'priority': 1, 'category_ids': []}, {'id': 18, 'task': 'укол', 'time': '19:00', 'created': '2025-04-08 04:21:53.699556', 'repeat_days': None, 'repeat_start': None, 'repeat_end': None, 'priority': 1, 'category_ids': []}]
2025-04-11 17:44:20 | INFO     | app                  | app.py:221 | Received task form data: ImmutableMultiDict([('date', '2025-4-11'), ('task', '15'), ('time', '12:00'), ('priority', '1'), ('repeat_days', '1'), ('repeat_start', ''), ('repeat_end', '')])
2025-04-11 17:44:20 | INFO     | app                  | app.py:221 | Received task form data: ImmutableMultiDict([])
2025-04-11 17:44:20 | INFO     | app                  | app.py:345 | Tasks data for day 2025-4-11: [{'id': 2, 'task': "Белка's birthday", 'time': None, 'created': '2025-04-08 04:09:24.338685', 'repeat_days': None, 'repeat_start': None, 'repeat_end': None, 'priority': 1, 'category_ids': []}, {'id': 17, 'task': "Белка's birthday", 'time': None, 'created': '2025-04-08 04:21:53.699556', 'repeat_days': None, 'repeat_start': None, 'repeat_end': None, 'priority': 1, 'category_ids': []}, {'id': 87, 'task': '15', 'time': '12:00', 'created': '2025-04-11 14:44:20', 'repeat_days': None, 'repeat_start': None, 'repeat_end': None, 'priority': 1, 'category_ids': []}, {'id': 3, 'task': 'укол', 'time': '19:00', 'created': '2025-04-08 04:09:24.338685', 'repeat_days': None, 'repeat_start': None, 'repeat_end': None, 'priority': 1, 'category_ids': []}, {'id': 18, 'task': 'укол', 'time': '19:00', 'created': '2025-04-08 04:21:53.699556', 'repeat_days': None, 'repeat_start': None, 'repeat_end': None, 'priority': 1, 'category_ids': []}]
2025-04-11 17:44:25 | INFO     | app                  | app.py:221 | Received task form data: ImmutableMultiDict([])
2025-04-11 17:44:25 | INFO     | app                  | app.py:345 | Tasks data for day 2025-4-11: [{'id': 2, 'task': "Белка's birthday", 'time': None, 'created': '2025-04-08 04:09:24.338685', 'repeat_days': None, 'repeat_start': None, 'repeat_end': None, 'priority': 1, 'category_ids': []}, {'id': 17, 'task': "Белка's birthday", 'time': None, 'created': '2025-04-08 04:21:53.699556', 'repeat_days': None, 'repeat_start': None, 'repeat_end': None, 'priority': 1, 'category_ids': []}, {'id': 3, 'task': 'укол', 'time': '19:00', 'created': '2025-04-08 04:09:24.338685', 'repeat_days': None, 'repeat_start': None, 'repeat_end': None, 'priority': 1, 'category_ids': []}, {'id': 18, 'task': 'укол', 'time': '19:00', 'created': '2025-04-08 04:21:53.699556', 'repeat_days': None, 'repeat_start': None, 'repeat_end': None, 'priority': 1, 'category_ids': []}]
2025-04-11 17:44:27 | INFO     | app                  | app.py:221 | Received task form data: ImmutableMultiDict([])
2025-04-11 17:44:27 | INFO     | app                  | app.py:345 | Tasks data for day 2025-4-11: [{'id': 2, 'task': "Белка's birthday", 'time': None, 'created': '2025-04-08 04:09:24.338685', 'repeat_days': None, 'repeat_start': None, 'repeat_end': None, 'priority': 1, 'category_ids': []}, {'id': 17, 'task': "Белка's birthday", 'time': None, 'created': '2025-04-08 04:21:53.699556', 'repeat_days': None, 'repeat_start': None, 'repeat_end': None, 'priority': 1, 'category_ids': []}, {'id': 87, 'task': '15', 'time': None, 'created': '2025-04-11 14:44:27', 'repeat_days': None, 'repeat_start': None, 'repeat_end': None, 'priority': 1, 'category_ids': []}, {'id': 3, 'task': 'укол', 'time': '19:00', 'created': '2025-04-08 04:09:24.338685', 'repeat_days': None, 'repeat_start': None, 'repeat_end': None, 'priority': 1, 'category_ids': []}, {'id': 18, 'task': 'укол', 'time': '19:00', 'created': '2025-04-08 04:21:53.699556', 'repeat_days': None, 'repeat_start': None, 'repeat_end': None, 'priority': 1, 'category_ids': []}]
2025-04-11 17:44:30 | INFO     | app                  | app.py:221 | Received task form data: ImmutableMultiDict([])
2025-04-11 17:44:30 | INFO     | app                  | app.py:345 | Tasks data for day 2025-4-11: [{'id': 2, 'task': "Белка's birthday", 'time': None, 'created': '2025-04-08 04:09:24.338685', 'repeat_days': None, 'repeat_start': None, 'repeat_end': None, 'priority': 1, 'category_ids': []}, {'id': 17, 'task': "Белка's birthday", 'time': None, 'created': '2025-04-08 04:21:53.699556', 'repeat_days': None, 'repeat_start': None, 'repeat_end': None, 'priority': 1, 'category_ids': []}, {'id': 3, 'task': 'укол', 'time': '19:00', 'created': '2025-04-08 04:09:24.338685', 'repeat_days': None, 'repeat_start': None, 'repeat_end': None, 'priority': 1, 'category_ids': []}, {'id': 18, 'task': 'укол', 'time': '19:00', 'created': '2025-04-08 04:21:53.699556', 'repeat_days': None, 'repeat_start': None, 'repeat_end': None, 'priority': 1, 'category_ids': []}]
2025-04-11 17:53:23 | INFO     | app                  | app.py:74 | Initializing Google Scheduler...
2025-04-11 17:53:32 | INFO     | app                  | app.py:75 | Initializing Google Scheduler...
2025-04-11 17:54:50 | INFO     | app                  | app.py:76 | Initializing Google Scheduler...
2025-04-11 17:54:52 | INFO     | app                  | app.py:76 | Initializing Google Scheduler...
2025-04-11 17:54:59 | INFO     | app                  | app.py:223 | Received task form data: ImmutableMultiDict([])
2025-04-11 17:54:59 | INFO     | app                  | app.py:347 | Tasks data for day 2025-4-11: [{'id': 2, 'task': "Белка's birthday", 'time': None, 'created': '2025-04-08 04:09:24.338685', 'repeat_days': None, 'repeat_start': None, 'repeat_end': None, 'priority': 1, 'category_ids': []}, {'id': 17, 'task': "Белка's birthday", 'time': None, 'created': '2025-04-08 04:21:53.699556', 'repeat_days': None, 'repeat_start': None, 'repeat_end': None, 'priority': 1, 'category_ids': []}, {'id': 3, 'task': 'укол', 'time': '19:00', 'created': '2025-04-08 04:09:24.338685', 'repeat_days': None, 'repeat_start': None, 'repeat_end': None, 'priority': 1, 'category_ids': []}, {'id': 18, 'task': 'укол', 'time': '19:00', 'created': '2025-04-08 04:21:53.699556', 'repeat_days': None, 'repeat_start': None, 'repeat_end': None, 'priority': 1, 'category_ids': []}]
2025-04-11 17:55:04 | INFO     | app                  | app.py:223 | Received task form data: ImmutableMultiDict([('date', '2025-04-11'), ('task', '66'), ('time', '12:15'), ('priority', '2'), ('repeat_days', '1'), ('repeat_start', '2025-04-11'), ('repeat_end', '')])
2025-04-11 17:55:04 | INFO     | app                  | app.py:223 | Received task form data: ImmutableMultiDict([])
2025-04-11 17:55:04 | INFO     | app                  | app.py:347 | Tasks data for day 2025-4-11: [{'id': 88, 'task': '66', 'time': '12:15', 'created': '2025-04-11 14:55:04', 'repeat_days': None, 'repeat_start': None, 'repeat_end': None, 'priority': 2, 'category_ids': []}, {'id': 2, 'task': "Белка's birthday", 'time': None, 'created': '2025-04-08 04:09:24.338685', 'repeat_days': None, 'repeat_start': None, 'repeat_end': None, 'priority': 1, 'category_ids': []}, {'id': 17, 'task': "Белка's birthday", 'time': None, 'created': '2025-04-08 04:21:53.699556', 'repeat_days': None, 'repeat_start': None, 'repeat_end': None, 'priority': 1, 'category_ids': []}, {'id': 3, 'task': 'укол', 'time': '19:00', 'created': '2025-04-08 04:09:24.338685', 'repeat_days': None, 'repeat_start': None, 'repeat_end': None, 'priority': 1, 'category_ids': []}, {'id': 18, 'task': 'укол', 'time': '19:00', 'created': '2025-04-08 04:21:53.699556', 'repeat_days': None, 'repeat_start': None, 'repeat_end': None, 'priority': 1, 'category_ids': []}]
2025-04-11 17:56:28 | INFO     | app                  | app.py:223 | Received task form data: ImmutableMultiDict([])
2025-04-11 17:56:28 | INFO     | app                  | app.py:347 | Tasks data for day 2025-4-11: [{'id': 88, 'task': '66', 'time': '12:15', 'created': '2025-04-11 14:55:04', 'repeat_days': None, 'repeat_start': None, 'repeat_end': None, 'priority': 2, 'category_ids': []}, {'id': 2, 'task': "Белка's birthday", 'time': None, 'created': '2025-04-08 04:09:24.338685', 'repeat_days': None, 'repeat_start': None, 'repeat_end': None, 'priority': 1, 'category_ids': []}, {'id': 17, 'task': "Белка's birthday", 'time': None, 'created': '2025-04-08 04:21:53.699556', 'repeat_days': None, 'repeat_start': None, 'repeat_end': None, 'priority': 1, 'category_ids': []}, {'id': 3, 'task': 'укол', 'time': '19:00', 'created': '2025-04-08 04:09:24.338685', 'repeat_days': None, 'repeat_start': None, 'repeat_end': None, 'priority': 1, 'category_ids': []}, {'id': 18, 'task': 'укол', 'time': '19:00', 'created': '2025-04-08 04:21:53.699556', 'repeat_days': None, 'repeat_start': None, 'repeat_end': None, 'priority': 1, 'category_ids': []}]
2025-04-11 17:59:28 | INFO     | app                  | app.py:75 | Initializing Google Scheduler...
2025-04-11 17:59:30 | INFO     | app                  | app.py:75 | Initializing Google Scheduler...
2025-04-11 17:59:55 | INFO     | app                  | app.py:75 | Initializing Google Scheduler...
2025-04-11 17:59:56 | INFO     | app                  | app.py:75 | Initializing Google Scheduler...
2025-04-11 18:00:00 | INFO     | app                  | app.py:222 | Received task form data: ImmutableMultiDict([])
2025-04-11 18:00:00 | INFO     | app                  | app.py:346 | Tasks data for day 2025-4-11: [{'id': 88, 'task': '66', 'time': '12:15', 'created': '2025-04-11 14:55:04', 'repeat_days': None, 'repeat_start': None, 'repeat_end': None, 'priority': 2, 'category_ids': []}, {'id': 2, 'task': "Белка's birthday", 'time': None, 'created': '2025-04-08 04:09:24.338685', 'repeat_days': None, 'repeat_start': None, 'repeat_end': None, 'priority': 1, 'category_ids': []}, {'id': 17, 'task': "Белка's birthday", 'time': None, 'created': '2025-04-08 04:21:53.699556', 'repeat_days': None, 'repeat_start': None, 'repeat_end': None, 'priority': 1, 'category_ids': []}, {'id': 3, 'task': 'укол', 'time': '19:00', 'created': '2025-04-08 04:09:24.338685', 'repeat_days': None, 'repeat_start': None, 'repeat_end': None, 'priority': 1, 'category_ids': []}, {'id': 18, 'task': 'укол', 'time': '19:00', 'created': '2025-04-08 04:21:53.699556', 'repeat_days': None, 'repeat_start': None, 'repeat_end': None, 'priority': 1, 'category_ids': []}]
2025-04-11 18:00:02 | INFO     | app                  | app.py:222 | Received task form data: ImmutableMultiDict([])
2025-04-11 18:00:02 | INFO     | app                  | app.py:346 | Tasks data for day 2025-4-11: [{'id': 2, 'task': "Белка's birthday", 'time': None, 'created': '2025-04-08 04:09:24.338685', 'repeat_days': None, 'repeat_start': None, 'repeat_end': None, 'priority': 1, 'category_ids': []}, {'id': 17, 'task': "Белка's birthday", 'time': None, 'created': '2025-04-08 04:21:53.699556', 'repeat_days': None, 'repeat_start': None, 'repeat_end': None, 'priority': 1, 'category_ids': []}, {'id': 3, 'task': 'укол', 'time': '19:00', 'created': '2025-04-08 04:09:24.338685', 'repeat_days': None, 'repeat_start': None, 'repeat_end': None, 'priority': 1, 'category_ids': []}, {'id': 18, 'task': 'укол', 'time': '19:00', 'created': '2025-04-08 04:21:53.699556', 'repeat_days': None, 'repeat_start': None, 'repeat_end': None, 'priority': 1, 'category_ids': []}]
2025-04-11 18:00:04 | INFO     | app                  | app.py:222 | Received task form data: ImmutableMultiDict([])
2025-04-11 18:00:04 | INFO     | app                  | app.py:346 | Tasks data for day 2025-4-11: [{'id': 88, 'task': '66', 'time': None, 'created': '2025-04-11 15:00:04', 'repeat_days': None, 'repeat_start': None, 'repeat_end': None, 'priority': 2, 'category_ids': []}, {'id': 2, 'task': "Белка's birthday", 'time': None, 'created': '2025-04-08 04:09:24.338685', 'repeat_days': None, 'repeat_start': None, 'repeat_end': None, 'priority': 1, 'category_ids': []}, {'id': 17, 'task': "Белка's birthday", 'time': None, 'created': '2025-04-08 04:21:53.699556', 'repeat_days': None, 'repeat_start': None, 'repeat_end': None, 'priority': 1, 'category_ids': []}, {'id': 3, 'task': 'укол', 'time': '19:00', 'created': '2025-04-08 04:09:24.338685', 'repeat_days': None, 'repeat_start': None, 'repeat_end': None, 'priority': 1, 'category_ids': []}, {'id': 18, 'task': 'укол', 'time': '19:00', 'created': '2025-04-08 04:21:53.699556', 'repeat_days': None, 'repeat_start': None, 'repeat_end': None, 'priority': 1, 'category_ids': []}]
2025-04-11 18:00:13 | INFO     | app                  | app.py:75 | Initializing Google Scheduler...
2025-04-11 18:03:10 | INFO     | app                  | app.py:75 | Initializing Google Scheduler...
2025-04-11 18:03:28 | INFO     | app                  | app.py:76 | Initializing Google Scheduler...
2025-04-11 18:05:20 | INFO     | app                  | app.py:77 | Initializing Google Scheduler...
2025-04-11 18:05:21 | INFO     | app                  | app.py:77 | Initializing Google Scheduler...
2025-04-11 18:05:27 | INFO     | app                  | app.py:224 | Received task form data: ImmutableMultiDict([])
2025-04-11 18:05:27 | INFO     | app                  | app.py:348 | Tasks data for day 2025-4-11: [{'id': 88, 'task': '66', 'time': None, 'created': '2025-04-11 15:00:04', 'repeat_days': None, 'repeat_start': None, 'repeat_end': None, 'priority': 2, 'category_ids': []}, {'id': 2, 'task': "Белка's birthday", 'time': None, 'created': '2025-04-08 04:09:24.338685', 'repeat_days': None, 'repeat_start': None, 'repeat_end': None, 'priority': 1, 'category_ids': []}, {'id': 17, 'task': "Белка's birthday", 'time': None, 'created': '2025-04-08 04:21:53.699556', 'repeat_days': None, 'repeat_start': None, 'repeat_end': None, 'priority': 1, 'category_ids': []}, {'id': 3, 'task': 'укол', 'time': '19:00', 'created': '2025-04-08 04:09:24.338685', 'repeat_days': None, 'repeat_start': None, 'repeat_end': None, 'priority': 1, 'category_ids': []}, {'id': 18, 'task': 'укол', 'time': '19:00', 'created': '2025-04-08 04:21:53.699556', 'repeat_days': None, 'repeat_start': None, 'repeat_end': None, 'priority': 1, 'category_ids': []}]
2025-04-11 18:05:29 | INFO     | app                  | app.py:224 | Received task form data: ImmutableMultiDict([])
2025-04-11 18:05:29 | INFO     | app                  | app.py:348 | Tasks data for day 2025-4-11: [{'id': 2, 'task': "Белка's birthday", 'time': None, 'created': '2025-04-08 04:09:24.338685', 'repeat_days': None, 'repeat_start': None, 'repeat_end': None, 'priority': 1, 'category_ids': []}, {'id': 17, 'task': "Белка's birthday", 'time': None, 'created': '2025-04-08 04:21:53.699556', 'repeat_days': None, 'repeat_start': None, 'repeat_end': None, 'priority': 1, 'category_ids': []}, {'id': 3, 'task': 'укол', 'time': '19:00', 'created': '2025-04-08 04:09:24.338685', 'repeat_days': None, 'repeat_start': None, 'repeat_end': None, 'priority': 1, 'category_ids': []}, {'id': 18, 'task': 'укол', 'time': '19:00', 'created': '2025-04-08 04:21:53.699556', 'repeat_days': None, 'repeat_start': None, 'repeat_end': None, 'priority': 1, 'category_ids': []}]
2025-04-11 18:05:30 | INFO     | app                  | app.py:224 | Received task form data: ImmutableMultiDict([])
2025-04-11 18:05:30 | INFO     | app                  | app.py:348 | Tasks data for day 2025-4-11: [{'id': 88, 'task': '66', 'time': None, 'created': '2025-04-11 15:05:30', 'repeat_days': None, 'repeat_start': None, 'repeat_end': None, 'priority': 2, 'category_ids': []}, {'id': 2, 'task': "Белка's birthday", 'time': None, 'created': '2025-04-08 04:09:24.338685', 'repeat_days': None, 'repeat_start': None, 'repeat_end': None, 'priority': 1, 'category_ids': []}, {'id': 17, 'task': "Белка's birthday", 'time': None, 'created': '2025-04-08 04:21:53.699556', 'repeat_days': None, 'repeat_start': None, 'repeat_end': None, 'priority': 1, 'category_ids': []}, {'id': 3, 'task': 'укол', 'time': '19:00', 'created': '2025-04-08 04:09:24.338685', 'repeat_days': None, 'repeat_start': None, 'repeat_end': None, 'priority': 1, 'category_ids': []}, {'id': 18, 'task': 'укол', 'time': '19:00', 'created': '2025-04-08 04:21:53.699556', 'repeat_days': None, 'repeat_start': None, 'repeat_end': None, 'priority': 1, 'category_ids': []}]
2025-04-11 18:13:35 | INFO     | app                  | app.py:77 | Initializing Google Scheduler...
2025-04-11 18:13:50 | INFO     | app                  | app.py:77 | Initializing Google Scheduler...
2025-04-11 18:13:51 | INFO     | app                  | app.py:77 | Initializing Google Scheduler...
2025-04-11 18:13:55 | INFO     | app                  | app.py:224 | Received task form data: ImmutableMultiDict([('date', '2025-4-11'), ('task', '66'), ('time', '12:00'), ('priority', '1'), ('repeat_days', '1'), ('repeat_start', ''), ('repeat_end', '')])
2025-04-11 18:13:55 | INFO     | app                  | app.py:224 | Received task form data: ImmutableMultiDict([])
2025-04-11 18:13:55 | INFO     | app                  | app.py:348 | Tasks data for day 2025-4-11: [{'id': 88, 'task': '66', 'time': None, 'created': '2025-04-11 15:05:30', 'repeat_days': None, 'repeat_start': None, 'repeat_end': None, 'priority': 2, 'category_ids': []}, {'id': 2, 'task': "Белка's birthday", 'time': None, 'created': '2025-04-08 04:09:24.338685', 'repeat_days': None, 'repeat_start': None, 'repeat_end': None, 'priority': 1, 'category_ids': []}, {'id': 17, 'task': "Белка's birthday", 'time': None, 'created': '2025-04-08 04:21:53.699556', 'repeat_days': None, 'repeat_start': None, 'repeat_end': None, 'priority': 1, 'category_ids': []}, {'id': 89, 'task': '66', 'time': '12:00', 'created': '2025-04-11 15:13:55', 'repeat_days': None, 'repeat_start': None, 'repeat_end': None, 'priority': 1, 'category_ids': []}, {'id': 3, 'task': 'укол', 'time': '19:00', 'created': '2025-04-08 04:09:24.338685', 'repeat_days': None, 'repeat_start': None, 'repeat_end': None, 'priority': 1, 'category_ids': []}, {'id': 18, 'task': 'укол', 'time': '19:00', 'created': '2025-04-08 04:21:53.699556', 'repeat_days': None, 'repeat_start': None, 'repeat_end': None, 'priority': 1, 'category_ids': []}]
2025-04-11 18:14:01 | INFO     | app                  | app.py:224 | Received task form data: ImmutableMultiDict([('delete', '89')])
2025-04-11 18:14:01 | INFO     | app                  | app.py:224 | Received task form data: ImmutableMultiDict([])
2025-04-11 18:14:01 | INFO     | app                  | app.py:348 | Tasks data for day 2025-4-11: [{'id': 88, 'task': '66', 'time': None, 'created': '2025-04-11 15:05:30', 'repeat_days': None, 'repeat_start': None, 'repeat_end': None, 'priority': 2, 'category_ids': []}, {'id': 2, 'task': "Белка's birthday", 'time': None, 'created': '2025-04-08 04:09:24.338685', 'repeat_days': None, 'repeat_start': None, 'repeat_end': None, 'priority': 1, 'category_ids': []}, {'id': 17, 'task': "Белка's birthday", 'time': None, 'created': '2025-04-08 04:21:53.699556', 'repeat_days': None, 'repeat_start': None, 'repeat_end': None, 'priority': 1, 'category_ids': []}, {'id': 3, 'task': 'укол', 'time': '19:00', 'created': '2025-04-08 04:09:24.338685', 'repeat_days': None, 'repeat_start': None, 'repeat_end': None, 'priority': 1, 'category_ids': []}, {'id': 18, 'task': 'укол', 'time': '19:00', 'created': '2025-04-08 04:21:53.699556', 'repeat_days': None, 'repeat_start': None, 'repeat_end': None, 'priority': 1, 'category_ids': []}]
2025-04-11 18:14:08 | INFO     | app                  | app.py:224 | Received task form data: ImmutableMultiDict([('date', '2025-4-11'), ('task', '11'), ('time', '12:10'), ('priority', '1'), ('repeat_days', '1'), ('repeat_start', ''), ('repeat_end', '')])
2025-04-11 18:14:08 | INFO     | app                  | app.py:224 | Received task form data: ImmutableMultiDict([])
2025-04-11 18:14:08 | INFO     | app                  | app.py:348 | Tasks data for day 2025-4-11: [{'id': 88, 'task': '66', 'time': None, 'created': '2025-04-11 15:05:30', 'repeat_days': None, 'repeat_start': None, 'repeat_end': None, 'priority': 2, 'category_ids': []}, {'id': 2, 'task': "Белка's birthday", 'time': None, 'created': '2025-04-08 04:09:24.338685', 'repeat_days': None, 'repeat_start': None, 'repeat_end': None, 'priority': 1, 'category_ids': []}, {'id': 17, 'task': "Белка's birthday", 'time': None, 'created': '2025-04-08 04:21:53.699556', 'repeat_days': None, 'repeat_start': None, 'repeat_end': None, 'priority': 1, 'category_ids': []}, {'id': 90, 'task': '11', 'time': '12:10', 'created': '2025-04-11 15:14:08', 'repeat_days': None, 'repeat_start': None, 'repeat_end': None, 'priority': 1, 'category_ids': []}, {'id': 3, 'task': 'укол', 'time': '19:00', 'created': '2025-04-08 04:09:24.338685', 'repeat_days': None, 'repeat_start': None, 'repeat_end': None, 'priority': 1, 'category_ids': []}, {'id': 18, 'task': 'укол', 'time': '19:00', 'created': '2025-04-08 04:21:53.699556', 'repeat_days': None, 'repeat_start': None, 'repeat_end': None, 'priority': 1, 'category_ids': []}]
2025-04-11 18:14:15 | INFO     | app                  | app.py:224 | Received task form data: ImmutableMultiDict([('task_id', '90'), ('task', '12'), ('time', '12:10'), ('priority', '1'), ('repeat_days', '1'), ('repeat_start', '2025-04-11'), ('repeat_end', '')])
2025-04-11 18:14:15 | INFO     | app                  | app.py:224 | Received task form data: ImmutableMultiDict([])
2025-04-11 18:14:15 | INFO     | app                  | app.py:348 | Tasks data for day 2025-4-11: [{'id': 88, 'task': '66', 'time': None, 'created': '2025-04-11 15:05:30', 'repeat_days': None, 'repeat_start': None, 'repeat_end': None, 'priority': 2, 'category_ids': []}, {'id': 2, 'task': "Белка's birthday", 'time': None, 'created': '2025-04-08 04:09:24.338685', 'repeat_days': None, 'repeat_start': None, 'repeat_end': None, 'priority': 1, 'category_ids': []}, {'id': 17, 'task': "Белка's birthday", 'time': None, 'created': '2025-04-08 04:21:53.699556', 'repeat_days': None, 'repeat_start': None, 'repeat_end': None, 'priority': 1, 'category_ids': []}, {'id': 90, 'task': '12', 'time': '12:10', 'created': '2025-04-11 15:14:08', 'repeat_days': None, 'repeat_start': None, 'repeat_end': None, 'priority': 1, 'category_ids': []}, {'id': 3, 'task': 'укол', 'time': '19:00', 'created': '2025-04-08 04:09:24.338685', 'repeat_days': None, 'repeat_start': None, 'repeat_end': None, 'priority': 1, 'category_ids': []}, {'id': 18, 'task': 'укол', 'time': '19:00', 'created': '2025-04-08 04:21:53.699556', 'repeat_days': None, 'repeat_start': None, 'repeat_end': None, 'priority': 1, 'category_ids': []}]
2025-04-11 18:14:19 | INFO     | app                  | app.py:224 | Received task form data: ImmutableMultiDict([])
2025-04-11 18:14:19 | INFO     | app                  | app.py:348 | Tasks data for day 2025-4-11: [{'id': 88, 'task': '66', 'time': None, 'created': '2025-04-11 15:05:30', 'repeat_days': None, 'repeat_start': None, 'repeat_end': None, 'priority': 2, 'category_ids': []}, {'id': 2, 'task': "Белка's birthday", 'time': None, 'created': '2025-04-08 04:09:24.338685', 'repeat_days': None, 'repeat_start': None, 'repeat_end': None, 'priority': 1, 'category_ids': []}, {'id': 17, 'task': "Белка's birthday", 'time': None, 'created': '2025-04-08 04:21:53.699556', 'repeat_days': None, 'repeat_start': None, 'repeat_end': None, 'priority': 1, 'category_ids': []}, {'id': 3, 'task': 'укол', 'time': '19:00', 'created': '2025-04-08 04:09:24.338685', 'repeat_days': None, 'repeat_start': None, 'repeat_end': None, 'priority': 1, 'category_ids': []}, {'id': 18, 'task': 'укол', 'time': '19:00', 'created': '2025-04-08 04:21:53.699556', 'repeat_days': None, 'repeat_start': None, 'repeat_end': None, 'priority': 1, 'category_ids': []}]
2025-04-11 18:20:10 | INFO     | app                  | app.py:77 | Initializing Google Scheduler...
2025-04-11 18:21:16 | INFO     | app                  | app.py:79 | Initializing Google Scheduler...
2025-04-11 18:21:17 | INFO     | app                  | app.py:79 | Initializing Google Scheduler...
2025-04-11 18:21:46 | INFO     | app                  | app.py:79 | Initializing Google Scheduler...
2025-04-11 18:21:48 | INFO     | app                  | app.py:79 | Initializing Google Scheduler...
2025-04-11 18:21:51 | INFO     | app                  | tasks.py:41 | Received task form data: ImmutableMultiDict([])
2025-04-11 18:21:51 | INFO     | app                  | tasks.py:165 | Tasks data for day 2025-4-11: [{'id': 88, 'task': '66', 'time': None, 'created': '2025-04-11 15:05:30', 'repeat_days': None, 'repeat_start': None, 'repeat_end': None, 'priority': 2, 'category_ids': []}, {'id': 2, 'task': "Белка's birthday", 'time': None, 'created': '2025-04-08 04:09:24.338685', 'repeat_days': None, 'repeat_start': None, 'repeat_end': None, 'priority': 1, 'category_ids': []}, {'id': 17, 'task': "Белка's birthday", 'time': None, 'created': '2025-04-08 04:21:53.699556', 'repeat_days': None, 'repeat_start': None, 'repeat_end': None, 'priority': 1, 'category_ids': []}, {'id': 3, 'task': 'укол', 'time': '19:00', 'created': '2025-04-08 04:09:24.338685', 'repeat_days': None, 'repeat_start': None, 'repeat_end': None, 'priority': 1, 'category_ids': []}, {'id': 18, 'task': 'укол', 'time': '19:00', 'created': '2025-04-08 04:21:53.699556', 'repeat_days': None, 'repeat_start': None, 'repeat_end': None, 'priority': 1, 'category_ids': []}]
2025-04-11 18:21:53 | INFO     | app                  | tasks.py:41 | Received task form data: ImmutableMultiDict([])
2025-04-11 18:21:53 | INFO     | app                  | tasks.py:165 | Tasks data for day 2025-4-12: []
2025-04-11 18:21:53 | INFO     | app                  | tasks.py:41 | Received task form data: ImmutableMultiDict([])
2025-04-11 18:21:53 | INFO     | app                  | tasks.py:165 | Tasks data for day 2025-4-12: []
2025-04-11 18:21:56 | INFO     | app                  | tasks.py:41 | Received task form data: ImmutableMultiDict([('date', '2025-04-12'), ('task', '12'), ('time', '12:00'), ('priority', '1'), ('repeat_days', '1'), ('repeat_start', '2025-04-12'), ('repeat_end', '')])
2025-04-11 18:21:56 | INFO     | app                  | tasks.py:41 | Received task form data: ImmutableMultiDict([])
2025-04-11 18:21:56 | INFO     | app                  | tasks.py:165 | Tasks data for day 2025-4-12: [{'id': 91, 'task': '12', 'time': '12:00', 'created': '2025-04-11 15:21:56', 'repeat_days': None, 'repeat_start': None, 'repeat_end': None, 'priority': 1, 'category_ids': []}]
2025-04-11 18:21:59 | INFO     | app                  | tasks.py:41 | Received task form data: ImmutableMultiDict([('date', '2025-4-12'), ('task', '13'), ('time', '12:25'), ('priority', '1'), ('repeat_days', '1'), ('repeat_start', ''), ('repeat_end', '')])
2025-04-11 18:21:59 | INFO     | app                  | tasks.py:41 | Received task form data: ImmutableMultiDict([])
2025-04-11 18:21:59 | INFO     | app                  | tasks.py:165 | Tasks data for day 2025-4-12: [{'id': 91, 'task': '12', 'time': '12:00', 'created': '2025-04-11 15:21:56', 'repeat_days': None, 'repeat_start': None, 'repeat_end': None, 'priority': 1, 'category_ids': []}, {'id': 92, 'task': '13', 'time': '12:25', 'created': '2025-04-11 15:21:59', 'repeat_days': None, 'repeat_start': None, 'repeat_end': None, 'priority': 1, 'category_ids': []}]
2025-04-11 18:22:03 | INFO     | app                  | tasks.py:41 | Received task form data: ImmutableMultiDict([('date', '2025-4-12'), ('task', '14'), ('time', '12:00'), ('priority', '2'), ('repeat_enabled', 'on'), ('repeat_days', '1'), ('repeat_start', ''), ('repeat_end', '')])
2025-04-11 18:22:03 | INFO     | app                  | tasks.py:41 | Received task form data: ImmutableMultiDict([])
2025-04-11 18:22:03 | INFO     | app                  | tasks.py:165 | Tasks data for day 2025-4-12: [{'id': 93, 'task': '14', 'time': '12:00', 'created': '2025-04-11 15:22:03', 'repeat_days': 1, 'repeat_start': '', 'repeat_end': '', 'priority': 2, 'category_ids': []}, {'id': 91, 'task': '12', 'time': '12:00', 'created': '2025-04-11 15:21:56', 'repeat_days': None, 'repeat_start': None, 'repeat_end': None, 'priority': 1, 'category_ids': []}, {'id': 92, 'task': '13', 'time': '12:25', 'created': '2025-04-11 15:21:59', 'repeat_days': None, 'repeat_start': None, 'repeat_end': None, 'priority': 1, 'category_ids': []}]
2025-04-11 18:22:08 | INFO     | app                  | tasks.py:41 | Received task form data: ImmutableMultiDict([('task_id', '91'), ('task', '12'), ('time', '13:35'), ('priority', '1'), ('repeat_days', '1'), ('repeat_start', '2025-04-12'), ('repeat_end', '')])
2025-04-11 18:22:08 | INFO     | app                  | tasks.py:41 | Received task form data: ImmutableMultiDict([])
2025-04-11 18:22:08 | INFO     | app                  | tasks.py:165 | Tasks data for day 2025-4-12: [{'id': 93, 'task': '14', 'time': '12:00', 'created': '2025-04-11 15:22:03', 'repeat_days': 1, 'repeat_start': '', 'repeat_end': '', 'priority': 2, 'category_ids': []}, {'id': 92, 'task': '13', 'time': '12:25', 'created': '2025-04-11 15:21:59', 'repeat_days': None, 'repeat_start': None, 'repeat_end': None, 'priority': 1, 'category_ids': []}, {'id': 91, 'task': '12', 'time': '13:35', 'created': '2025-04-11 15:21:56', 'repeat_days': None, 'repeat_start': None, 'repeat_end': None, 'priority': 1, 'category_ids': []}]
2025-04-11 18:22:13 | INFO     | app                  | tasks.py:41 | Received task form data: ImmutableMultiDict([('delete', '92')])
2025-04-11 18:22:13 | INFO     | app                  | tasks.py:41 | Received task form data: ImmutableMultiDict([])
2025-04-11 18:22:13 | INFO     | app                  | tasks.py:165 | Tasks data for day 2025-4-12: [{'id': 93, 'task': '14', 'time': '12:00', 'created': '2025-04-11 15:22:03', 'repeat_days': 1, 'repeat_start': '', 'repeat_end': '', 'priority': 2, 'category_ids': []}, {'id': 91, 'task': '12', 'time': '13:35', 'created': '2025-04-11 15:21:56', 'repeat_days': None, 'repeat_start': None, 'repeat_end': None, 'priority': 1, 'category_ids': []}]
2025-04-11 18:22:15 | INFO     | app                  | tasks.py:41 | Received task form data: ImmutableMultiDict([])
2025-04-11 18:22:15 | INFO     | app                  | tasks.py:165 | Tasks data for day 2025-4-12: [{'id': 93, 'task': '14', 'time': '12:00', 'created': '2025-04-11 15:22:03', 'repeat_days': 1, 'repeat_start': '', 'repeat_end': '', 'priority': 2, 'category_ids': []}]
2025-04-11 18:22:16 | INFO     | app                  | tasks.py:41 | Received task form data: ImmutableMultiDict([])
2025-04-11 18:22:16 | INFO     | app                  | tasks.py:165 | Tasks data for day 2025-4-12: []
2025-04-11 18:22:18 | INFO     | app                  | tasks.py:41 | Received task form data: ImmutableMultiDict([])
2025-04-11 18:22:18 | INFO     | app                  | tasks.py:165 | Tasks data for day 2025-4-12: [{'id': 93, 'task': '14', 'time': None, 'created': '2025-04-11 15:22:18', 'repeat_days': None, 'repeat_start': None, 'repeat_end': None, 'priority': 2, 'category_ids': []}]
2025-04-11 18:27:54 | INFO     | app                  | app.py:72 | Initializing Google Scheduler...
2025-04-11 18:27:56 | INFO     | app                  | app.py:72 | Initializing Google Scheduler...
2025-04-11 18:58:33 | INFO     | app                  | tasks.py:41 | Received task form data: ImmutableMultiDict([])
2025-04-11 18:58:33 | INFO     | app                  | tasks.py:165 | Tasks data for day 2025-4-1: [{'id': 30, 'task': '2323', 'time': '12:00', 'created': '2025-04-08 01:47:46', 'repeat_days': None, 'repeat_start': None, 'repeat_end': None, 'priority': 1, 'category_ids': []}, {'id': 31, 'task': '3434', 'time': '12:00', 'created': '2025-04-08 01:47:47', 'repeat_days': None, 'repeat_start': None, 'repeat_end': None, 'priority': 1, 'category_ids': []}]
2025-04-11 18:58:36 | INFO     | app                  | tasks.py:41 | Received task form data: ImmutableMultiDict([('delete', '31')])
2025-04-11 18:58:36 | INFO     | app                  | tasks.py:41 | Received task form data: ImmutableMultiDict([])
2025-04-11 18:58:36 | INFO     | app                  | tasks.py:165 | Tasks data for day 2025-4-1: [{'id': 30, 'task': '2323', 'time': '12:00', 'created': '2025-04-08 01:47:46', 'repeat_days': None, 'repeat_start': None, 'repeat_end': None, 'priority': 1, 'category_ids': []}]
2025-04-11 18:58:38 | INFO     | app                  | tasks.py:41 | Received task form data: ImmutableMultiDict([('delete', '30')])
2025-04-11 18:58:38 | INFO     | app                  | tasks.py:41 | Received task form data: ImmutableMultiDict([])
2025-04-11 18:58:38 | INFO     | app                  | tasks.py:165 | Tasks data for day 2025-4-1: []
2025-04-11 18:58:42 | INFO     | app                  | tasks.py:41 | Received task form data: ImmutableMultiDict([])
2025-04-11 18:58:42 | INFO     | app                  | tasks.py:165 | Tasks data for day 2025-4-1: []
2025-04-11 18:58:42 | INFO     | app                  | tasks.py:41 | Received task form data: ImmutableMultiDict([])
2025-04-11 18:58:42 | INFO     | app                  | tasks.py:41 | Received task form data: ImmutableMultiDict([])
2025-04-11 18:58:42 | INFO     | app                  | tasks.py:165 | Tasks data for day 2025-4-1: []
2025-04-11 18:58:42 | INFO     | app                  | tasks.py:41 | Received task form data: ImmutableMultiDict([])
2025-04-11 18:58:42 | INFO     | app                  | tasks.py:165 | Tasks data for day 2025-4-1: []
2025-04-11 18:58:42 | INFO     | app                  | tasks.py:165 | Tasks data for day 2025-4-1: []
2025-04-11 18:58:45 | INFO     | app                  | tasks.py:41 | Received task form data: ImmutableMultiDict([('date', '2025-04-01'), ('task', '1'), ('time', '12:00'), ('priority', '1'), ('repeat_days', '1'), ('repeat_start', '2025-04-01'), ('repeat_end', '')])
2025-04-11 18:58:45 | INFO     | app                  | tasks.py:41 | Received task form data: ImmutableMultiDict([])
2025-04-11 18:58:45 | INFO     | app                  | tasks.py:165 | Tasks data for day 2025-4-1: [{'id': 94, 'task': '1', 'time': '12:00', 'created': '2025-04-11 15:58:45', 'repeat_days': None, 'repeat_start': None, 'repeat_end': None, 'priority': 1, 'category_ids': []}]
2025-04-11 18:58:46 | INFO     | app                  | tasks.py:41 | Received task form data: ImmutableMultiDict([('date', '2025-4-1'), ('task', '2'), ('time', '12:00'), ('priority', '1'), ('repeat_days', '1'), ('repeat_start', ''), ('repeat_end', '')])
2025-04-11 18:58:46 | INFO     | app                  | tasks.py:41 | Received task form data: ImmutableMultiDict([])
2025-04-11 18:58:46 | INFO     | app                  | tasks.py:165 | Tasks data for day 2025-4-1: [{'id': 94, 'task': '1', 'time': '12:00', 'created': '2025-04-11 15:58:45', 'repeat_days': None, 'repeat_start': None, 'repeat_end': None, 'priority': 1, 'category_ids': []}, {'id': 95, 'task': '2', 'time': '12:00', 'created': '2025-04-11 15:58:46', 'repeat_days': None, 'repeat_start': None, 'repeat_end': None, 'priority': 1, 'category_ids': []}]
2025-04-11 18:58:49 | INFO     | app                  | tasks.py:41 | Received task form data: ImmutableMultiDict([])
2025-04-11 18:58:49 | INFO     | app                  | tasks.py:165 | Tasks data for day 2025-4-1: [{'id': 95, 'task': '2', 'time': '12:00', 'created': '2025-04-11 15:58:46', 'repeat_days': None, 'repeat_start': None, 'repeat_end': None, 'priority': 1, 'category_ids': []}]
2025-04-11 18:58:50 | INFO     | app                  | tasks.py:41 | Received task form data: ImmutableMultiDict([])
2025-04-11 18:58:50 | INFO     | app                  | tasks.py:165 | Tasks data for day 2025-4-1: []
2025-04-11 18:58:52 | INFO     | app                  | tasks.py:41 | Received task form data: ImmutableMultiDict([])
2025-04-11 18:58:52 | INFO     | app                  | tasks.py:165 | Tasks data for day 2025-4-1: [{'id': 95, 'task': '2', 'time': None, 'created': '2025-04-11 15:58:52', 'repeat_days': None, 'repeat_start': None, 'repeat_end': None, 'priority': 1, 'category_ids': []}]
2025-04-11 18:58:53 | INFO     | app                  | tasks.py:41 | Received task form data: ImmutableMultiDict([])
2025-04-11 18:58:53 | INFO     | app                  | tasks.py:165 | Tasks data for day 2025-4-1: [{'id': 95, 'task': '2', 'time': None, 'created': '2025-04-11 15:58:52', 'repeat_days': None, 'repeat_start': None, 'repeat_end': None, 'priority': 1, 'category_ids': []}, {'id': 94, 'task': '1', 'time': None, 'created': '2025-04-11 15:58:53', 'repeat_days': None, 'repeat_start': None, 'repeat_end': None, 'priority': 1, 'category_ids': []}]
2025-04-11 18:59:00 | INFO     | app                  | tasks.py:41 | Received task form data: ImmutableMultiDict([])
2025-04-11 18:59:00 | INFO     | app                  | tasks.py:165 | Tasks data for day 2025-4-22: []
2025-04-11 18:59:02 | INFO     | app                  | tasks.py:41 | Received task form data: ImmutableMultiDict([('date', '2025-04-22'), ('task', '12'), ('time', '12:00'), ('priority', '1'), ('repeat_days', '1'), ('repeat_start', '2025-04-22'), ('repeat_end', '')])
2025-04-11 18:59:02 | INFO     | app                  | tasks.py:41 | Received task form data: ImmutableMultiDict([])
2025-04-11 18:59:02 | INFO     | app                  | tasks.py:165 | Tasks data for day 2025-4-22: [{'id': 96, 'task': '12', 'time': '12:00', 'created': '2025-04-11 15:59:02', 'repeat_days': None, 'repeat_start': None, 'repeat_end': None, 'priority': 1, 'category_ids': []}]
2025-04-11 18:59:04 | INFO     | app                  | tasks.py:41 | Received task form data: ImmutableMultiDict([('date', '2025-4-22'), ('task', '13'), ('time', '12:00'), ('priority', '1'), ('repeat_days', '1'), ('repeat_start', ''), ('repeat_end', '')])
2025-04-11 18:59:04 | INFO     | app                  | tasks.py:41 | Received task form data: ImmutableMultiDict([])
2025-04-11 18:59:04 | INFO     | app                  | tasks.py:165 | Tasks data for day 2025-4-22: [{'id': 96, 'task': '12', 'time': '12:00', 'created': '2025-04-11 15:59:02', 'repeat_days': None, 'repeat_start': None, 'repeat_end': None, 'priority': 1, 'category_ids': []}, {'id': 97, 'task': '13', 'time': '12:00', 'created': '2025-04-11 15:59:04', 'repeat_days': None, 'repeat_start': None, 'repeat_end': None, 'priority': 1, 'category_ids': []}]
2025-04-11 18:59:05 | INFO     | app                  | tasks.py:41 | Received task form data: ImmutableMultiDict([])
2025-04-11 18:59:05 | INFO     | app                  | tasks.py:41 | Received task form data: ImmutableMultiDict([])
2025-04-11 18:59:05 | INFO     | app                  | tasks.py:165 | Tasks data for day 2025-4-22: [{'id': 96, 'task': '12', 'time': '12:00', 'created': '2025-04-11 15:59:02', 'repeat_days': None, 'repeat_start': None, 'repeat_end': None, 'priority': 1, 'category_ids': []}, {'id': 97, 'task': '13', 'time': '12:00', 'created': '2025-04-11 15:59:04', 'repeat_days': None, 'repeat_start': None, 'repeat_end': None, 'priority': 1, 'category_ids': []}]
2025-04-11 18:59:05 | INFO     | app                  | tasks.py:41 | Received task form data: ImmutableMultiDict([])
2025-04-11 18:59:05 | INFO     | app                  | tasks.py:165 | Tasks data for day 2025-4-22: [{'id': 96, 'task': '12', 'time': '12:00', 'created': '2025-04-11 15:59:02', 'repeat_days': None, 'repeat_start': None, 'repeat_end': None, 'priority': 1, 'category_ids': []}, {'id': 97, 'task': '13', 'time': '12:00', 'created': '2025-04-11 15:59:04', 'repeat_days': None, 'repeat_start': None, 'repeat_end': None, 'priority': 1, 'category_ids': []}]
2025-04-11 18:59:05 | INFO     | app                  | tasks.py:41 | Received task form data: ImmutableMultiDict([])
2025-04-11 18:59:05 | INFO     | app                  | tasks.py:165 | Tasks data for day 2025-4-22: [{'id': 96, 'task': '12', 'time': '12:00', 'created': '2025-04-11 15:59:02', 'repeat_days': None, 'repeat_start': None, 'repeat_end': None, 'priority': 1, 'category_ids': []}, {'id': 97, 'task': '13', 'time': '12:00', 'created': '2025-04-11 15:59:04', 'repeat_days': None, 'repeat_start': None, 'repeat_end': None, 'priority': 1, 'category_ids': []}]
2025-04-11 18:59:05 | INFO     | app                  | tasks.py:165 | Tasks data for day 2025-4-22: [{'id': 96, 'task': '12', 'time': '12:00', 'created': '2025-04-11 15:59:02', 'repeat_days': None, 'repeat_start': None, 'repeat_end': None, 'priority': 1, 'category_ids': []}, {'id': 97, 'task': '13', 'time': '12:00', 'created': '2025-04-11 15:59:04', 'repeat_days': None, 'repeat_start': None, 'repeat_end': None, 'priority': 1, 'category_ids': []}]
2025-04-11 18:59:09 | INFO     | app                  | tasks.py:41 | Received task form data: ImmutableMultiDict([])
2025-04-11 18:59:09 | INFO     | app                  | tasks.py:165 | Tasks data for day 2025-4-22: [{'id': 97, 'task': '13', 'time': '12:00', 'created': '2025-04-11 15:59:04', 'repeat_days': None, 'repeat_start': None, 'repeat_end': None, 'priority': 1, 'category_ids': []}]
2025-04-11 18:59:10 | INFO     | app                  | tasks.py:41 | Received task form data: ImmutableMultiDict([])
2025-04-11 18:59:10 | INFO     | app                  | tasks.py:165 | Tasks data for day 2025-4-22: []
2025-04-11 18:59:11 | INFO     | app                  | tasks.py:41 | Received task form data: ImmutableMultiDict([])
2025-04-11 18:59:11 | INFO     | app                  | tasks.py:165 | Tasks data for day 2025-4-22: [{'id': 97, 'task': '13', 'time': None, 'created': '2025-04-11 15:59:11', 'repeat_days': None, 'repeat_start': None, 'repeat_end': None, 'priority': 1, 'category_ids': []}]
2025-04-11 18:59:13 | INFO     | app                  | tasks.py:41 | Received task form data: ImmutableMultiDict([])
2025-04-11 18:59:13 | INFO     | app                  | tasks.py:165 | Tasks data for day 2025-4-22: [{'id': 97, 'task': '13', 'time': None, 'created': '2025-04-11 15:59:11', 'repeat_days': None, 'repeat_start': None, 'repeat_end': None, 'priority': 1, 'category_ids': []}, {'id': 96, 'task': '12', 'time': None, 'created': '2025-04-11 15:59:13', 'repeat_days': None, 'repeat_start': None, 'repeat_end': None, 'priority': 1, 'category_ids': []}]
2025-04-11 18:59:16 | INFO     | app                  | tasks.py:41 | Received task form data: ImmutableMultiDict([])
2025-04-11 18:59:16 | INFO     | app                  | tasks.py:165 | Tasks data for day 2025-4-22: [{'id': 97, 'task': '13', 'time': None, 'created': '2025-04-11 15:59:11', 'repeat_days': None, 'repeat_start': None, 'repeat_end': None, 'priority': 1, 'category_ids': []}, {'id': 96, 'task': '12', 'time': None, 'created': '2025-04-11 15:59:13', 'repeat_days': None, 'repeat_start': None, 'repeat_end': None, 'priority': 1, 'category_ids': []}]
2025-04-11 18:59:18 | INFO     | app                  | tasks.py:41 | Received task form data: ImmutableMultiDict([('delete', '96')])
2025-04-11 18:59:18 | INFO     | app                  | tasks.py:41 | Received task form data: ImmutableMultiDict([])
2025-04-11 18:59:18 | INFO     | app                  | tasks.py:165 | Tasks data for day 2025-4-22: [{'id': 97, 'task': '13', 'time': None, 'created': '2025-04-11 15:59:11', 'repeat_days': None, 'repeat_start': None, 'repeat_end': None, 'priority': 1, 'category_ids': []}]
2025-04-11 18:59:20 | INFO     | app                  | tasks.py:41 | Received task form data: ImmutableMultiDict([('delete', '97')])
2025-04-11 18:59:20 | INFO     | app                  | tasks.py:41 | Received task form data: ImmutableMultiDict([])
2025-04-11 18:59:20 | INFO     | app                  | tasks.py:165 | Tasks data for day 2025-4-22: []
2025-04-11 19:05:05 | INFO     | app                  | app.py:72 | Initializing Google Scheduler...
2025-04-11 19:05:48 | INFO     | app                  | app.py:72 | Initializing Google Scheduler...
2025-04-11 19:05:50 | INFO     | app                  | app.py:72 | Initializing Google Scheduler...
2025-04-11 19:05:55 | INFO     | app                  | tasks.py:41 | Received task form data: ImmutableMultiDict([])
2025-04-11 19:05:55 | INFO     | app                  | tasks.py:165 | Tasks data for day 2025-4-11: [{'id': 88, 'task': '66', 'time': None, 'created': '2025-04-11 15:05:30', 'repeat_days': None, 'repeat_start': None, 'repeat_end': None, 'priority': 2, 'category_ids': []}, {'id': 2, 'task': "Белка's birthday", 'time': None, 'created': '2025-04-08 04:09:24.338685', 'repeat_days': None, 'repeat_start': None, 'repeat_end': None, 'priority': 1, 'category_ids': []}, {'id': 17, 'task': "Белка's birthday", 'time': None, 'created': '2025-04-08 04:21:53.699556', 'repeat_days': None, 'repeat_start': None, 'repeat_end': None, 'priority': 1, 'category_ids': []}, {'id': 3, 'task': 'укол', 'time': '19:00', 'created': '2025-04-08 04:09:24.338685', 'repeat_days': None, 'repeat_start': None, 'repeat_end': None, 'priority': 1, 'category_ids': []}, {'id': 18, 'task': 'укол', 'time': '19:00', 'created': '2025-04-08 04:21:53.699556', 'repeat_days': None, 'repeat_start': None, 'repeat_end': None, 'priority': 1, 'category_ids': []}]
2025-04-11 19:06:04 | INFO     | app                  | app.py:72 | Initializing Google Scheduler...
2025-04-11 19:06:16 | INFO     | app                  | app.py:72 | Initializing Google Scheduler...
2025-04-11 19:06:17 | INFO     | app                  | app.py:72 | Initializing Google Scheduler...
2025-04-11 19:10:59 | INFO     | app                  | app.py:72 | Initializing Google Scheduler...
2025-04-11 19:11:02 | INFO     | app                  | app.py:72 | Initializing Google Scheduler...
2025-04-11 19:11:03 | INFO     | app                  | app.py:72 | Initializing Google Scheduler...
2025-04-11 19:15:23 | INFO     | app                  | app.py:72 | Initializing Google Scheduler...
2025-04-11 19:15:24 | INFO     | app                  | app.py:72 | Initializing Google Scheduler...
2025-04-11 19:23:09 | INFO     | app                  | app.py:77 | Initializing Google Scheduler...
2025-04-11 19:23:11 | INFO     | app                  | app.py:77 | Initializing Google Scheduler...
2025-04-11 19:23:14 | INFO     | app                  | app.py:224 | Received task form data: ImmutableMultiDict([])
2025-04-11 19:23:14 | INFO     | app                  | app.py:348 | Tasks data for day 2025-4-11: [{'id': 88, 'task': '66', 'time': None, 'created': '2025-04-11 15:05:30', 'repeat_days': None, 'repeat_start': None, 'repeat_end': None, 'priority': 2, 'category_ids': []}, {'id': 2, 'task': "Белка's birthday", 'time': None, 'created': '2025-04-08 04:09:24.338685', 'repeat_days': None, 'repeat_start': None, 'repeat_end': None, 'priority': 1, 'category_ids': []}, {'id': 17, 'task': "Белка's birthday", 'time': None, 'created': '2025-04-08 04:21:53.699556', 'repeat_days': None, 'repeat_start': None, 'repeat_end': None, 'priority': 1, 'category_ids': []}, {'id': 3, 'task': 'укол', 'time': '19:00', 'created': '2025-04-08 04:09:24.338685', 'repeat_days': None, 'repeat_start': None, 'repeat_end': None, 'priority': 1, 'category_ids': []}, {'id': 18, 'task': 'укол', 'time': '19:00', 'created': '2025-04-08 04:21:53.699556', 'repeat_days': None, 'repeat_start': None, 'repeat_end': None, 'priority': 1, 'category_ids': []}]
2025-04-11 19:23:15 | INFO     | app                  | app.py:224 | Received task form data: ImmutableMultiDict([])
2025-04-11 19:23:15 | INFO     | app                  | app.py:224 | Received task form data: ImmutableMultiDict([])
2025-04-11 19:23:15 | INFO     | app                  | app.py:348 | Tasks data for day 2025-4-11: [{'id': 88, 'task': '66', 'time': None, 'created': '2025-04-11 15:05:30', 'repeat_days': None, 'repeat_start': None, 'repeat_end': None, 'priority': 2, 'category_ids': []}, {'id': 2, 'task': "Белка's birthday", 'time': None, 'created': '2025-04-08 04:09:24.338685', 'repeat_days': None, 'repeat_start': None, 'repeat_end': None, 'priority': 1, 'category_ids': []}, {'id': 17, 'task': "Белка's birthday", 'time': None, 'created': '2025-04-08 04:21:53.699556', 'repeat_days': None, 'repeat_start': None, 'repeat_end': None, 'priority': 1, 'category_ids': []}, {'id': 3, 'task': 'укол', 'time': '19:00', 'created': '2025-04-08 04:09:24.338685', 'repeat_days': None, 'repeat_start': None, 'repeat_end': None, 'priority': 1, 'category_ids': []}, {'id': 18, 'task': 'укол', 'time': '19:00', 'created': '2025-04-08 04:21:53.699556', 'repeat_days': None, 'repeat_start': None, 'repeat_end': None, 'priority': 1, 'category_ids': []}]
2025-04-11 19:23:15 | INFO     | app                  | app.py:348 | Tasks data for day 2025-4-11: [{'id': 88, 'task': '66', 'time': None, 'created': '2025-04-11 15:05:30', 'repeat_days': None, 'repeat_start': None, 'repeat_end': None, 'priority': 2, 'category_ids': []}, {'id': 2, 'task': "Белка's birthday", 'time': None, 'created': '2025-04-08 04:09:24.338685', 'repeat_days': None, 'repeat_start': None, 'repeat_end': None, 'priority': 1, 'category_ids': []}, {'id': 17, 'task': "Белка's birthday", 'time': None, 'created': '2025-04-08 04:21:53.699556', 'repeat_days': None, 'repeat_start': None, 'repeat_end': None, 'priority': 1, 'category_ids': []}, {'id': 3, 'task': 'укол', 'time': '19:00', 'created': '2025-04-08 04:09:24.338685', 'repeat_days': None, 'repeat_start': None, 'repeat_end': None, 'priority': 1, 'category_ids': []}, {'id': 18, 'task': 'укол', 'time': '19:00', 'created': '2025-04-08 04:21:53.699556', 'repeat_days': None, 'repeat_start': None, 'repeat_end': None, 'priority': 1, 'category_ids': []}]
2025-04-11 19:23:19 | INFO     | app                  | app.py:224 | Received task form data: ImmutableMultiDict([('delete', '88')])
2025-04-11 19:23:19 | INFO     | app                  | app.py:224 | Received task form data: ImmutableMultiDict([])
2025-04-11 19:23:19 | INFO     | app                  | app.py:348 | Tasks data for day 2025-4-11: [{'id': 2, 'task': "Белка's birthday", 'time': None, 'created': '2025-04-08 04:09:24.338685', 'repeat_days': None, 'repeat_start': None, 'repeat_end': None, 'priority': 1, 'category_ids': []}, {'id': 17, 'task': "Белка's birthday", 'time': None, 'created': '2025-04-08 04:21:53.699556', 'repeat_days': None, 'repeat_start': None, 'repeat_end': None, 'priority': 1, 'category_ids': []}, {'id': 3, 'task': 'укол', 'time': '19:00', 'created': '2025-04-08 04:09:24.338685', 'repeat_days': None, 'repeat_start': None, 'repeat_end': None, 'priority': 1, 'category_ids': []}, {'id': 18, 'task': 'укол', 'time': '19:00', 'created': '2025-04-08 04:21:53.699556', 'repeat_days': None, 'repeat_start': None, 'repeat_end': None, 'priority': 1, 'category_ids': []}]
2025-04-11 19:23:20 | INFO     | app                  | app.py:224 | Received task form data: ImmutableMultiDict([('date', '2025-4-11'), ('task', 'sd'), ('time', '12:00'), ('priority', '1'), ('repeat_days', '1'), ('repeat_start', ''), ('repeat_end', '')])
2025-04-11 19:23:20 | INFO     | app                  | app.py:224 | Received task form data: ImmutableMultiDict([])
2025-04-11 19:23:20 | INFO     | app                  | app.py:348 | Tasks data for day 2025-4-11: [{'id': 2, 'task': "Белка's birthday", 'time': None, 'created': '2025-04-08 04:09:24.338685', 'repeat_days': None, 'repeat_start': None, 'repeat_end': None, 'priority': 1, 'category_ids': []}, {'id': 17, 'task': "Белка's birthday", 'time': None, 'created': '2025-04-08 04:21:53.699556', 'repeat_days': None, 'repeat_start': None, 'repeat_end': None, 'priority': 1, 'category_ids': []}, {'id': 98, 'task': 'sd', 'time': '12:00', 'created': '2025-04-11 16:23:20', 'repeat_days': None, 'repeat_start': None, 'repeat_end': None, 'priority': 1, 'category_ids': []}, {'id': 3, 'task': 'укол', 'time': '19:00', 'created': '2025-04-08 04:09:24.338685', 'repeat_days': None, 'repeat_start': None, 'repeat_end': None, 'priority': 1, 'category_ids': []}, {'id': 18, 'task': 'укол', 'time': '19:00', 'created': '2025-04-08 04:21:53.699556', 'repeat_days': None, 'repeat_start': None, 'repeat_end': None, 'priority': 1, 'category_ids': []}]
2025-04-11 19:24:24 | INFO     | app                  | app.py:77 | Initializing Google Scheduler...
2025-04-11 19:26:38 | INFO     | app                  | app.py:77 | Initializing Google Scheduler...
2025-04-11 19:26:40 | INFO     | app                  | app.py:77 | Initializing Google Scheduler...
2025-04-11 19:27:00 | INFO     | app                  | app.py:77 | Initializing Google Scheduler...
2025-04-11 19:27:01 | INFO     | app                  | app.py:77 | Initializing Google Scheduler...
2025-04-11 19:27:08 | INFO     | app                  | app.py:133 | Received task form data: ImmutableMultiDict([])
2025-04-11 19:27:08 | INFO     | app                  | app.py:257 | Tasks data for day 2025-4-11: [{'id': 2, 'task': "Белка's birthday", 'time': None, 'created': '2025-04-08 04:09:24.338685', 'repeat_days': None, 'repeat_start': None, 'repeat_end': None, 'priority': 1, 'category_ids': []}, {'id': 17, 'task': "Белка's birthday", 'time': None, 'created': '2025-04-08 04:21:53.699556', 'repeat_days': None, 'repeat_start': None, 'repeat_end': None, 'priority': 1, 'category_ids': []}, {'id': 98, 'task': 'sd', 'time': '12:00', 'created': '2025-04-11 16:23:20', 'repeat_days': None, 'repeat_start': None, 'repeat_end': None, 'priority': 1, 'category_ids': []}, {'id': 3, 'task': 'укол', 'time': '19:00', 'created': '2025-04-08 04:09:24.338685', 'repeat_days': None, 'repeat_start': None, 'repeat_end': None, 'priority': 1, 'category_ids': []}, {'id': 18, 'task': 'укол', 'time': '19:00', 'created': '2025-04-08 04:21:53.699556', 'repeat_days': None, 'repeat_start': None, 'repeat_end': None, 'priority': 1, 'category_ids': []}]
2025-04-11 19:29:58 | INFO     | app                  | app.py:77 | Initializing Google Scheduler...
2025-04-11 19:30:43 | INFO     | app                  | app.py:77 | Initializing Google Scheduler...
2025-04-11 20:27:09 | INFO     | app                  | app.py:77 | Initializing Google Scheduler...
2025-04-11 21:54:34 | INFO     | app                  | app.py:77 | Initializing Google Scheduler...
2025-04-11 22:02:20 | INFO     | app                  | app.py:79 | Initializing Google Scheduler...
2025-04-11 22:02:21 | INFO     | app                  | app.py:79 | Initializing Google Scheduler...
2025-04-11 22:02:26 | INFO     | app                  | tasks.py:41 | Received task form data: ImmutableMultiDict([])
2025-04-11 22:02:26 | INFO     | app                  | tasks.py:165 | Tasks data for day 2025-4-12: [{'id': 93, 'task': '14', 'time': None, 'created': '2025-04-11 15:22:18', 'repeat_days': None, 'repeat_start': None, 'repeat_end': None, 'priority': 2, 'category_ids': []}]
2025-04-11 22:02:27 | INFO     | app                  | tasks.py:41 | Received task form data: ImmutableMultiDict([('date', '2025-04-12'), ('task', 'asas'), ('time', '12:00'), ('priority', '1'), ('repeat_days', '1'), ('repeat_start', '2025-04-12'), ('repeat_end', '')])
2025-04-11 22:02:27 | INFO     | app                  | tasks.py:41 | Received task form data: ImmutableMultiDict([])
2025-04-11 22:02:27 | INFO     | app                  | tasks.py:165 | Tasks data for day 2025-4-12: [{'id': 93, 'task': '14', 'time': None, 'created': '2025-04-11 15:22:18', 'repeat_days': None, 'repeat_start': None, 'repeat_end': None, 'priority': 2, 'category_ids': []}, {'id': 100, 'task': 'asas', 'time': '12:00', 'created': '2025-04-11 19:02:27', 'repeat_days': None, 'repeat_start': None, 'repeat_end': None, 'priority': 1, 'category_ids': []}]
2025-04-11 22:02:30 | INFO     | app                  | tasks.py:41 | Received task form data: ImmutableMultiDict([('delete', '93')])
2025-04-11 22:02:30 | INFO     | app                  | tasks.py:41 | Received task form data: ImmutableMultiDict([])
2025-04-11 22:02:30 | INFO     | app                  | tasks.py:165 | Tasks data for day 2025-4-12: [{'id': 100, 'task': 'asas', 'time': '12:00', 'created': '2025-04-11 19:02:27', 'repeat_days': None, 'repeat_start': None, 'repeat_end': None, 'priority': 1, 'category_ids': []}]
2025-04-11 22:02:32 | INFO     | app                  | tasks.py:41 | Received task form data: ImmutableMultiDict([('delete', '100')])
2025-04-11 22:02:32 | INFO     | app                  | tasks.py:41 | Received task form data: ImmutableMultiDict([])
2025-04-11 22:02:32 | INFO     | app                  | tasks.py:165 | Tasks data for day 2025-4-12: []
2025-04-11 22:02:32 | INFO     | app                  | tasks.py:41 | Received task form data: ImmutableMultiDict([])
2025-04-11 22:02:32 | INFO     | app                  | tasks.py:165 | Tasks data for day 2025-4-12: []
2025-04-11 22:02:32 | INFO     | app                  | tasks.py:41 | Received task form data: ImmutableMultiDict([])
2025-04-11 22:02:32 | INFO     | app                  | tasks.py:41 | Received task form data: ImmutableMultiDict([])
2025-04-11 22:02:32 | INFO     | app                  | tasks.py:165 | Tasks data for day 2025-4-12: []
2025-04-11 22:02:32 | INFO     | app                  | tasks.py:165 | Tasks data for day 2025-4-12: []
2025-04-11 22:02:32 | INFO     | app                  | tasks.py:41 | Received task form data: ImmutableMultiDict([])
2025-04-11 22:02:32 | INFO     | app                  | tasks.py:165 | Tasks data for day 2025-4-12: []
2025-04-11 22:02:32 | INFO     | app                  | tasks.py:41 | Received task form data: ImmutableMultiDict([])
2025-04-11 22:02:32 | INFO     | app                  | tasks.py:165 | Tasks data for day 2025-4-12: []
2025-04-11 22:02:34 | INFO     | app                  | tasks.py:41 | Received task form data: ImmutableMultiDict([('date', '2025-04-12'), ('task', 'asas'), ('time', '12:00'), ('priority', '1'), ('repeat_days', '1'), ('repeat_start', '2025-04-12'), ('repeat_end', '')])
2025-04-11 22:02:34 | INFO     | app                  | tasks.py:41 | Received task form data: ImmutableMultiDict([])
2025-04-11 22:02:34 | INFO     | app                  | tasks.py:165 | Tasks data for day 2025-4-12: [{'id': 101, 'task': 'asas', 'time': '12:00', 'created': '2025-04-11 19:02:34', 'repeat_days': None, 'repeat_start': None, 'repeat_end': None, 'priority': 1, 'category_ids': []}]
2025-04-11 22:02:35 | INFO     | app                  | tasks.py:41 | Received task form data: ImmutableMultiDict([])
2025-04-11 22:02:35 | INFO     | app                  | tasks.py:165 | Tasks data for day 2025-4-12: []
2025-04-11 22:02:37 | INFO     | app                  | tasks.py:41 | Received task form data: ImmutableMultiDict([])
2025-04-11 22:02:37 | INFO     | app                  | tasks.py:165 | Tasks data for day 2025-4-12: [{'id': 101, 'task': 'asas', 'time': None, 'created': '2025-04-11 19:02:37', 'repeat_days': None, 'repeat_start': None, 'repeat_end': None, 'priority': 1, 'category_ids': []}]
2025-04-11 22:24:27 | INFO     | app                  | app.py:79 | Initializing Google Scheduler...
2025-04-11 22:26:17 | INFO     | app                  | app.py:79 | Initializing Google Scheduler...
2025-04-11 22:26:38 | INFO     | app                  | app.py:79 | Initializing Google Scheduler...
2025-04-11 22:26:39 | INFO     | app                  | app.py:79 | Initializing Google Scheduler...
2025-04-11 22:26:44 | INFO     | app                  | tasks.py:41 | Received task form data: ImmutableMultiDict([])
2025-04-11 22:26:44 | INFO     | app                  | tasks.py:165 | Tasks data for day 2025-4-12: [{'id': 101, 'task': 'asas', 'time': None, 'created': '2025-04-11 19:02:37', 'repeat_days': None, 'repeat_start': None, 'repeat_end': None, 'priority': 1, 'category_ids': []}]
2025-04-11 22:26:46 | INFO     | app                  | tasks.py:41 | Received task form data: ImmutableMultiDict([('delete', '101')])
2025-04-11 22:26:46 | INFO     | app                  | tasks.py:41 | Received task form data: ImmutableMultiDict([])
2025-04-11 22:26:46 | INFO     | app                  | tasks.py:165 | Tasks data for day 2025-4-12: []
2025-04-11 22:26:48 | INFO     | app                  | tasks.py:41 | Received task form data: ImmutableMultiDict([('date', '2025-4-12'), ('task', '12'), ('time', '12:00'), ('priority', '1'), ('repeat_days', '1'), ('repeat_start', ''), ('repeat_end', '')])
2025-04-11 22:26:48 | INFO     | app                  | tasks.py:41 | Received task form data: ImmutableMultiDict([])
2025-04-11 22:26:48 | INFO     | app                  | tasks.py:165 | Tasks data for day 2025-4-12: [{'id': 102, 'task': '12', 'time': '12:00', 'created': '2025-04-11 19:26:48', 'repeat_days': None, 'repeat_start': None, 'repeat_end': None, 'priority': 1, 'category_ids': []}]
2025-04-11 22:26:50 | INFO     | app                  | tasks.py:41 | Received task form data: ImmutableMultiDict([('date', '2025-4-12'), ('task', '13'), ('time', '12:00'), ('priority', '1'), ('repeat_days', '1'), ('repeat_start', ''), ('repeat_end', '')])
2025-04-11 22:26:50 | INFO     | app                  | tasks.py:41 | Received task form data: ImmutableMultiDict([])
2025-04-11 22:26:50 | INFO     | app                  | tasks.py:165 | Tasks data for day 2025-4-12: [{'id': 102, 'task': '12', 'time': '12:00', 'created': '2025-04-11 19:26:48', 'repeat_days': None, 'repeat_start': None, 'repeat_end': None, 'priority': 1, 'category_ids': []}, {'id': 103, 'task': '13', 'time': '12:00', 'created': '2025-04-11 19:26:50', 'repeat_days': None, 'repeat_start': None, 'repeat_end': None, 'priority': 1, 'category_ids': []}]
2025-04-11 22:26:51 | INFO     | app                  | tasks.py:41 | Received task form data: ImmutableMultiDict([])
2025-04-11 22:26:51 | INFO     | app                  | tasks.py:165 | Tasks data for day 2025-4-12: [{'id': 103, 'task': '13', 'time': '12:00', 'created': '2025-04-11 19:26:50', 'repeat_days': None, 'repeat_start': None, 'repeat_end': None, 'priority': 1, 'category_ids': []}]
2025-04-11 22:26:53 | INFO     | app                  | tasks.py:41 | Received task form data: ImmutableMultiDict([])
2025-04-11 22:26:53 | INFO     | app                  | tasks.py:165 | Tasks data for day 2025-4-12: [{'id': 102, 'task': '12', 'time': None, 'created': '2025-04-11 19:26:53', 'repeat_days': None, 'repeat_start': None, 'repeat_end': None, 'priority': 1, 'category_ids': []}, {'id': 103, 'task': '13', 'time': '12:00', 'created': '2025-04-11 19:26:50', 'repeat_days': None, 'repeat_start': None, 'repeat_end': None, 'priority': 1, 'category_ids': []}]
2025-04-11 23:07:16 | INFO     | app                  | app.py:79 | Initializing Google Scheduler...
2025-04-11 23:07:17 | INFO     | app                  | app.py:79 | Initializing Google Scheduler...
2025-04-11 23:07:20 | INFO     | app                  | tasks.py:41 | Received task form data: ImmutableMultiDict([])
2025-04-11 23:07:20 | INFO     | app                  | tasks.py:165 | Tasks data for day 2025-4-12: [{'id': 102, 'task': '12', 'time': None, 'created': '2025-04-11 19:26:53', 'repeat_days': None, 'repeat_start': None, 'repeat_end': None, 'priority': 1, 'category_ids': []}, {'id': 103, 'task': '13', 'time': '12:00', 'created': '2025-04-11 19:26:50', 'repeat_days': None, 'repeat_start': None, 'repeat_end': None, 'priority': 1, 'category_ids': []}]
2025-04-11 23:07:23 | INFO     | app                  | tasks.py:41 | Received task form data: ImmutableMultiDict([])
2025-04-11 23:07:23 | INFO     | app                  | tasks.py:165 | Tasks data for day 2025-4-12: [{'id': 103, 'task': '13', 'time': '12:00', 'created': '2025-04-11 19:26:50', 'repeat_days': None, 'repeat_start': None, 'repeat_end': None, 'priority': 1, 'category_ids': []}]
2025-04-11 23:07:25 | INFO     | app                  | tasks.py:41 | Received task form data: ImmutableMultiDict([])
2025-04-11 23:07:25 | INFO     | app                  | tasks.py:165 | Tasks data for day 2025-4-12: [{'id': 102, 'task': '12', 'time': None, 'created': '2025-04-11 20:07:25', 'repeat_days': None, 'repeat_start': None, 'repeat_end': None, 'priority': 1, 'category_ids': []}, {'id': 103, 'task': '13', 'time': '12:00', 'created': '2025-04-11 19:26:50', 'repeat_days': None, 'repeat_start': None, 'repeat_end': None, 'priority': 1, 'category_ids': []}]
2025-04-11 23:16:37 | INFO     | app                  | app.py:79 | Initializing Google Scheduler...
