2025-03-27 12:07:48 | ERROR | aiogram.dispatcher | dispatcher.py:219 | Failed to fetch updates - TelegramNetworkError: HTTP Client says - ServerDisconnectedError: Server disconnected
2025-03-27 12:07:48 | WARNING | aiogram.dispatcher | dispatcher.py:221 | Sleep for 1.000000 seconds and try again... (tryings = 0, bot id = 7697100885)
2025-03-27 12:07:56 | ERROR | aiogram.dispatcher | dispatcher.py:219 | Failed to fetch updates - TelegramNetworkError: HTTP Client says - ServerDisconnectedError: Server disconnected
2025-03-27 12:07:56 | WARNING | aiogram.dispatcher | dispatcher.py:221 | Sleep for 1.000000 seconds and try again... (tryings = 0, bot id = 7697100885)
2025-03-27 12:19:38 | ERROR | aiogram.dispatcher | dispatcher.py:219 | Failed to fetch updates - TelegramNetworkError: HTTP Client says - ServerDisconnectedError: Server disconnected
2025-03-27 12:19:38 | WARNING | aiogram.dispatcher | dispatcher.py:221 | Sleep for 1.000000 seconds and try again... (tryings = 0, bot id = 7697100885)
2025-03-27 12:31:51 | ERROR | aiogram.dispatcher | dispatcher.py:219 | Failed to fetch updates - TelegramNetworkError: HTTP Client says - ServerDisconnectedError: Server disconnected
2025-03-27 12:31:51 | WARNING | aiogram.dispatcher | dispatcher.py:221 | Sleep for 1.000000 seconds and try again... (tryings = 0, bot id = 7697100885)
2025-03-27 12:37:36 | ERROR | aiogram.dispatcher | dispatcher.py:219 | Failed to fetch updates - TelegramNetworkError: HTTP Client says - ServerDisconnectedError: Server disconnected
2025-03-27 12:37:36 | WARNING | aiogram.dispatcher | dispatcher.py:221 | Sleep for 1.000000 seconds and try again... (tryings = 0, bot id = 7697100885)
2025-03-27 12:43:08 | ERROR | aiogram.dispatcher | dispatcher.py:219 | Failed to fetch updates - TelegramNetworkError: HTTP Client says - ServerDisconnectedError: Server disconnected
2025-03-27 12:43:08 | WARNING | aiogram.dispatcher | dispatcher.py:221 | Sleep for 1.000000 seconds and try again... (tryings = 0, bot id = 7697100885)
2025-03-27 12:47:29 | ERROR | aiogram.dispatcher | dispatcher.py:219 | Failed to fetch updates - TelegramNetworkError: HTTP Client says - ServerDisconnectedError: Server disconnected
2025-03-27 12:47:29 | WARNING | aiogram.dispatcher | dispatcher.py:221 | Sleep for 1.000000 seconds and try again... (tryings = 0, bot id = 7697100885)
2025-03-27 12:53:43 | ERROR | aiogram.dispatcher | dispatcher.py:219 | Failed to fetch updates - TelegramNetworkError: HTTP Client says - ServerDisconnectedError: Server disconnected
2025-03-27 12:53:43 | WARNING | aiogram.dispatcher | dispatcher.py:221 | Sleep for 1.000000 seconds and try again... (tryings = 0, bot id = 7697100885)
2025-03-27 13:01:53 | ERROR | aiogram.dispatcher | dispatcher.py:219 | Failed to fetch updates - TelegramNetworkError: HTTP Client says - ServerDisconnectedError: Server disconnected
2025-03-27 13:01:53 | WARNING | aiogram.dispatcher | dispatcher.py:221 | Sleep for 1.000000 seconds and try again... (tryings = 0, bot id = 7697100885)
2025-03-27 13:14:59 | ERROR | aiogram.dispatcher | dispatcher.py:219 | Failed to fetch updates - TelegramNetworkError: HTTP Client says - ServerDisconnectedError: Server disconnected
2025-03-27 13:14:59 | WARNING | aiogram.dispatcher | dispatcher.py:221 | Sleep for 1.000000 seconds and try again... (tryings = 0, bot id = 7697100885)
2025-03-27 13:24:17 | ERROR | aiogram.dispatcher | dispatcher.py:219 | Failed to fetch updates - TelegramNetworkError: HTTP Client says - ServerDisconnectedError: Server disconnected
2025-03-27 13:24:17 | WARNING | aiogram.dispatcher | dispatcher.py:221 | Sleep for 1.000000 seconds and try again... (tryings = 0, bot id = 7697100885)
2025-03-27 13:33:17 | ERROR | aiogram.dispatcher | dispatcher.py:219 | Failed to fetch updates - TelegramNetworkError: HTTP Client says - ServerDisconnectedError: Server disconnected
2025-03-27 13:33:17 | WARNING | aiogram.dispatcher | dispatcher.py:221 | Sleep for 1.000000 seconds and try again... (tryings = 0, bot id = 7697100885)
2025-03-27 13:43:38 | ERROR | aiogram.dispatcher | dispatcher.py:219 | Failed to fetch updates - TelegramNetworkError: HTTP Client says - ServerDisconnectedError: Server disconnected
2025-03-27 13:43:38 | WARNING | aiogram.dispatcher | dispatcher.py:221 | Sleep for 1.000000 seconds and try again... (tryings = 0, bot id = 7697100885)
2025-03-27 13:48:53 | CRITICAL | bot | main.py:58 | Bot crashed: register_handlers() takes 1 positional argument but 2 were given
Traceback (most recent call last):
  File "C:\Users\kreon\Dropbox\python_advanced_final\main.py", line 56, in <module>
    asyncio.run(main())
  File "C:\Python312\Lib\asyncio\runners.py", line 194, in run
    return runner.run(main)
           ^^^^^^^^^^^^^^^^
  File "C:\Python312\Lib\asyncio\runners.py", line 118, in run
    return self._loop.run_until_complete(task)
           ^^^^^^^^^^^^^^^^^^^^^^^^^^^^^^^^^^^
  File "C:\Python312\Lib\asyncio\base_events.py", line 686, in run_until_complete
    return future.result()
           ^^^^^^^^^^^^^^^
  File "C:\Users\kreon\Dropbox\python_advanced_final\main.py", line 26, in main
    reg_messages(dp, user_states)
TypeError: register_handlers() takes 1 positional argument but 2 were given
2025-03-27 13:51:18 | CRITICAL | bot | main.py:58 | Bot crashed: register_handlers() takes 1 positional argument but 2 were given
Traceback (most recent call last):
  File "C:\Users\kreon\Dropbox\python_advanced_final\main.py", line 56, in <module>
    asyncio.run(main())
  File "C:\Python312\Lib\asyncio\runners.py", line 194, in run
    return runner.run(main)
           ^^^^^^^^^^^^^^^^
  File "C:\Python312\Lib\asyncio\runners.py", line 118, in run
    return self._loop.run_until_complete(task)
           ^^^^^^^^^^^^^^^^^^^^^^^^^^^^^^^^^^^
  File "C:\Python312\Lib\asyncio\base_events.py", line 686, in run_until_complete
    return future.result()
           ^^^^^^^^^^^^^^^
  File "C:\Users\kreon\Dropbox\python_advanced_final\main.py", line 26, in main
    reg_messages(dp, user_states)
TypeError: register_handlers() takes 1 positional argument but 2 were given
2025-03-27 13:52:01 | ERROR | aiogram.event | dispatcher.py:315 | Cause exception while process update id=460563561 by bot id=7697100885
ImportError: cannot import name 'get_user_state' from 'main' (C:\Users\kreon\Dropbox\python_advanced_final\main.py)
Traceback (most recent call last):
  File "C:\Users\kreon\Dropbox\python_advanced_final\.venv\Lib\site-packages\aiogram\dispatcher\dispatcher.py", line 309, in _process_update
    response = await self.feed_update(bot, update, **kwargs)
               ^^^^^^^^^^^^^^^^^^^^^^^^^^^^^^^^^^^^^^^^^^^^^
  File "C:\Users\kreon\Dropbox\python_advanced_final\.venv\Lib\site-packages\aiogram\dispatcher\dispatcher.py", line 158, in feed_update
    response = await self.update.wrap_outer_middleware(
               ^^^^^^^^^^^^^^^^^^^^^^^^^^^^^^^^^^^^^^^^
  File "C:\Users\kreon\Dropbox\python_advanced_final\.venv\Lib\site-packages\aiogram\dispatcher\middlewares\error.py", line 25, in __call__
    return await handler(event, data)
           ^^^^^^^^^^^^^^^^^^^^^^^^^^
  File "C:\Users\kreon\Dropbox\python_advanced_final\.venv\Lib\site-packages\aiogram\dispatcher\middlewares\user_context.py", line 56, in __call__
    return await handler(event, data)
           ^^^^^^^^^^^^^^^^^^^^^^^^^^
  File "C:\Users\kreon\Dropbox\python_advanced_final\.venv\Lib\site-packages\aiogram\fsm\middleware.py", line 42, in __call__
    return await handler(event, data)
           ^^^^^^^^^^^^^^^^^^^^^^^^^^
  File "C:\Users\kreon\Dropbox\python_advanced_final\.venv\Lib\site-packages\aiogram\dispatcher\event\telegram.py", line 121, in trigger
    return await wrapped_inner(event, kwargs)
           ^^^^^^^^^^^^^^^^^^^^^^^^^^^^^^^^^^
  File "C:\Users\kreon\Dropbox\python_advanced_final\.venv\Lib\site-packages\aiogram\dispatcher\event\handler.py", line 43, in call
    return await wrapped()
           ^^^^^^^^^^^^^^^
  File "C:\Users\kreon\Dropbox\python_advanced_final\.venv\Lib\site-packages\aiogram\dispatcher\dispatcher.py", line 276, in _listen_update
    return await self.propagate_event(update_type=update_type, event=event, **kwargs)
           ^^^^^^^^^^^^^^^^^^^^^^^^^^^^^^^^^^^^^^^^^^^^^^^^^^^^^^^^^^^^^^^^^^^^^^^^^^
  File "C:\Users\kreon\Dropbox\python_advanced_final\.venv\Lib\site-packages\aiogram\dispatcher\router.py", line 146, in propagate_event
    return await observer.wrap_outer_middleware(_wrapped, event=event, data=kwargs)
           ^^^^^^^^^^^^^^^^^^^^^^^^^^^^^^^^^^^^^^^^^^^^^^^^^^^^^^^^^^^^^^^^^^^^^^^^
  File "C:\Users\kreon\Dropbox\python_advanced_final\.venv\Lib\site-packages\aiogram\dispatcher\router.py", line 141, in _wrapped
    return await self._propagate_event(
           ^^^^^^^^^^^^^^^^^^^^^^^^^^^^
  File "C:\Users\kreon\Dropbox\python_advanced_final\.venv\Lib\site-packages\aiogram\dispatcher\router.py", line 166, in _propagate_event
    response = await observer.trigger(event, **kwargs)
               ^^^^^^^^^^^^^^^^^^^^^^^^^^^^^^^^^^^^^^^
  File "C:\Users\kreon\Dropbox\python_advanced_final\.venv\Lib\site-packages\aiogram\dispatcher\event\telegram.py", line 121, in trigger
    return await wrapped_inner(event, kwargs)
           ^^^^^^^^^^^^^^^^^^^^^^^^^^^^^^^^^^
  File "C:\Users\kreon\Dropbox\python_advanced_final\.venv\Lib\site-packages\aiogram\dispatcher\event\handler.py", line 43, in call
    return await wrapped()
           ^^^^^^^^^^^^^^^
  File "C:\Users\kreon\Dropbox\python_advanced_final\handlers\commands.py", line 51, in cmd_today
    await show_day_tasks(message, user_id, now.year, now.month, now.day)
  File "C:\Users\kreon\Dropbox\python_advanced_final\utils\calendar.py", line 95, in show_day_tasks
    from main import get_user_state
ImportError: cannot import name 'get_user_state' from 'main' (C:\Users\kreon\Dropbox\python_advanced_final\main.py)
2025-03-27 13:52:10 | ERROR | aiogram.event | dispatcher.py:315 | Cause exception while process update id=460563563 by bot id=7697100885
KeyError: 120334532
Traceback (most recent call last):
  File "C:\Users\kreon\Dropbox\python_advanced_final\.venv\Lib\site-packages\aiogram\dispatcher\dispatcher.py", line 309, in _process_update
    response = await self.feed_update(bot, update, **kwargs)
               ^^^^^^^^^^^^^^^^^^^^^^^^^^^^^^^^^^^^^^^^^^^^^
  File "C:\Users\kreon\Dropbox\python_advanced_final\.venv\Lib\site-packages\aiogram\dispatcher\dispatcher.py", line 158, in feed_update
    response = await self.update.wrap_outer_middleware(
               ^^^^^^^^^^^^^^^^^^^^^^^^^^^^^^^^^^^^^^^^
  File "C:\Users\kreon\Dropbox\python_advanced_final\.venv\Lib\site-packages\aiogram\dispatcher\middlewares\error.py", line 25, in __call__
    return await handler(event, data)
           ^^^^^^^^^^^^^^^^^^^^^^^^^^
  File "C:\Users\kreon\Dropbox\python_advanced_final\.venv\Lib\site-packages\aiogram\dispatcher\middlewares\user_context.py", line 56, in __call__
    return await handler(event, data)
           ^^^^^^^^^^^^^^^^^^^^^^^^^^
  File "C:\Users\kreon\Dropbox\python_advanced_final\.venv\Lib\site-packages\aiogram\fsm\middleware.py", line 42, in __call__
    return await handler(event, data)
           ^^^^^^^^^^^^^^^^^^^^^^^^^^
  File "C:\Users\kreon\Dropbox\python_advanced_final\.venv\Lib\site-packages\aiogram\dispatcher\event\telegram.py", line 121, in trigger
    return await wrapped_inner(event, kwargs)
           ^^^^^^^^^^^^^^^^^^^^^^^^^^^^^^^^^^
  File "C:\Users\kreon\Dropbox\python_advanced_final\.venv\Lib\site-packages\aiogram\dispatcher\event\handler.py", line 43, in call
    return await wrapped()
           ^^^^^^^^^^^^^^^
  File "C:\Users\kreon\Dropbox\python_advanced_final\.venv\Lib\site-packages\aiogram\dispatcher\dispatcher.py", line 276, in _listen_update
    return await self.propagate_event(update_type=update_type, event=event, **kwargs)
           ^^^^^^^^^^^^^^^^^^^^^^^^^^^^^^^^^^^^^^^^^^^^^^^^^^^^^^^^^^^^^^^^^^^^^^^^^^
  File "C:\Users\kreon\Dropbox\python_advanced_final\.venv\Lib\site-packages\aiogram\dispatcher\router.py", line 146, in propagate_event
    return await observer.wrap_outer_middleware(_wrapped, event=event, data=kwargs)
           ^^^^^^^^^^^^^^^^^^^^^^^^^^^^^^^^^^^^^^^^^^^^^^^^^^^^^^^^^^^^^^^^^^^^^^^^
  File "C:\Users\kreon\Dropbox\python_advanced_final\.venv\Lib\site-packages\aiogram\dispatcher\router.py", line 141, in _wrapped
    return await self._propagate_event(
           ^^^^^^^^^^^^^^^^^^^^^^^^^^^^
  File "C:\Users\kreon\Dropbox\python_advanced_final\.venv\Lib\site-packages\aiogram\dispatcher\router.py", line 166, in _propagate_event
    response = await observer.trigger(event, **kwargs)
               ^^^^^^^^^^^^^^^^^^^^^^^^^^^^^^^^^^^^^^^
  File "C:\Users\kreon\Dropbox\python_advanced_final\.venv\Lib\site-packages\aiogram\dispatcher\event\telegram.py", line 121, in trigger
    return await wrapped_inner(event, kwargs)
           ^^^^^^^^^^^^^^^^^^^^^^^^^^^^^^^^^^
  File "C:\Users\kreon\Dropbox\python_advanced_final\.venv\Lib\site-packages\aiogram\dispatcher\event\handler.py", line 43, in call
    return await wrapped()
           ^^^^^^^^^^^^^^^
  File "C:\Users\kreon\Dropbox\python_advanced_final\handlers\callbacks.py", line 44, in handle_day_selection
    user_states[telegram_id].current_date = (year, month, day)
    ~~~~~~~~~~~^^^^^^^^^^^^^
KeyError: 120334532
2025-03-27 13:52:12 | ERROR | aiogram.event | dispatcher.py:315 | Cause exception while process update id=460563564 by bot id=7697100885
KeyError: 120334532
Traceback (most recent call last):
  File "C:\Users\kreon\Dropbox\python_advanced_final\.venv\Lib\site-packages\aiogram\dispatcher\dispatcher.py", line 309, in _process_update
    response = await self.feed_update(bot, update, **kwargs)
               ^^^^^^^^^^^^^^^^^^^^^^^^^^^^^^^^^^^^^^^^^^^^^
  File "C:\Users\kreon\Dropbox\python_advanced_final\.venv\Lib\site-packages\aiogram\dispatcher\dispatcher.py", line 158, in feed_update
    response = await self.update.wrap_outer_middleware(
               ^^^^^^^^^^^^^^^^^^^^^^^^^^^^^^^^^^^^^^^^
  File "C:\Users\kreon\Dropbox\python_advanced_final\.venv\Lib\site-packages\aiogram\dispatcher\middlewares\error.py", line 25, in __call__
    return await handler(event, data)
           ^^^^^^^^^^^^^^^^^^^^^^^^^^
  File "C:\Users\kreon\Dropbox\python_advanced_final\.venv\Lib\site-packages\aiogram\dispatcher\middlewares\user_context.py", line 56, in __call__
    return await handler(event, data)
           ^^^^^^^^^^^^^^^^^^^^^^^^^^
  File "C:\Users\kreon\Dropbox\python_advanced_final\.venv\Lib\site-packages\aiogram\fsm\middleware.py", line 42, in __call__
    return await handler(event, data)
           ^^^^^^^^^^^^^^^^^^^^^^^^^^
  File "C:\Users\kreon\Dropbox\python_advanced_final\.venv\Lib\site-packages\aiogram\dispatcher\event\telegram.py", line 121, in trigger
    return await wrapped_inner(event, kwargs)
           ^^^^^^^^^^^^^^^^^^^^^^^^^^^^^^^^^^
  File "C:\Users\kreon\Dropbox\python_advanced_final\.venv\Lib\site-packages\aiogram\dispatcher\event\handler.py", line 43, in call
    return await wrapped()
           ^^^^^^^^^^^^^^^
  File "C:\Users\kreon\Dropbox\python_advanced_final\.venv\Lib\site-packages\aiogram\dispatcher\dispatcher.py", line 276, in _listen_update
    return await self.propagate_event(update_type=update_type, event=event, **kwargs)
           ^^^^^^^^^^^^^^^^^^^^^^^^^^^^^^^^^^^^^^^^^^^^^^^^^^^^^^^^^^^^^^^^^^^^^^^^^^
  File "C:\Users\kreon\Dropbox\python_advanced_final\.venv\Lib\site-packages\aiogram\dispatcher\router.py", line 146, in propagate_event
    return await observer.wrap_outer_middleware(_wrapped, event=event, data=kwargs)
           ^^^^^^^^^^^^^^^^^^^^^^^^^^^^^^^^^^^^^^^^^^^^^^^^^^^^^^^^^^^^^^^^^^^^^^^^
  File "C:\Users\kreon\Dropbox\python_advanced_final\.venv\Lib\site-packages\aiogram\dispatcher\router.py", line 141, in _wrapped
    return await self._propagate_event(
           ^^^^^^^^^^^^^^^^^^^^^^^^^^^^
  File "C:\Users\kreon\Dropbox\python_advanced_final\.venv\Lib\site-packages\aiogram\dispatcher\router.py", line 166, in _propagate_event
    response = await observer.trigger(event, **kwargs)
               ^^^^^^^^^^^^^^^^^^^^^^^^^^^^^^^^^^^^^^^
  File "C:\Users\kreon\Dropbox\python_advanced_final\.venv\Lib\site-packages\aiogram\dispatcher\event\telegram.py", line 121, in trigger
    return await wrapped_inner(event, kwargs)
           ^^^^^^^^^^^^^^^^^^^^^^^^^^^^^^^^^^
  File "C:\Users\kreon\Dropbox\python_advanced_final\.venv\Lib\site-packages\aiogram\dispatcher\event\handler.py", line 43, in call
    return await wrapped()
           ^^^^^^^^^^^^^^^
  File "C:\Users\kreon\Dropbox\python_advanced_final\handlers\callbacks.py", line 44, in handle_day_selection
    user_states[telegram_id].current_date = (year, month, day)
    ~~~~~~~~~~~^^^^^^^^^^^^^
KeyError: 120334532
2025-03-27 13:52:16 | ERROR | aiogram.event | dispatcher.py:315 | Cause exception while process update id=460563565 by bot id=7697100885
ImportError: cannot import name 'get_user_state' from 'main' (C:\Users\kreon\Dropbox\python_advanced_final\main.py)
Traceback (most recent call last):
  File "C:\Users\kreon\Dropbox\python_advanced_final\.venv\Lib\site-packages\aiogram\dispatcher\dispatcher.py", line 309, in _process_update
    response = await self.feed_update(bot, update, **kwargs)
               ^^^^^^^^^^^^^^^^^^^^^^^^^^^^^^^^^^^^^^^^^^^^^
  File "C:\Users\kreon\Dropbox\python_advanced_final\.venv\Lib\site-packages\aiogram\dispatcher\dispatcher.py", line 158, in feed_update
    response = await self.update.wrap_outer_middleware(
               ^^^^^^^^^^^^^^^^^^^^^^^^^^^^^^^^^^^^^^^^
  File "C:\Users\kreon\Dropbox\python_advanced_final\.venv\Lib\site-packages\aiogram\dispatcher\middlewares\error.py", line 25, in __call__
    return await handler(event, data)
           ^^^^^^^^^^^^^^^^^^^^^^^^^^
  File "C:\Users\kreon\Dropbox\python_advanced_final\.venv\Lib\site-packages\aiogram\dispatcher\middlewares\user_context.py", line 56, in __call__
    return await handler(event, data)
           ^^^^^^^^^^^^^^^^^^^^^^^^^^
  File "C:\Users\kreon\Dropbox\python_advanced_final\.venv\Lib\site-packages\aiogram\fsm\middleware.py", line 42, in __call__
    return await handler(event, data)
           ^^^^^^^^^^^^^^^^^^^^^^^^^^
  File "C:\Users\kreon\Dropbox\python_advanced_final\.venv\Lib\site-packages\aiogram\dispatcher\event\telegram.py", line 121, in trigger
    return await wrapped_inner(event, kwargs)
           ^^^^^^^^^^^^^^^^^^^^^^^^^^^^^^^^^^
  File "C:\Users\kreon\Dropbox\python_advanced_final\.venv\Lib\site-packages\aiogram\dispatcher\event\handler.py", line 43, in call
    return await wrapped()
           ^^^^^^^^^^^^^^^
  File "C:\Users\kreon\Dropbox\python_advanced_final\.venv\Lib\site-packages\aiogram\dispatcher\dispatcher.py", line 276, in _listen_update
    return await self.propagate_event(update_type=update_type, event=event, **kwargs)
           ^^^^^^^^^^^^^^^^^^^^^^^^^^^^^^^^^^^^^^^^^^^^^^^^^^^^^^^^^^^^^^^^^^^^^^^^^^
  File "C:\Users\kreon\Dropbox\python_advanced_final\.venv\Lib\site-packages\aiogram\dispatcher\router.py", line 146, in propagate_event
    return await observer.wrap_outer_middleware(_wrapped, event=event, data=kwargs)
           ^^^^^^^^^^^^^^^^^^^^^^^^^^^^^^^^^^^^^^^^^^^^^^^^^^^^^^^^^^^^^^^^^^^^^^^^
  File "C:\Users\kreon\Dropbox\python_advanced_final\.venv\Lib\site-packages\aiogram\dispatcher\router.py", line 141, in _wrapped
    return await self._propagate_event(
           ^^^^^^^^^^^^^^^^^^^^^^^^^^^^
  File "C:\Users\kreon\Dropbox\python_advanced_final\.venv\Lib\site-packages\aiogram\dispatcher\router.py", line 166, in _propagate_event
    response = await observer.trigger(event, **kwargs)
               ^^^^^^^^^^^^^^^^^^^^^^^^^^^^^^^^^^^^^^^
  File "C:\Users\kreon\Dropbox\python_advanced_final\.venv\Lib\site-packages\aiogram\dispatcher\event\telegram.py", line 121, in trigger
    return await wrapped_inner(event, kwargs)
           ^^^^^^^^^^^^^^^^^^^^^^^^^^^^^^^^^^
  File "C:\Users\kreon\Dropbox\python_advanced_final\.venv\Lib\site-packages\aiogram\dispatcher\event\handler.py", line 43, in call
    return await wrapped()
           ^^^^^^^^^^^^^^^
  File "C:\Users\kreon\Dropbox\python_advanced_final\handlers\commands.py", line 51, in cmd_today
    await show_day_tasks(message, user_id, now.year, now.month, now.day)
  File "C:\Users\kreon\Dropbox\python_advanced_final\utils\calendar.py", line 95, in show_day_tasks
    from main import get_user_state
ImportError: cannot import name 'get_user_state' from 'main' (C:\Users\kreon\Dropbox\python_advanced_final\main.py)
2025-03-27 13:53:05 | ERROR | aiogram.dispatcher | dispatcher.py:219 | Failed to fetch updates - TelegramNetworkError: HTTP Client says - ServerDisconnectedError: Server disconnected
2025-03-27 13:53:05 | WARNING | aiogram.dispatcher | dispatcher.py:221 | Sleep for 1.000000 seconds and try again... (tryings = 0, bot id = 7697100885)
2025-03-27 13:53:10 | ERROR | aiogram.event | dispatcher.py:315 | Cause exception while process update id=460563566 by bot id=7697100885
ImportError: cannot import name 'get_user_state' from 'main' (C:\Users\kreon\Dropbox\python_advanced_final\main.py)
Traceback (most recent call last):
  File "C:\Users\kreon\Dropbox\python_advanced_final\.venv\Lib\site-packages\aiogram\dispatcher\dispatcher.py", line 309, in _process_update
    response = await self.feed_update(bot, update, **kwargs)
               ^^^^^^^^^^^^^^^^^^^^^^^^^^^^^^^^^^^^^^^^^^^^^
  File "C:\Users\kreon\Dropbox\python_advanced_final\.venv\Lib\site-packages\aiogram\dispatcher\dispatcher.py", line 158, in feed_update
    response = await self.update.wrap_outer_middleware(
               ^^^^^^^^^^^^^^^^^^^^^^^^^^^^^^^^^^^^^^^^
  File "C:\Users\kreon\Dropbox\python_advanced_final\.venv\Lib\site-packages\aiogram\dispatcher\middlewares\error.py", line 25, in __call__
    return await handler(event, data)
           ^^^^^^^^^^^^^^^^^^^^^^^^^^
  File "C:\Users\kreon\Dropbox\python_advanced_final\.venv\Lib\site-packages\aiogram\dispatcher\middlewares\user_context.py", line 56, in __call__
    return await handler(event, data)
           ^^^^^^^^^^^^^^^^^^^^^^^^^^
  File "C:\Users\kreon\Dropbox\python_advanced_final\.venv\Lib\site-packages\aiogram\fsm\middleware.py", line 42, in __call__
    return await handler(event, data)
           ^^^^^^^^^^^^^^^^^^^^^^^^^^
  File "C:\Users\kreon\Dropbox\python_advanced_final\.venv\Lib\site-packages\aiogram\dispatcher\event\telegram.py", line 121, in trigger
    return await wrapped_inner(event, kwargs)
           ^^^^^^^^^^^^^^^^^^^^^^^^^^^^^^^^^^
  File "C:\Users\kreon\Dropbox\python_advanced_final\.venv\Lib\site-packages\aiogram\dispatcher\event\handler.py", line 43, in call
    return await wrapped()
           ^^^^^^^^^^^^^^^
  File "C:\Users\kreon\Dropbox\python_advanced_final\.venv\Lib\site-packages\aiogram\dispatcher\dispatcher.py", line 276, in _listen_update
    return await self.propagate_event(update_type=update_type, event=event, **kwargs)
           ^^^^^^^^^^^^^^^^^^^^^^^^^^^^^^^^^^^^^^^^^^^^^^^^^^^^^^^^^^^^^^^^^^^^^^^^^^
  File "C:\Users\kreon\Dropbox\python_advanced_final\.venv\Lib\site-packages\aiogram\dispatcher\router.py", line 146, in propagate_event
    return await observer.wrap_outer_middleware(_wrapped, event=event, data=kwargs)
           ^^^^^^^^^^^^^^^^^^^^^^^^^^^^^^^^^^^^^^^^^^^^^^^^^^^^^^^^^^^^^^^^^^^^^^^^
  File "C:\Users\kreon\Dropbox\python_advanced_final\.venv\Lib\site-packages\aiogram\dispatcher\router.py", line 141, in _wrapped
    return await self._propagate_event(
           ^^^^^^^^^^^^^^^^^^^^^^^^^^^^
  File "C:\Users\kreon\Dropbox\python_advanced_final\.venv\Lib\site-packages\aiogram\dispatcher\router.py", line 166, in _propagate_event
    response = await observer.trigger(event, **kwargs)
               ^^^^^^^^^^^^^^^^^^^^^^^^^^^^^^^^^^^^^^^
  File "C:\Users\kreon\Dropbox\python_advanced_final\.venv\Lib\site-packages\aiogram\dispatcher\event\telegram.py", line 121, in trigger
    return await wrapped_inner(event, kwargs)
           ^^^^^^^^^^^^^^^^^^^^^^^^^^^^^^^^^^
  File "C:\Users\kreon\Dropbox\python_advanced_final\.venv\Lib\site-packages\aiogram\dispatcher\event\handler.py", line 43, in call
    return await wrapped()
           ^^^^^^^^^^^^^^^
  File "C:\Users\kreon\Dropbox\python_advanced_final\handlers\commands.py", line 51, in cmd_today
    await show_day_tasks(message, user_id, now.year, now.month, now.day)
  File "C:\Users\kreon\Dropbox\python_advanced_final\utils\calendar.py", line 95, in show_day_tasks
    from main import get_user_state
ImportError: cannot import name 'get_user_state' from 'main' (C:\Users\kreon\Dropbox\python_advanced_final\main.py)
2025-03-27 13:54:19 | ERROR | aiogram.dispatcher | dispatcher.py:219 | Failed to fetch updates - TelegramNetworkError: HTTP Client says - ServerDisconnectedError: Server disconnected
2025-03-27 13:54:19 | WARNING | aiogram.dispatcher | dispatcher.py:221 | Sleep for 1.000000 seconds and try again... (tryings = 0, bot id = 7697100885)
2025-03-27 13:54:28 | ERROR | aiogram.event | dispatcher.py:315 | Cause exception while process update id=460563568 by bot id=7697100885
KeyError: 120334532
Traceback (most recent call last):
  File "C:\Users\kreon\Dropbox\python_advanced_final\.venv\Lib\site-packages\aiogram\dispatcher\dispatcher.py", line 309, in _process_update
    response = await self.feed_update(bot, update, **kwargs)
               ^^^^^^^^^^^^^^^^^^^^^^^^^^^^^^^^^^^^^^^^^^^^^
  File "C:\Users\kreon\Dropbox\python_advanced_final\.venv\Lib\site-packages\aiogram\dispatcher\dispatcher.py", line 158, in feed_update
    response = await self.update.wrap_outer_middleware(
               ^^^^^^^^^^^^^^^^^^^^^^^^^^^^^^^^^^^^^^^^
  File "C:\Users\kreon\Dropbox\python_advanced_final\.venv\Lib\site-packages\aiogram\dispatcher\middlewares\error.py", line 25, in __call__
    return await handler(event, data)
           ^^^^^^^^^^^^^^^^^^^^^^^^^^
  File "C:\Users\kreon\Dropbox\python_advanced_final\.venv\Lib\site-packages\aiogram\dispatcher\middlewares\user_context.py", line 56, in __call__
    return await handler(event, data)
           ^^^^^^^^^^^^^^^^^^^^^^^^^^
  File "C:\Users\kreon\Dropbox\python_advanced_final\.venv\Lib\site-packages\aiogram\fsm\middleware.py", line 42, in __call__
    return await handler(event, data)
           ^^^^^^^^^^^^^^^^^^^^^^^^^^
  File "C:\Users\kreon\Dropbox\python_advanced_final\.venv\Lib\site-packages\aiogram\dispatcher\event\telegram.py", line 121, in trigger
    return await wrapped_inner(event, kwargs)
           ^^^^^^^^^^^^^^^^^^^^^^^^^^^^^^^^^^
  File "C:\Users\kreon\Dropbox\python_advanced_final\.venv\Lib\site-packages\aiogram\dispatcher\event\handler.py", line 43, in call
    return await wrapped()
           ^^^^^^^^^^^^^^^
  File "C:\Users\kreon\Dropbox\python_advanced_final\.venv\Lib\site-packages\aiogram\dispatcher\dispatcher.py", line 276, in _listen_update
    return await self.propagate_event(update_type=update_type, event=event, **kwargs)
           ^^^^^^^^^^^^^^^^^^^^^^^^^^^^^^^^^^^^^^^^^^^^^^^^^^^^^^^^^^^^^^^^^^^^^^^^^^
  File "C:\Users\kreon\Dropbox\python_advanced_final\.venv\Lib\site-packages\aiogram\dispatcher\router.py", line 146, in propagate_event
    return await observer.wrap_outer_middleware(_wrapped, event=event, data=kwargs)
           ^^^^^^^^^^^^^^^^^^^^^^^^^^^^^^^^^^^^^^^^^^^^^^^^^^^^^^^^^^^^^^^^^^^^^^^^
  File "C:\Users\kreon\Dropbox\python_advanced_final\.venv\Lib\site-packages\aiogram\dispatcher\router.py", line 141, in _wrapped
    return await self._propagate_event(
           ^^^^^^^^^^^^^^^^^^^^^^^^^^^^
  File "C:\Users\kreon\Dropbox\python_advanced_final\.venv\Lib\site-packages\aiogram\dispatcher\router.py", line 166, in _propagate_event
    response = await observer.trigger(event, **kwargs)
               ^^^^^^^^^^^^^^^^^^^^^^^^^^^^^^^^^^^^^^^
  File "C:\Users\kreon\Dropbox\python_advanced_final\.venv\Lib\site-packages\aiogram\dispatcher\event\telegram.py", line 121, in trigger
    return await wrapped_inner(event, kwargs)
           ^^^^^^^^^^^^^^^^^^^^^^^^^^^^^^^^^^
  File "C:\Users\kreon\Dropbox\python_advanced_final\.venv\Lib\site-packages\aiogram\dispatcher\event\handler.py", line 43, in call
    return await wrapped()
           ^^^^^^^^^^^^^^^
  File "C:\Users\kreon\Dropbox\python_advanced_final\handlers\callbacks.py", line 44, in handle_day_selection
    user_states[telegram_id].current_date = (year, month, day)
    ~~~~~~~~~~~^^^^^^^^^^^^^
KeyError: 120334532
2025-03-27 13:54:30 | ERROR | aiogram.event | dispatcher.py:315 | Cause exception while process update id=460563569 by bot id=7697100885
KeyError: 120334532
Traceback (most recent call last):
  File "C:\Users\kreon\Dropbox\python_advanced_final\.venv\Lib\site-packages\aiogram\dispatcher\dispatcher.py", line 309, in _process_update
    response = await self.feed_update(bot, update, **kwargs)
               ^^^^^^^^^^^^^^^^^^^^^^^^^^^^^^^^^^^^^^^^^^^^^
  File "C:\Users\kreon\Dropbox\python_advanced_final\.venv\Lib\site-packages\aiogram\dispatcher\dispatcher.py", line 158, in feed_update
    response = await self.update.wrap_outer_middleware(
               ^^^^^^^^^^^^^^^^^^^^^^^^^^^^^^^^^^^^^^^^
  File "C:\Users\kreon\Dropbox\python_advanced_final\.venv\Lib\site-packages\aiogram\dispatcher\middlewares\error.py", line 25, in __call__
    return await handler(event, data)
           ^^^^^^^^^^^^^^^^^^^^^^^^^^
  File "C:\Users\kreon\Dropbox\python_advanced_final\.venv\Lib\site-packages\aiogram\dispatcher\middlewares\user_context.py", line 56, in __call__
    return await handler(event, data)
           ^^^^^^^^^^^^^^^^^^^^^^^^^^
  File "C:\Users\kreon\Dropbox\python_advanced_final\.venv\Lib\site-packages\aiogram\fsm\middleware.py", line 42, in __call__
    return await handler(event, data)
           ^^^^^^^^^^^^^^^^^^^^^^^^^^
  File "C:\Users\kreon\Dropbox\python_advanced_final\.venv\Lib\site-packages\aiogram\dispatcher\event\telegram.py", line 121, in trigger
    return await wrapped_inner(event, kwargs)
           ^^^^^^^^^^^^^^^^^^^^^^^^^^^^^^^^^^
  File "C:\Users\kreon\Dropbox\python_advanced_final\.venv\Lib\site-packages\aiogram\dispatcher\event\handler.py", line 43, in call
    return await wrapped()
           ^^^^^^^^^^^^^^^
  File "C:\Users\kreon\Dropbox\python_advanced_final\.venv\Lib\site-packages\aiogram\dispatcher\dispatcher.py", line 276, in _listen_update
    return await self.propagate_event(update_type=update_type, event=event, **kwargs)
           ^^^^^^^^^^^^^^^^^^^^^^^^^^^^^^^^^^^^^^^^^^^^^^^^^^^^^^^^^^^^^^^^^^^^^^^^^^
  File "C:\Users\kreon\Dropbox\python_advanced_final\.venv\Lib\site-packages\aiogram\dispatcher\router.py", line 146, in propagate_event
    return await observer.wrap_outer_middleware(_wrapped, event=event, data=kwargs)
           ^^^^^^^^^^^^^^^^^^^^^^^^^^^^^^^^^^^^^^^^^^^^^^^^^^^^^^^^^^^^^^^^^^^^^^^^
  File "C:\Users\kreon\Dropbox\python_advanced_final\.venv\Lib\site-packages\aiogram\dispatcher\router.py", line 141, in _wrapped
    return await self._propagate_event(
           ^^^^^^^^^^^^^^^^^^^^^^^^^^^^
  File "C:\Users\kreon\Dropbox\python_advanced_final\.venv\Lib\site-packages\aiogram\dispatcher\router.py", line 166, in _propagate_event
    response = await observer.trigger(event, **kwargs)
               ^^^^^^^^^^^^^^^^^^^^^^^^^^^^^^^^^^^^^^^
  File "C:\Users\kreon\Dropbox\python_advanced_final\.venv\Lib\site-packages\aiogram\dispatcher\event\telegram.py", line 121, in trigger
    return await wrapped_inner(event, kwargs)
           ^^^^^^^^^^^^^^^^^^^^^^^^^^^^^^^^^^
  File "C:\Users\kreon\Dropbox\python_advanced_final\.venv\Lib\site-packages\aiogram\dispatcher\event\handler.py", line 43, in call
    return await wrapped()
           ^^^^^^^^^^^^^^^
  File "C:\Users\kreon\Dropbox\python_advanced_final\handlers\callbacks.py", line 44, in handle_day_selection
    user_states[telegram_id].current_date = (year, month, day)
    ~~~~~~~~~~~^^^^^^^^^^^^^
KeyError: 120334532
2025-03-27 13:57:10 | ERROR | aiogram.dispatcher | dispatcher.py:219 | Failed to fetch updates - TelegramNetworkError: HTTP Client says - ServerDisconnectedError: Server disconnected
2025-03-27 13:57:10 | WARNING | aiogram.dispatcher | dispatcher.py:221 | Sleep for 1.000000 seconds and try again... (tryings = 0, bot id = 7697100885)
2025-03-27 14:04:07 | ERROR | aiogram.dispatcher | dispatcher.py:219 | Failed to fetch updates - TelegramNetworkError: HTTP Client says - ServerDisconnectedError: Server disconnected
2025-03-27 14:04:07 | WARNING | aiogram.dispatcher | dispatcher.py:221 | Sleep for 1.000000 seconds and try again... (tryings = 0, bot id = 7697100885)
2025-03-27 14:04:14 | ERROR | bot | callbacks.py:54 | Error showing tasks for 2025-03-27, user_id=1: show_day_tasks() got an unexpected keyword argument 'edit'
Traceback (most recent call last):
  File "C:\Users\kreon\Dropbox\python_advanced_final\handlers\callbacks.py", line 51, in handle_day_selection
    await show_day_tasks(callback, user_id, year, month, day, edit=False)
          ^^^^^^^^^^^^^^^^^^^^^^^^^^^^^^^^^^^^^^^^^^^^^^^^^^^^^^^^^^^^^^^
TypeError: show_day_tasks() got an unexpected keyword argument 'edit'
2025-03-27 14:04:19 | ERROR | bot | callbacks.py:54 | Error showing tasks for 2025-03-28, user_id=1: show_day_tasks() got an unexpected keyword argument 'edit'
Traceback (most recent call last):
  File "C:\Users\kreon\Dropbox\python_advanced_final\handlers\callbacks.py", line 51, in handle_day_selection
    await show_day_tasks(callback, user_id, year, month, day, edit=False)
          ^^^^^^^^^^^^^^^^^^^^^^^^^^^^^^^^^^^^^^^^^^^^^^^^^^^^^^^^^^^^^^^
TypeError: show_day_tasks() got an unexpected keyword argument 'edit'
2025-03-27 14:06:16 | ERROR | aiogram.dispatcher | dispatcher.py:219 | Failed to fetch updates - TelegramNetworkError: HTTP Client says - ServerDisconnectedError: Server disconnected
2025-03-27 14:06:16 | WARNING | aiogram.dispatcher | dispatcher.py:221 | Sleep for 1.000000 seconds and try again... (tryings = 0, bot id = 7697100885)
2025-03-27 14:17:06 | ERROR | aiogram.dispatcher | dispatcher.py:219 | Failed to fetch updates - TelegramNetworkError: HTTP Client says - ServerDisconnectedError: Server disconnected
2025-03-27 14:17:06 | WARNING | aiogram.dispatcher | dispatcher.py:221 | Sleep for 1.000000 seconds and try again... (tryings = 0, bot id = 7697100885)
2025-03-27 14:17:43 | ERROR | aiogram.dispatcher | dispatcher.py:219 | Failed to fetch updates - TelegramNetworkError: HTTP Client says - ServerDisconnectedError: Server disconnected
2025-03-27 14:17:43 | WARNING | aiogram.dispatcher | dispatcher.py:221 | Sleep for 1.000000 seconds and try again... (tryings = 0, bot id = 7697100885)
2025-03-27 14:37:40 | WARNING | bot | reminders.py:24 | No tasks found in database for reminders
2025-03-27 14:37:47 | WARNING | bot | callbacks.py:43 | Unauthorized access attempt by telegram_id=120334532
2025-03-27 14:37:49 | WARNING | bot | callbacks.py:43 | Unauthorized access attempt by telegram_id=120334532
2025-03-27 14:38:40 | WARNING | bot | reminders.py:24 | No tasks found in database for reminders
2025-03-27 14:39:21 | ERROR | aiogram.dispatcher | dispatcher.py:219 | Failed to fetch updates - TelegramNetworkError: HTTP Client says - ServerDisconnectedError: Server disconnected
2025-03-27 14:39:21 | WARNING | aiogram.dispatcher | dispatcher.py:221 | Sleep for 1.000000 seconds and try again... (tryings = 0, bot id = 7697100885)
2025-03-27 14:39:25 | CRITICAL | bot | main.py:103 | Bot crashed: check_reminders() takes 1 positional argument but 2 were given
Traceback (most recent call last):
  File "C:\Users\kreon\Dropbox\python_advanced_final\bot\main.py", line 101, in <module>
    asyncio.run(main())
  File "C:\Python312\Lib\asyncio\runners.py", line 194, in run
    return runner.run(main)
           ^^^^^^^^^^^^^^^^
  File "C:\Python312\Lib\asyncio\runners.py", line 118, in run
    return self._loop.run_until_complete(task)
           ^^^^^^^^^^^^^^^^^^^^^^^^^^^^^^^^^^^
  File "C:\Python312\Lib\asyncio\base_events.py", line 686, in run_until_complete
    return future.result()
           ^^^^^^^^^^^^^^^
  File "C:\Users\kreon\Dropbox\python_advanced_final\bot\main.py", line 95, in main
    check_reminders(bot, DB_PATH)  # Передаем путь к БД в reminders
    ^^^^^^^^^^^^^^^^^^^^^^^^^^^^^
TypeError: check_reminders() takes 1 positional argument but 2 were given
2025-03-27 14:45:59 | ERROR | aiogram.dispatcher | dispatcher.py:219 | Failed to fetch updates - TelegramNetworkError: HTTP Client says - ServerDisconnectedError: Server disconnected
2025-03-27 14:45:59 | WARNING | aiogram.dispatcher | dispatcher.py:221 | Sleep for 1.000000 seconds and try again... (tryings = 0, bot id = 7697100885)
2025-03-27 14:50:50 | ERROR | aiogram.dispatcher | dispatcher.py:219 | Failed to fetch updates - TelegramNetworkError: HTTP Client says - ServerDisconnectedError: Server disconnected
2025-03-27 14:50:50 | WARNING | aiogram.dispatcher | dispatcher.py:221 | Sleep for 1.000000 seconds and try again... (tryings = 0, bot id = 7697100885)
2025-03-27 14:58:03 | ERROR | aiogram.dispatcher | dispatcher.py:219 | Failed to fetch updates - TelegramNetworkError: HTTP Client says - ServerDisconnectedError: Server disconnected
2025-03-27 14:58:03 | WARNING | aiogram.dispatcher | dispatcher.py:221 | Sleep for 1.000000 seconds and try again... (tryings = 0, bot id = 7697100885)
2025-03-27 15:14:48 | ERROR | aiogram.dispatcher | dispatcher.py:219 | Failed to fetch updates - TelegramNetworkError: HTTP Client says - ServerDisconnectedError: Server disconnected
2025-03-27 15:14:48 | WARNING | aiogram.dispatcher | dispatcher.py:221 | Sleep for 1.000000 seconds and try again... (tryings = 0, bot id = 7697100885)
2025-03-27 15:14:56 | ERROR | bot | db.py:27 | Error fetching user_id for telegram_id=120334532: unable to open database file
Traceback (most recent call last):
  File "C:\Users\kreon\Dropbox\python_advanced_final\bot\utils\db.py", line 21, in get_user_id_by_telegram_id
    with get_db_connection() as conn:
         ^^^^^^^^^^^^^^^^^^^
  File "C:\Users\kreon\Dropbox\python_advanced_final\bot\utils\db.py", line 14, in get_db_connection
    conn = sqlite3.connect(DB_PATH, timeout=30)
           ^^^^^^^^^^^^^^^^^^^^^^^^^^^^^^^^^^^^
sqlite3.OperationalError: unable to open database file
2025-03-27 15:15:05 | ERROR | bot | db.py:27 | Error fetching user_id for telegram_id=120334532: unable to open database file
Traceback (most recent call last):
  File "C:\Users\kreon\Dropbox\python_advanced_final\bot\utils\db.py", line 21, in get_user_id_by_telegram_id
    with get_db_connection() as conn:
         ^^^^^^^^^^^^^^^^^^^
  File "C:\Users\kreon\Dropbox\python_advanced_final\bot\utils\db.py", line 14, in get_db_connection
    conn = sqlite3.connect(DB_PATH, timeout=30)
           ^^^^^^^^^^^^^^^^^^^^^^^^^^^^^^^^^^^^
sqlite3.OperationalError: unable to open database file
2025-03-27 15:15:31 | ERROR | bot | db.py:27 | Error fetching user_id for telegram_id=120334532: unable to open database file
Traceback (most recent call last):
  File "C:\Users\kreon\Dropbox\python_advanced_final\bot\utils\db.py", line 21, in get_user_id_by_telegram_id
    with get_db_connection() as conn:
         ^^^^^^^^^^^^^^^^^^^
  File "C:\Users\kreon\Dropbox\python_advanced_final\bot\utils\db.py", line 14, in get_db_connection
    conn = sqlite3.connect(DB_PATH, timeout=30)
           ^^^^^^^^^^^^^^^^^^^^^^^^^^^^^^^^^^^^
sqlite3.OperationalError: unable to open database file
2025-03-27 15:17:16 | ERROR | aiogram.dispatcher | dispatcher.py:219 | Failed to fetch updates - TelegramNetworkError: HTTP Client says - ServerDisconnectedError: Server disconnected
2025-03-27 15:17:16 | WARNING | aiogram.dispatcher | dispatcher.py:221 | Sleep for 1.000000 seconds and try again... (tryings = 0, bot id = 7697100885)
2025-03-27 15:17:21 | ERROR | bot | db.py:31 | Error fetching user_id for telegram_id=120334532: no such table: telegram_users
Traceback (most recent call last):
  File "C:\Users\kreon\Dropbox\python_advanced_final\bot\utils\db.py", line 27, in get_user_id_by_telegram_id
    cursor.execute("SELECT user_id FROM telegram_users WHERE telegram_id = ?", (telegram_id,))
sqlite3.OperationalError: no such table: telegram_users
2025-03-27 15:19:30 | ERROR | aiogram.dispatcher | dispatcher.py:219 | Failed to fetch updates - TelegramNetworkError: HTTP Client says - ServerDisconnectedError: Server disconnected
2025-03-27 15:19:30 | WARNING | aiogram.dispatcher | dispatcher.py:221 | Sleep for 1.000000 seconds and try again... (tryings = 0, bot id = 7697100885)
2025-03-27 15:19:35 | ERROR | bot | db.py:31 | Error fetching user_id for telegram_id=120334532: no such table: telegram_users
Traceback (most recent call last):
  File "C:\Users\kreon\Dropbox\python_advanced_final\bot\utils\db.py", line 27, in get_user_id_by_telegram_id
    cursor.execute("SELECT user_id FROM telegram_users WHERE telegram_id = ?", (telegram_id,))
sqlite3.OperationalError: no such table: telegram_users
2025-03-27 15:19:40 | ERROR | bot | db.py:31 | Error fetching user_id for telegram_id=120334532: no such table: telegram_users
Traceback (most recent call last):
  File "C:\Users\kreon\Dropbox\python_advanced_final\bot\utils\db.py", line 27, in get_user_id_by_telegram_id
    cursor.execute("SELECT user_id FROM telegram_users WHERE telegram_id = ?", (telegram_id,))
sqlite3.OperationalError: no such table: telegram_users
2025-03-27 15:21:44 | ERROR | aiogram.dispatcher | dispatcher.py:219 | Failed to fetch updates - TelegramNetworkError: HTTP Client says - ServerDisconnectedError: Server disconnected
2025-03-27 15:21:44 | WARNING | aiogram.dispatcher | dispatcher.py:221 | Sleep for 1.000000 seconds and try again... (tryings = 0, bot id = 7697100885)
2025-03-27 15:21:48 | ERROR | bot | db.py:30 | Error fetching user_id for telegram_id=120334532: no such table: telegram_users
Traceback (most recent call last):
  File "C:\Users\kreon\Dropbox\python_advanced_final\bot\utils\db.py", line 26, in get_user_id_by_telegram_id
    cursor.execute("SELECT user_id FROM telegram_users WHERE telegram_id = ?", (telegram_id,))
sqlite3.OperationalError: no such table: telegram_users
2025-03-27 15:21:53 | ERROR | aiogram.dispatcher | dispatcher.py:219 | Failed to fetch updates - TelegramNetworkError: HTTP Client says - ServerDisconnectedError: Server disconnected
2025-03-27 15:21:53 | WARNING | aiogram.dispatcher | dispatcher.py:221 | Sleep for 1.000000 seconds and try again... (tryings = 0, bot id = 7697100885)
2025-03-27 15:22:57 | ERROR | bot | db.py:30 | Error fetching user_id for telegram_id=120334532: no such table: telegram_users
Traceback (most recent call last):
  File "C:\Users\kreon\Dropbox\python_advanced_final\bot\utils\db.py", line 26, in get_user_id_by_telegram_id
    cursor.execute("SELECT user_id FROM telegram_users WHERE telegram_id = ?", (telegram_id,))
sqlite3.OperationalError: no such table: telegram_users
2025-03-27 15:23:09 | ERROR | aiogram.dispatcher | dispatcher.py:219 | Failed to fetch updates - TelegramNetworkError: HTTP Client says - ServerDisconnectedError: Server disconnected
2025-03-27 15:23:09 | WARNING | aiogram.dispatcher | dispatcher.py:221 | Sleep for 1.000000 seconds and try again... (tryings = 0, bot id = 7697100885)
2025-03-27 15:23:16 | ERROR | bot | db.py:30 | Error fetching user_id for telegram_id=120334532: no such table: telegram_users
Traceback (most recent call last):
  File "C:\Users\kreon\Dropbox\python_advanced_final\bot\utils\db.py", line 26, in get_user_id_by_telegram_id
    cursor.execute("SELECT user_id FROM telegram_users WHERE telegram_id = ?", (telegram_id,))
sqlite3.OperationalError: no such table: telegram_users
2025-03-27 15:24:30 | ERROR | aiogram.dispatcher | dispatcher.py:219 | Failed to fetch updates - TelegramNetworkError: HTTP Client says - ServerDisconnectedError: Server disconnected
2025-03-27 15:24:30 | WARNING | aiogram.dispatcher | dispatcher.py:221 | Sleep for 1.000000 seconds and try again... (tryings = 0, bot id = 7697100885)
2025-03-27 15:42:31 | ERROR | aiogram.dispatcher | dispatcher.py:219 | Failed to fetch updates - TelegramNetworkError: HTTP Client says - ServerDisconnectedError: Server disconnected
2025-03-27 15:42:31 | WARNING | aiogram.dispatcher | dispatcher.py:221 | Sleep for 1.000000 seconds and try again... (tryings = 0, bot id = 7697100885)
2025-03-27 15:43:34 | ERROR | aiogram.dispatcher | dispatcher.py:219 | Failed to fetch updates - TelegramNetworkError: HTTP Client says - ServerDisconnectedError: Server disconnected
2025-03-27 15:43:34 | WARNING | aiogram.dispatcher | dispatcher.py:221 | Sleep for 1.000000 seconds and try again... (tryings = 0, bot id = 7697100885)
2025-03-27 15:44:03 | ERROR | aiogram.dispatcher | dispatcher.py:219 | Failed to fetch updates - TelegramNetworkError: HTTP Client says - ServerDisconnectedError: Server disconnected
2025-03-27 15:44:03 | WARNING | aiogram.dispatcher | dispatcher.py:221 | Sleep for 1.000000 seconds and try again... (tryings = 0, bot id = 7697100885)
2025-03-27 15:47:36 | ERROR | aiogram.dispatcher | dispatcher.py:219 | Failed to fetch updates - TelegramNetworkError: HTTP Client says - ServerDisconnectedError: Server disconnected
2025-03-27 15:47:36 | WARNING | aiogram.dispatcher | dispatcher.py:221 | Sleep for 1.000000 seconds and try again... (tryings = 0, bot id = 7697100885)
2025-03-27 15:48:23 | ERROR | bot | main.py:78 | Database initialization error: name 'sqlite3' is not defined
Traceback (most recent call last):
  File "C:\Users\kreon\Dropbox\python_advanced_final\bot\main.py", line 66, in init_db
    cursor.execute(f"SELECT {column} FROM tasks LIMIT 1")
sqlite3.OperationalError: no such column: reminder_1day_sent

During handling of the above exception, another exception occurred:

Traceback (most recent call last):
  File "C:\Users\kreon\Dropbox\python_advanced_final\bot\main.py", line 67, in init_db
    except sqlite3.OperationalError:
           ^^^^^^^
NameError: name 'sqlite3' is not defined. Did you forget to import 'sqlite3'
2025-03-27 15:48:23 | CRITICAL | bot | main.py:103 | Bot crashed: name 'sqlite3' is not defined
Traceback (most recent call last):
  File "C:\Users\kreon\Dropbox\python_advanced_final\bot\main.py", line 66, in init_db
    cursor.execute(f"SELECT {column} FROM tasks LIMIT 1")
sqlite3.OperationalError: no such column: reminder_1day_sent

During handling of the above exception, another exception occurred:

Traceback (most recent call last):
  File "C:\Users\kreon\Dropbox\python_advanced_final\bot\main.py", line 101, in <module>
    asyncio.run(main())
  File "C:\Python312\Lib\asyncio\runners.py", line 194, in run
    return runner.run(main)
           ^^^^^^^^^^^^^^^^
  File "C:\Python312\Lib\asyncio\runners.py", line 118, in run
    return self._loop.run_until_complete(task)
           ^^^^^^^^^^^^^^^^^^^^^^^^^^^^^^^^^^^
  File "C:\Python312\Lib\asyncio\base_events.py", line 686, in run_until_complete
    return future.result()
           ^^^^^^^^^^^^^^^
  File "C:\Users\kreon\Dropbox\python_advanced_final\bot\main.py", line 87, in main
    await init_db()
  File "C:\Users\kreon\Dropbox\python_advanced_final\bot\main.py", line 67, in init_db
    except sqlite3.OperationalError:
           ^^^^^^^
NameError: name 'sqlite3' is not defined. Did you forget to import 'sqlite3'
2025-03-27 15:57:30 | ERROR | aiogram.dispatcher | dispatcher.py:219 | Failed to fetch updates - TelegramNetworkError: HTTP Client says - ServerDisconnectedError: Server disconnected
2025-03-27 15:57:30 | WARNING | aiogram.dispatcher | dispatcher.py:221 | Sleep for 1.000000 seconds and try again... (tryings = 0, bot id = 7697100885)
2025-03-27 15:57:44 | ERROR | aiogram.dispatcher | dispatcher.py:219 | Failed to fetch updates - TelegramNetworkError: HTTP Client says - ServerDisconnectedError: Server disconnected
2025-03-27 15:57:44 | WARNING | aiogram.dispatcher | dispatcher.py:221 | Sleep for 1.000000 seconds and try again... (tryings = 0, bot id = 7697100885)
2025-03-27 16:02:15 | ERROR | aiogram.dispatcher | dispatcher.py:219 | Failed to fetch updates - TelegramNetworkError: HTTP Client says - ServerDisconnectedError: Server disconnected
2025-03-27 16:02:15 | WARNING | aiogram.dispatcher | dispatcher.py:221 | Sleep for 1.000000 seconds and try again... (tryings = 0, bot id = 7697100885)
2025-03-27 16:05:00 | ERROR | aiogram.dispatcher | dispatcher.py:219 | Failed to fetch updates - TelegramNetworkError: HTTP Client says - ServerDisconnectedError: Server disconnected
2025-03-27 16:05:00 | WARNING | aiogram.dispatcher | dispatcher.py:221 | Sleep for 1.000000 seconds and try again... (tryings = 0, bot id = 7697100885)
2025-03-27 16:09:33 | ERROR | aiogram.dispatcher | dispatcher.py:219 | Failed to fetch updates - TelegramNetworkError: HTTP Client says - ServerDisconnectedError: Server disconnected
2025-03-27 16:09:33 | WARNING | aiogram.dispatcher | dispatcher.py:221 | Sleep for 1.000000 seconds and try again... (tryings = 0, bot id = 7697100885)
2025-03-27 16:12:08 | ERROR | aiogram.dispatcher | dispatcher.py:219 | Failed to fetch updates - TelegramNetworkError: HTTP Client says - ServerDisconnectedError: Server disconnected
2025-03-27 16:12:08 | WARNING | aiogram.dispatcher | dispatcher.py:221 | Sleep for 1.000000 seconds and try again... (tryings = 0, bot id = 7697100885)
2025-03-27 16:17:52 | ERROR | bot | callbacks.py:152 | Error in handle_back_button for telegram_id=120334532: name 'datetime' is not defined
Traceback (most recent call last):
  File "C:\Users\kreon\Dropbox\python_advanced_final\bot\handlers\callbacks.py", line 139, in handle_back_button
    tasks_text = get_day_tasks_text(user_id, year, month, datetime.now().day)  # Показываем текущий день
                                                          ^^^^^^^^
NameError: name 'datetime' is not defined. Did you forget to import 'datetime'
2025-03-27 16:18:10 | WARNING | bot | callbacks.py:71 | Failed to edit tasks message 187: Telegram server says - Bad Request: message is not modified: specified new message content and reply markup are exactly the same as a current content and reply markup of the message
2025-03-27 16:22:21 | ERROR | aiogram.dispatcher | dispatcher.py:219 | Failed to fetch updates - TelegramNetworkError: HTTP Client says - ServerDisconnectedError: Server disconnected
2025-03-27 16:22:21 | WARNING | aiogram.dispatcher | dispatcher.py:221 | Sleep for 1.000000 seconds and try again... (tryings = 0, bot id = 7697100885)
2025-03-27 16:24:23 | ERROR | bot | calendar.py:113 | Error showing day tasks: Telegram server says - Bad Request: message is not modified: specified new message content and reply markup are exactly the same as a current content and reply markup of the message
2025-03-27 16:27:15 | ERROR | aiogram.dispatcher | dispatcher.py:219 | Failed to fetch updates - TelegramNetworkError: HTTP Client says - ServerDisconnectedError: Server disconnected
2025-03-27 16:27:15 | WARNING | aiogram.dispatcher | dispatcher.py:221 | Sleep for 1.000000 seconds and try again... (tryings = 0, bot id = 7697100885)
2025-03-27 16:27:29 | ERROR | bot | calendar.py:115 | Error showing day tasks: Telegram server says - Bad Request: message is not modified: specified new message content and reply markup are exactly the same as a current content and reply markup of the message
2025-03-27 16:34:07 | ERROR | aiogram.dispatcher | dispatcher.py:219 | Failed to fetch updates - TelegramNetworkError: HTTP Client says - ServerDisconnectedError: Server disconnected
2025-03-27 16:34:07 | WARNING | aiogram.dispatcher | dispatcher.py:221 | Sleep for 1.000000 seconds and try again... (tryings = 0, bot id = 7697100885)
2025-03-27 16:36:56 | ERROR | bot | calendar.py:112 | Error showing day tasks: Telegram server says - Bad Request: message is not modified: specified new message content and reply markup are exactly the same as a current content and reply markup of the message
2025-03-27 16:36:57 | ERROR | bot | calendar.py:112 | Error showing day tasks: Telegram server says - Bad Request: message is not modified: specified new message content and reply markup are exactly the same as a current content and reply markup of the message
2025-03-27 16:36:59 | ERROR | bot | calendar.py:112 | Error showing day tasks: Telegram server says - Bad Request: message is not modified: specified new message content and reply markup are exactly the same as a current content and reply markup of the message
2025-03-27 16:37:45 | ERROR | bot | calendar.py:112 | Error showing day tasks: Telegram server says - Bad Request: message is not modified: specified new message content and reply markup are exactly the same as a current content and reply markup of the message
2025-03-27 16:37:46 | ERROR | bot | calendar.py:112 | Error showing day tasks: Telegram server says - Bad Request: message is not modified: specified new message content and reply markup are exactly the same as a current content and reply markup of the message
2025-03-27 16:37:46 | ERROR | bot | calendar.py:112 | Error showing day tasks: Telegram server says - Bad Request: message is not modified: specified new message content and reply markup are exactly the same as a current content and reply markup of the message
2025-03-27 16:37:50 | ERROR | bot | calendar.py:112 | Error showing day tasks: Telegram server says - Bad Request: message is not modified: specified new message content and reply markup are exactly the same as a current content and reply markup of the message
2025-03-27 16:37:51 | ERROR | bot | calendar.py:112 | Error showing day tasks: Telegram server says - Bad Request: message is not modified: specified new message content and reply markup are exactly the same as a current content and reply markup of the message
2025-03-27 16:39:48 | ERROR | aiogram.dispatcher | dispatcher.py:219 | Failed to fetch updates - TelegramNetworkError: HTTP Client says - ServerDisconnectedError: Server disconnected
2025-03-27 16:39:48 | WARNING | aiogram.dispatcher | dispatcher.py:221 | Sleep for 1.000000 seconds and try again... (tryings = 0, bot id = 7697100885)
2025-03-27 16:41:33 | ERROR | aiogram.dispatcher | dispatcher.py:219 | Failed to fetch updates - TelegramNetworkError: HTTP Client says - ServerDisconnectedError: Server disconnected
2025-03-27 16:41:33 | WARNING | aiogram.dispatcher | dispatcher.py:221 | Sleep for 1.000000 seconds and try again... (tryings = 0, bot id = 7697100885)
2025-03-27 16:43:59 | ERROR | aiogram.dispatcher | dispatcher.py:219 | Failed to fetch updates - TelegramNetworkError: HTTP Client says - ServerDisconnectedError: Server disconnected
2025-03-27 16:43:59 | WARNING | aiogram.dispatcher | dispatcher.py:221 | Sleep for 1.000000 seconds and try again... (tryings = 0, bot id = 7697100885)
2025-03-27 16:44:31 | ERROR | aiogram.dispatcher | dispatcher.py:219 | Failed to fetch updates - TelegramNetworkError: HTTP Client says - ServerDisconnectedError: Server disconnected
2025-03-27 16:44:31 | WARNING | aiogram.dispatcher | dispatcher.py:221 | Sleep for 1.000000 seconds and try again... (tryings = 0, bot id = 7697100885)
2025-03-27 16:44:55 | ERROR | aiogram.dispatcher | dispatcher.py:219 | Failed to fetch updates - TelegramNetworkError: HTTP Client says - ServerDisconnectedError: Server disconnected
2025-03-27 16:44:55 | WARNING | aiogram.dispatcher | dispatcher.py:221 | Sleep for 1.000000 seconds and try again... (tryings = 0, bot id = 7697100885)
2025-03-27 16:45:00 | ERROR | bot | calendar.py:120 | Error updating message: Telegram server says - Bad Request: message is not modified: specified new message content and reply markup are exactly the same as a current content and reply markup of the message
2025-03-27 16:47:10 | ERROR | aiogram.dispatcher | dispatcher.py:219 | Failed to fetch updates - TelegramNetworkError: HTTP Client says - ServerDisconnectedError: Server disconnected
2025-03-27 16:47:10 | WARNING | aiogram.dispatcher | dispatcher.py:221 | Sleep for 1.000000 seconds and try again... (tryings = 0, bot id = 7697100885)
2025-03-27 16:50:33 | ERROR | aiogram.dispatcher | dispatcher.py:219 | Failed to fetch updates - TelegramNetworkError: HTTP Client says - ServerDisconnectedError: Server disconnected
2025-03-27 16:50:33 | WARNING | aiogram.dispatcher | dispatcher.py:221 | Sleep for 1.000000 seconds and try again... (tryings = 0, bot id = 7697100885)
2025-03-27 16:52:46 | ERROR | aiogram.dispatcher | dispatcher.py:219 | Failed to fetch updates - TelegramNetworkError: HTTP Client says - ServerDisconnectedError: Server disconnected
2025-03-27 16:52:46 | WARNING | aiogram.dispatcher | dispatcher.py:221 | Sleep for 1.000000 seconds and try again... (tryings = 0, bot id = 7697100885)
2025-03-27 16:54:23 | ERROR | aiogram.dispatcher | dispatcher.py:219 | Failed to fetch updates - TelegramNetworkError: HTTP Client says - ServerDisconnectedError: Server disconnected
2025-03-27 16:54:23 | WARNING | aiogram.dispatcher | dispatcher.py:221 | Sleep for 1.000000 seconds and try again... (tryings = 0, bot id = 7697100885)
2025-03-27 16:54:27 | ERROR | aiogram.event | dispatcher.py:315 | Cause exception while process update id=460563798 by bot id=7697100885
AttributeError: 'UserState' object has no attribute 'calendar_message_id'
Traceback (most recent call last):
  File "C:\Users\kreon\Dropbox\python_advanced_final\.venv\Lib\site-packages\aiogram\dispatcher\dispatcher.py", line 309, in _process_update
    response = await self.feed_update(bot, update, **kwargs)
               ^^^^^^^^^^^^^^^^^^^^^^^^^^^^^^^^^^^^^^^^^^^^^
  File "C:\Users\kreon\Dropbox\python_advanced_final\.venv\Lib\site-packages\aiogram\dispatcher\dispatcher.py", line 158, in feed_update
    response = await self.update.wrap_outer_middleware(
               ^^^^^^^^^^^^^^^^^^^^^^^^^^^^^^^^^^^^^^^^
  File "C:\Users\kreon\Dropbox\python_advanced_final\.venv\Lib\site-packages\aiogram\dispatcher\middlewares\error.py", line 25, in __call__
    return await handler(event, data)
           ^^^^^^^^^^^^^^^^^^^^^^^^^^
  File "C:\Users\kreon\Dropbox\python_advanced_final\.venv\Lib\site-packages\aiogram\dispatcher\middlewares\user_context.py", line 56, in __call__
    return await handler(event, data)
           ^^^^^^^^^^^^^^^^^^^^^^^^^^
  File "C:\Users\kreon\Dropbox\python_advanced_final\.venv\Lib\site-packages\aiogram\fsm\middleware.py", line 42, in __call__
    return await handler(event, data)
           ^^^^^^^^^^^^^^^^^^^^^^^^^^
  File "C:\Users\kreon\Dropbox\python_advanced_final\.venv\Lib\site-packages\aiogram\dispatcher\event\telegram.py", line 121, in trigger
    return await wrapped_inner(event, kwargs)
           ^^^^^^^^^^^^^^^^^^^^^^^^^^^^^^^^^^
  File "C:\Users\kreon\Dropbox\python_advanced_final\.venv\Lib\site-packages\aiogram\dispatcher\event\handler.py", line 43, in call
    return await wrapped()
           ^^^^^^^^^^^^^^^
  File "C:\Users\kreon\Dropbox\python_advanced_final\.venv\Lib\site-packages\aiogram\dispatcher\dispatcher.py", line 276, in _listen_update
    return await self.propagate_event(update_type=update_type, event=event, **kwargs)
           ^^^^^^^^^^^^^^^^^^^^^^^^^^^^^^^^^^^^^^^^^^^^^^^^^^^^^^^^^^^^^^^^^^^^^^^^^^
  File "C:\Users\kreon\Dropbox\python_advanced_final\.venv\Lib\site-packages\aiogram\dispatcher\router.py", line 146, in propagate_event
    return await observer.wrap_outer_middleware(_wrapped, event=event, data=kwargs)
           ^^^^^^^^^^^^^^^^^^^^^^^^^^^^^^^^^^^^^^^^^^^^^^^^^^^^^^^^^^^^^^^^^^^^^^^^
  File "C:\Users\kreon\Dropbox\python_advanced_final\.venv\Lib\site-packages\aiogram\dispatcher\router.py", line 141, in _wrapped
    return await self._propagate_event(
           ^^^^^^^^^^^^^^^^^^^^^^^^^^^^
  File "C:\Users\kreon\Dropbox\python_advanced_final\.venv\Lib\site-packages\aiogram\dispatcher\router.py", line 166, in _propagate_event
    response = await observer.trigger(event, **kwargs)
               ^^^^^^^^^^^^^^^^^^^^^^^^^^^^^^^^^^^^^^^
  File "C:\Users\kreon\Dropbox\python_advanced_final\.venv\Lib\site-packages\aiogram\dispatcher\event\telegram.py", line 121, in trigger
    return await wrapped_inner(event, kwargs)
           ^^^^^^^^^^^^^^^^^^^^^^^^^^^^^^^^^^
  File "C:\Users\kreon\Dropbox\python_advanced_final\.venv\Lib\site-packages\aiogram\dispatcher\event\handler.py", line 43, in call
    return await wrapped()
           ^^^^^^^^^^^^^^^
  File "C:\Users\kreon\Dropbox\python_advanced_final\bot\handlers\commands.py", line 199, in handle_back_button
    await show_calendar_and_tasks(callback, user_id, year, month, day)
  File "C:\Users\kreon\Dropbox\python_advanced_final\bot\handlers\commands.py", line 18, in show_calendar_and_tasks
    if user_state.calendar_message_id:
       ^^^^^^^^^^^^^^^^^^^^^^^^^^^^^^
AttributeError: 'UserState' object has no attribute 'calendar_message_id'
2025-03-27 16:54:37 | ERROR | aiogram.event | dispatcher.py:315 | Cause exception while process update id=460563801 by bot id=7697100885
AttributeError: 'UserState' object has no attribute 'calendar_message_id'
Traceback (most recent call last):
  File "C:\Users\kreon\Dropbox\python_advanced_final\.venv\Lib\site-packages\aiogram\dispatcher\dispatcher.py", line 309, in _process_update
    response = await self.feed_update(bot, update, **kwargs)
               ^^^^^^^^^^^^^^^^^^^^^^^^^^^^^^^^^^^^^^^^^^^^^
  File "C:\Users\kreon\Dropbox\python_advanced_final\.venv\Lib\site-packages\aiogram\dispatcher\dispatcher.py", line 158, in feed_update
    response = await self.update.wrap_outer_middleware(
               ^^^^^^^^^^^^^^^^^^^^^^^^^^^^^^^^^^^^^^^^
  File "C:\Users\kreon\Dropbox\python_advanced_final\.venv\Lib\site-packages\aiogram\dispatcher\middlewares\error.py", line 25, in __call__
    return await handler(event, data)
           ^^^^^^^^^^^^^^^^^^^^^^^^^^
  File "C:\Users\kreon\Dropbox\python_advanced_final\.venv\Lib\site-packages\aiogram\dispatcher\middlewares\user_context.py", line 56, in __call__
    return await handler(event, data)
           ^^^^^^^^^^^^^^^^^^^^^^^^^^
  File "C:\Users\kreon\Dropbox\python_advanced_final\.venv\Lib\site-packages\aiogram\fsm\middleware.py", line 42, in __call__
    return await handler(event, data)
           ^^^^^^^^^^^^^^^^^^^^^^^^^^
  File "C:\Users\kreon\Dropbox\python_advanced_final\.venv\Lib\site-packages\aiogram\dispatcher\event\telegram.py", line 121, in trigger
    return await wrapped_inner(event, kwargs)
           ^^^^^^^^^^^^^^^^^^^^^^^^^^^^^^^^^^
  File "C:\Users\kreon\Dropbox\python_advanced_final\.venv\Lib\site-packages\aiogram\dispatcher\event\handler.py", line 43, in call
    return await wrapped()
           ^^^^^^^^^^^^^^^
  File "C:\Users\kreon\Dropbox\python_advanced_final\.venv\Lib\site-packages\aiogram\dispatcher\dispatcher.py", line 276, in _listen_update
    return await self.propagate_event(update_type=update_type, event=event, **kwargs)
           ^^^^^^^^^^^^^^^^^^^^^^^^^^^^^^^^^^^^^^^^^^^^^^^^^^^^^^^^^^^^^^^^^^^^^^^^^^
  File "C:\Users\kreon\Dropbox\python_advanced_final\.venv\Lib\site-packages\aiogram\dispatcher\router.py", line 146, in propagate_event
    return await observer.wrap_outer_middleware(_wrapped, event=event, data=kwargs)
           ^^^^^^^^^^^^^^^^^^^^^^^^^^^^^^^^^^^^^^^^^^^^^^^^^^^^^^^^^^^^^^^^^^^^^^^^
  File "C:\Users\kreon\Dropbox\python_advanced_final\.venv\Lib\site-packages\aiogram\dispatcher\router.py", line 141, in _wrapped
    return await self._propagate_event(
           ^^^^^^^^^^^^^^^^^^^^^^^^^^^^
  File "C:\Users\kreon\Dropbox\python_advanced_final\.venv\Lib\site-packages\aiogram\dispatcher\router.py", line 166, in _propagate_event
    response = await observer.trigger(event, **kwargs)
               ^^^^^^^^^^^^^^^^^^^^^^^^^^^^^^^^^^^^^^^
  File "C:\Users\kreon\Dropbox\python_advanced_final\.venv\Lib\site-packages\aiogram\dispatcher\event\telegram.py", line 121, in trigger
    return await wrapped_inner(event, kwargs)
           ^^^^^^^^^^^^^^^^^^^^^^^^^^^^^^^^^^
  File "C:\Users\kreon\Dropbox\python_advanced_final\.venv\Lib\site-packages\aiogram\dispatcher\event\handler.py", line 43, in call
    return await wrapped()
           ^^^^^^^^^^^^^^^
  File "C:\Users\kreon\Dropbox\python_advanced_final\bot\handlers\commands.py", line 169, in handle_help_commands
    await show_calendar_and_tasks(callback, user_id, year, month, day)
  File "C:\Users\kreon\Dropbox\python_advanced_final\bot\handlers\commands.py", line 18, in show_calendar_and_tasks
    if user_state.calendar_message_id:
       ^^^^^^^^^^^^^^^^^^^^^^^^^^^^^^
AttributeError: 'UserState' object has no attribute 'calendar_message_id'
2025-03-27 16:54:41 | ERROR | aiogram.event | dispatcher.py:315 | Cause exception while process update id=460563802 by bot id=7697100885
AttributeError: 'UserState' object has no attribute 'calendar_message_id'
Traceback (most recent call last):
  File "C:\Users\kreon\Dropbox\python_advanced_final\.venv\Lib\site-packages\aiogram\dispatcher\dispatcher.py", line 309, in _process_update
    response = await self.feed_update(bot, update, **kwargs)
               ^^^^^^^^^^^^^^^^^^^^^^^^^^^^^^^^^^^^^^^^^^^^^
  File "C:\Users\kreon\Dropbox\python_advanced_final\.venv\Lib\site-packages\aiogram\dispatcher\dispatcher.py", line 158, in feed_update
    response = await self.update.wrap_outer_middleware(
               ^^^^^^^^^^^^^^^^^^^^^^^^^^^^^^^^^^^^^^^^
  File "C:\Users\kreon\Dropbox\python_advanced_final\.venv\Lib\site-packages\aiogram\dispatcher\middlewares\error.py", line 25, in __call__
    return await handler(event, data)
           ^^^^^^^^^^^^^^^^^^^^^^^^^^
  File "C:\Users\kreon\Dropbox\python_advanced_final\.venv\Lib\site-packages\aiogram\dispatcher\middlewares\user_context.py", line 56, in __call__
    return await handler(event, data)
           ^^^^^^^^^^^^^^^^^^^^^^^^^^
  File "C:\Users\kreon\Dropbox\python_advanced_final\.venv\Lib\site-packages\aiogram\fsm\middleware.py", line 42, in __call__
    return await handler(event, data)
           ^^^^^^^^^^^^^^^^^^^^^^^^^^
  File "C:\Users\kreon\Dropbox\python_advanced_final\.venv\Lib\site-packages\aiogram\dispatcher\event\telegram.py", line 121, in trigger
    return await wrapped_inner(event, kwargs)
           ^^^^^^^^^^^^^^^^^^^^^^^^^^^^^^^^^^
  File "C:\Users\kreon\Dropbox\python_advanced_final\.venv\Lib\site-packages\aiogram\dispatcher\event\handler.py", line 43, in call
    return await wrapped()
           ^^^^^^^^^^^^^^^
  File "C:\Users\kreon\Dropbox\python_advanced_final\.venv\Lib\site-packages\aiogram\dispatcher\dispatcher.py", line 276, in _listen_update
    return await self.propagate_event(update_type=update_type, event=event, **kwargs)
           ^^^^^^^^^^^^^^^^^^^^^^^^^^^^^^^^^^^^^^^^^^^^^^^^^^^^^^^^^^^^^^^^^^^^^^^^^^
  File "C:\Users\kreon\Dropbox\python_advanced_final\.venv\Lib\site-packages\aiogram\dispatcher\router.py", line 146, in propagate_event
    return await observer.wrap_outer_middleware(_wrapped, event=event, data=kwargs)
           ^^^^^^^^^^^^^^^^^^^^^^^^^^^^^^^^^^^^^^^^^^^^^^^^^^^^^^^^^^^^^^^^^^^^^^^^
  File "C:\Users\kreon\Dropbox\python_advanced_final\.venv\Lib\site-packages\aiogram\dispatcher\router.py", line 141, in _wrapped
    return await self._propagate_event(
           ^^^^^^^^^^^^^^^^^^^^^^^^^^^^
  File "C:\Users\kreon\Dropbox\python_advanced_final\.venv\Lib\site-packages\aiogram\dispatcher\router.py", line 166, in _propagate_event
    response = await observer.trigger(event, **kwargs)
               ^^^^^^^^^^^^^^^^^^^^^^^^^^^^^^^^^^^^^^^
  File "C:\Users\kreon\Dropbox\python_advanced_final\.venv\Lib\site-packages\aiogram\dispatcher\event\telegram.py", line 121, in trigger
    return await wrapped_inner(event, kwargs)
           ^^^^^^^^^^^^^^^^^^^^^^^^^^^^^^^^^^
  File "C:\Users\kreon\Dropbox\python_advanced_final\.venv\Lib\site-packages\aiogram\dispatcher\event\handler.py", line 43, in call
    return await wrapped()
           ^^^^^^^^^^^^^^^
  File "C:\Users\kreon\Dropbox\python_advanced_final\bot\handlers\commands.py", line 150, in handle_help_commands
    await show_calendar_and_tasks(callback, user_id, year, month, day)
  File "C:\Users\kreon\Dropbox\python_advanced_final\bot\handlers\commands.py", line 18, in show_calendar_and_tasks
    if user_state.calendar_message_id:
       ^^^^^^^^^^^^^^^^^^^^^^^^^^^^^^
AttributeError: 'UserState' object has no attribute 'calendar_message_id'
2025-03-27 16:54:42 | ERROR | aiogram.event | dispatcher.py:315 | Cause exception while process update id=460563803 by bot id=7697100885
AttributeError: 'UserState' object has no attribute 'calendar_message_id'
Traceback (most recent call last):
  File "C:\Users\kreon\Dropbox\python_advanced_final\.venv\Lib\site-packages\aiogram\dispatcher\dispatcher.py", line 309, in _process_update
    response = await self.feed_update(bot, update, **kwargs)
               ^^^^^^^^^^^^^^^^^^^^^^^^^^^^^^^^^^^^^^^^^^^^^
  File "C:\Users\kreon\Dropbox\python_advanced_final\.venv\Lib\site-packages\aiogram\dispatcher\dispatcher.py", line 158, in feed_update
    response = await self.update.wrap_outer_middleware(
               ^^^^^^^^^^^^^^^^^^^^^^^^^^^^^^^^^^^^^^^^
  File "C:\Users\kreon\Dropbox\python_advanced_final\.venv\Lib\site-packages\aiogram\dispatcher\middlewares\error.py", line 25, in __call__
    return await handler(event, data)
           ^^^^^^^^^^^^^^^^^^^^^^^^^^
  File "C:\Users\kreon\Dropbox\python_advanced_final\.venv\Lib\site-packages\aiogram\dispatcher\middlewares\user_context.py", line 56, in __call__
    return await handler(event, data)
           ^^^^^^^^^^^^^^^^^^^^^^^^^^
  File "C:\Users\kreon\Dropbox\python_advanced_final\.venv\Lib\site-packages\aiogram\fsm\middleware.py", line 42, in __call__
    return await handler(event, data)
           ^^^^^^^^^^^^^^^^^^^^^^^^^^
  File "C:\Users\kreon\Dropbox\python_advanced_final\.venv\Lib\site-packages\aiogram\dispatcher\event\telegram.py", line 121, in trigger
    return await wrapped_inner(event, kwargs)
           ^^^^^^^^^^^^^^^^^^^^^^^^^^^^^^^^^^
  File "C:\Users\kreon\Dropbox\python_advanced_final\.venv\Lib\site-packages\aiogram\dispatcher\event\handler.py", line 43, in call
    return await wrapped()
           ^^^^^^^^^^^^^^^
  File "C:\Users\kreon\Dropbox\python_advanced_final\.venv\Lib\site-packages\aiogram\dispatcher\dispatcher.py", line 276, in _listen_update
    return await self.propagate_event(update_type=update_type, event=event, **kwargs)
           ^^^^^^^^^^^^^^^^^^^^^^^^^^^^^^^^^^^^^^^^^^^^^^^^^^^^^^^^^^^^^^^^^^^^^^^^^^
  File "C:\Users\kreon\Dropbox\python_advanced_final\.venv\Lib\site-packages\aiogram\dispatcher\router.py", line 146, in propagate_event
    return await observer.wrap_outer_middleware(_wrapped, event=event, data=kwargs)
           ^^^^^^^^^^^^^^^^^^^^^^^^^^^^^^^^^^^^^^^^^^^^^^^^^^^^^^^^^^^^^^^^^^^^^^^^
  File "C:\Users\kreon\Dropbox\python_advanced_final\.venv\Lib\site-packages\aiogram\dispatcher\router.py", line 141, in _wrapped
    return await self._propagate_event(
           ^^^^^^^^^^^^^^^^^^^^^^^^^^^^
  File "C:\Users\kreon\Dropbox\python_advanced_final\.venv\Lib\site-packages\aiogram\dispatcher\router.py", line 166, in _propagate_event
    response = await observer.trigger(event, **kwargs)
               ^^^^^^^^^^^^^^^^^^^^^^^^^^^^^^^^^^^^^^^
  File "C:\Users\kreon\Dropbox\python_advanced_final\.venv\Lib\site-packages\aiogram\dispatcher\event\telegram.py", line 121, in trigger
    return await wrapped_inner(event, kwargs)
           ^^^^^^^^^^^^^^^^^^^^^^^^^^^^^^^^^^
  File "C:\Users\kreon\Dropbox\python_advanced_final\.venv\Lib\site-packages\aiogram\dispatcher\event\handler.py", line 43, in call
    return await wrapped()
           ^^^^^^^^^^^^^^^
  File "C:\Users\kreon\Dropbox\python_advanced_final\bot\handlers\commands.py", line 146, in handle_help_commands
    await show_calendar_and_tasks(callback, user_id, year, month, day)
  File "C:\Users\kreon\Dropbox\python_advanced_final\bot\handlers\commands.py", line 18, in show_calendar_and_tasks
    if user_state.calendar_message_id:
       ^^^^^^^^^^^^^^^^^^^^^^^^^^^^^^
AttributeError: 'UserState' object has no attribute 'calendar_message_id'
2025-03-27 16:56:18 | ERROR | aiogram.dispatcher | dispatcher.py:219 | Failed to fetch updates - TelegramNetworkError: HTTP Client says - ServerDisconnectedError: Server disconnected
2025-03-27 16:56:18 | WARNING | aiogram.dispatcher | dispatcher.py:221 | Sleep for 1.000000 seconds and try again... (tryings = 0, bot id = 7697100885)
2025-03-27 16:56:49 | WARNING | bot | commands.py:23 | Failed to delete old calendar message: Telegram server says - Bad Request: message to delete not found
2025-03-27 16:59:38 | ERROR | aiogram.dispatcher | dispatcher.py:219 | Failed to fetch updates - TelegramNetworkError: HTTP Client says - ServerDisconnectedError: Server disconnected
2025-03-27 16:59:38 | WARNING | aiogram.dispatcher | dispatcher.py:221 | Sleep for 1.000000 seconds and try again... (tryings = 0, bot id = 7697100885)
2025-03-27 17:00:23 | ERROR | aiogram.dispatcher | dispatcher.py:219 | Failed to fetch updates - TelegramNetworkError: HTTP Client says - ServerDisconnectedError: Server disconnected
2025-03-27 17:00:23 | WARNING | aiogram.dispatcher | dispatcher.py:221 | Sleep for 1.000000 seconds and try again... (tryings = 0, bot id = 7697100885)
2025-03-27 17:00:43 | WARNING | bot | commands.py:23 | Failed to delete old calendar message: Telegram server says - Bad Request: message to delete not found
2025-03-27 17:01:31 | ERROR | aiogram.dispatcher | dispatcher.py:219 | Failed to fetch updates - TelegramNetworkError: HTTP Client says - ServerDisconnectedError: Server disconnected
2025-03-27 17:01:31 | WARNING | aiogram.dispatcher | dispatcher.py:221 | Sleep for 1.000000 seconds and try again... (tryings = 0, bot id = 7697100885)
2025-03-27 17:03:33 | ERROR | aiogram.dispatcher | dispatcher.py:219 | Failed to fetch updates - TelegramNetworkError: HTTP Client says - ServerDisconnectedError: Server disconnected
2025-03-27 17:03:33 | WARNING | aiogram.dispatcher | dispatcher.py:221 | Sleep for 1.000000 seconds and try again... (tryings = 0, bot id = 7697100885)
2025-03-27 17:04:46 | WARNING | bot | commands.py:23 | Failed to delete old calendar message: Telegram server says - Bad Request: message to delete not found
2025-03-27 17:11:57 | ERROR | aiogram.dispatcher | dispatcher.py:219 | Failed to fetch updates - TelegramNetworkError: HTTP Client says - ServerDisconnectedError: Server disconnected
2025-03-27 17:11:57 | WARNING | aiogram.dispatcher | dispatcher.py:221 | Sleep for 1.000000 seconds and try again... (tryings = 0, bot id = 7697100885)
2025-03-27 17:15:53 | ERROR | bot | commands.py:250 | Failed to parse task input: 18:00 Встреча, error: invalid literal for int() with base 10: '18:00'
2025-03-27 17:18:03 | ERROR | aiogram.dispatcher | dispatcher.py:219 | Failed to fetch updates - TelegramNetworkError: HTTP Client says - ServerDisconnectedError: Server disconnected
2025-03-27 17:18:03 | WARNING | aiogram.dispatcher | dispatcher.py:221 | Sleep for 1.000000 seconds and try again... (tryings = 0, bot id = 7697100885)
2025-03-27 17:18:07 | CRITICAL | bot | main.py:105 | Bot crashed: name 'cmd_add' is not defined
Traceback (most recent call last):
  File "C:\Users\kreon\Dropbox\python_advanced_final\bot\main.py", line 103, in <module>
    asyncio.run(main())
  File "C:\Python312\Lib\asyncio\runners.py", line 194, in run
    return runner.run(main)
           ^^^^^^^^^^^^^^^^
  File "C:\Python312\Lib\asyncio\runners.py", line 118, in run
    return self._loop.run_until_complete(task)
           ^^^^^^^^^^^^^^^^^^^^^^^^^^^^^^^^^^^
  File "C:\Python312\Lib\asyncio\base_events.py", line 686, in run_until_complete
    return future.result()
           ^^^^^^^^^^^^^^^
  File "C:\Users\kreon\Dropbox\python_advanced_final\bot\main.py", line 91, in main
    reg_commands(dp)
  File "C:\Users\kreon\Dropbox\python_advanced_final\bot\handlers\commands.py", line 259, in register_handlers
    dp.message.register(cmd_add, F.text == "/add")
                        ^^^^^^^
NameError: name 'cmd_add' is not defined
2025-03-27 17:18:59 | ERROR | aiogram.dispatcher | dispatcher.py:219 | Failed to fetch updates - TelegramNetworkError: HTTP Client says - ServerDisconnectedError: Server disconnected
2025-03-27 17:18:59 | WARNING | aiogram.dispatcher | dispatcher.py:221 | Sleep for 1.000000 seconds and try again... (tryings = 0, bot id = 7697100885)
2025-03-27 17:19:45 | ERROR | aiogram.dispatcher | dispatcher.py:219 | Failed to fetch updates - TelegramNetworkError: HTTP Client says - ServerDisconnectedError: Server disconnected
2025-03-27 17:19:45 | WARNING | aiogram.dispatcher | dispatcher.py:221 | Sleep for 1.000000 seconds and try again... (tryings = 0, bot id = 7697100885)
2025-03-27 17:20:42 | ERROR | aiogram.dispatcher | dispatcher.py:219 | Failed to fetch updates - TelegramNetworkError: HTTP Client says - ServerDisconnectedError: Server disconnected
2025-03-27 17:20:42 | WARNING | aiogram.dispatcher | dispatcher.py:221 | Sleep for 1.000000 seconds and try again... (tryings = 0, bot id = 7697100885)
2025-03-27 17:21:18 | ERROR | aiogram.dispatcher | dispatcher.py:219 | Failed to fetch updates - TelegramNetworkError: HTTP Client says - ServerDisconnectedError: Server disconnected
2025-03-27 17:21:18 | WARNING | aiogram.dispatcher | dispatcher.py:221 | Sleep for 1.000000 seconds and try again... (tryings = 0, bot id = 7697100885)
2025-03-27 17:21:35 | ERROR | bot | commands.py:250 | Failed to parse task input: 14:00 Встреча, error: invalid literal for int() with base 10: '14:00'
2025-03-27 17:33:25 | ERROR | aiogram.dispatcher | dispatcher.py:219 | Failed to fetch updates - TelegramNetworkError: HTTP Client says - ServerDisconnectedError: Server disconnected
2025-03-27 17:33:25 | WARNING | aiogram.dispatcher | dispatcher.py:221 | Sleep for 1.000000 seconds and try again... (tryings = 0, bot id = 7697100885)
2025-03-27 17:33:55 | WARNING | bot | commands.py:21 | Failed to delete old calendar message: Telegram server says - Bad Request: message to delete not found
2025-03-27 17:34:13 | ERROR | aiogram.dispatcher | dispatcher.py:219 | Failed to fetch updates - TelegramNetworkError: HTTP Client says - ServerDisconnectedError: Server disconnected
2025-03-27 17:34:13 | WARNING | aiogram.dispatcher | dispatcher.py:221 | Sleep for 1.000000 seconds and try again... (tryings = 0, bot id = 7697100885)
2025-03-27 17:38:24 | ERROR | aiogram.dispatcher | dispatcher.py:219 | Failed to fetch updates - TelegramNetworkError: HTTP Client says - ServerDisconnectedError: Server disconnected
2025-03-27 17:38:24 | WARNING | aiogram.dispatcher | dispatcher.py:221 | Sleep for 1.000000 seconds and try again... (tryings = 0, bot id = 7697100885)
2025-03-27 17:38:47 | ERROR | bot | commands.py:248 | Failed to parse task input: 28.03.2025 Встреча, error: Текст задачи не указан
2025-03-27 17:49:56 | ERROR | aiogram.dispatcher | dispatcher.py:219 | Failed to fetch updates - TelegramNetworkError: HTTP Client says - ServerDisconnectedError: Server disconnected
2025-03-27 17:49:56 | WARNING | aiogram.dispatcher | dispatcher.py:221 | Sleep for 1.000000 seconds and try again... (tryings = 0, bot id = 7697100885)
2025-03-27 17:51:44 | ERROR | aiogram.dispatcher | dispatcher.py:219 | Failed to fetch updates - TelegramNetworkError: HTTP Client says - ServerDisconnectedError: Server disconnected
2025-03-27 17:51:44 | WARNING | aiogram.dispatcher | dispatcher.py:221 | Sleep for 1.000000 seconds and try again... (tryings = 0, bot id = 7697100885)
2025-03-27 17:52:11 | ERROR | aiogram.dispatcher | dispatcher.py:219 | Failed to fetch updates - TelegramNetworkError: HTTP Client says - ServerDisconnectedError: Server disconnected
2025-03-27 17:52:11 | WARNING | aiogram.dispatcher | dispatcher.py:221 | Sleep for 1.000000 seconds and try again... (tryings = 0, bot id = 7697100885)
2025-03-30 11:55:17 | ERROR | aiogram.dispatcher | dispatcher.py:219 | Failed to fetch updates - TelegramNetworkError: HTTP Client says - ServerDisconnectedError: Server disconnected
2025-03-30 11:55:17 | WARNING | aiogram.dispatcher | dispatcher.py:221 | Sleep for 1.000000 seconds and try again... (tryings = 0, bot id = 7697100885)
2025-03-30 14:07:29 | ERROR | aiogram.dispatcher | dispatcher.py:219 | Failed to fetch updates - TelegramNetworkError: HTTP Client says - ServerDisconnectedError: Server disconnected
2025-03-30 14:07:29 | WARNING | aiogram.dispatcher | dispatcher.py:221 | Sleep for 1.000000 seconds and try again... (tryings = 0, bot id = 7697100885)
2025-03-30 14:07:59 | ERROR | bot | commands.py:251 | Failed to parse task input: 15:00 Встреча, error: invalid literal for int() with base 10: '15:00'
2025-03-30 14:12:09 | ERROR | aiogram.dispatcher | dispatcher.py:219 | Failed to fetch updates - TelegramNetworkError: HTTP Client says - ServerDisconnectedError: Server disconnected
2025-03-30 14:12:09 | WARNING | aiogram.dispatcher | dispatcher.py:221 | Sleep for 1.000000 seconds and try again... (tryings = 0, bot id = 7697100885)
2025-03-30 14:12:34 | ERROR | bot | commands.py:251 | Failed to parse task input: 15 :00 Встреча, error: not enough values to unpack (expected 3, got 1)
2025-03-30 14:16:00 | ERROR | aiogram.dispatcher | dispatcher.py:219 | Failed to fetch updates - TelegramNetworkError: HTTP Client says - ServerDisconnectedError: Server disconnected
2025-03-30 14:16:00 | WARNING | aiogram.dispatcher | dispatcher.py:221 | Sleep for 1.000000 seconds and try again... (tryings = 0, bot id = 7697100885)
2025-03-30 14:16:17 | ERROR | bot | messages.py:66 | Error adding task: name 'datetime' is not defined
2025-03-30 14:17:43 | ERROR | aiogram.dispatcher | dispatcher.py:219 | Failed to fetch updates - TelegramNetworkError: HTTP Client says - ServerDisconnectedError: Server disconnected
2025-03-30 14:17:43 | WARNING | aiogram.dispatcher | dispatcher.py:221 | Sleep for 1.000000 seconds and try again... (tryings = 0, bot id = 7697100885)
2025-03-30 14:22:39 | ERROR | aiogram.dispatcher | dispatcher.py:219 | Failed to fetch updates - TelegramNetworkError: HTTP Client says - ServerDisconnectedError: Server disconnected
2025-03-30 14:22:39 | WARNING | aiogram.dispatcher | dispatcher.py:221 | Sleep for 1.000000 seconds and try again... (tryings = 0, bot id = 7697100885)
2025-03-30 14:25:11 | ERROR | bot | reminders.py:57 | Error processing 1-day reminder: strptime() argument 1 must be str, not None
2025-03-30 14:25:11 | ERROR | bot | reminders.py:57 | Error processing 1-day reminder: strptime() argument 1 must be str, not None
2025-03-30 14:25:11 | ERROR | bot | reminders.py:57 | Error processing 1-day reminder: strptime() argument 1 must be str, not None
2025-03-30 14:25:11 | ERROR | bot | reminders.py:57 | Error processing 1-day reminder: strptime() argument 1 must be str, not None
2025-03-30 14:25:11 | ERROR | bot | reminders.py:57 | Error processing 1-day reminder: strptime() argument 1 must be str, not None
2025-03-30 14:25:11 | ERROR | bot | reminders.py:57 | Error processing 1-day reminder: strptime() argument 1 must be str, not None
2025-03-30 14:25:11 | ERROR | bot | reminders.py:57 | Error processing 1-day reminder: strptime() argument 1 must be str, not None
2025-03-30 14:25:11 | ERROR | bot | reminders.py:57 | Error processing 1-day reminder: strptime() argument 1 must be str, not None
2025-03-30 14:25:11 | ERROR | bot | reminders.py:57 | Error processing 1-day reminder: strptime() argument 1 must be str, not None
2025-03-30 14:25:11 | ERROR | bot | reminders.py:57 | Error processing 1-day reminder: strptime() argument 1 must be str, not None
2025-03-30 14:25:11 | ERROR | bot | reminders.py:57 | Error processing 1-day reminder: strptime() argument 1 must be str, not None
2025-03-30 14:25:11 | ERROR | bot | reminders.py:57 | Error processing 1-day reminder: strptime() argument 1 must be str, not None
2025-03-30 14:25:11 | ERROR | bot | reminders.py:57 | Error processing 1-day reminder: strptime() argument 1 must be str, not None
2025-03-30 14:25:11 | ERROR | bot | reminders.py:88 | Error sending 2-hour reminder: strptime() argument 1 must be str, not None
2025-03-30 14:25:11 | ERROR | bot | reminders.py:88 | Error sending 2-hour reminder: strptime() argument 1 must be str, not None
2025-03-30 14:25:11 | ERROR | bot | reminders.py:88 | Error sending 2-hour reminder: strptime() argument 1 must be str, not None
2025-03-30 14:25:11 | ERROR | bot | reminders.py:88 | Error sending 2-hour reminder: strptime() argument 1 must be str, not None
2025-03-30 14:25:11 | ERROR | bot | reminders.py:88 | Error sending 2-hour reminder: strptime() argument 1 must be str, not None
2025-03-30 14:25:11 | ERROR | bot | reminders.py:88 | Error sending 2-hour reminder: strptime() argument 1 must be str, not None
2025-03-30 14:25:11 | ERROR | bot | reminders.py:88 | Error sending 2-hour reminder: strptime() argument 1 must be str, not None
2025-03-30 14:25:11 | ERROR | bot | reminders.py:88 | Error sending 2-hour reminder: strptime() argument 1 must be str, not None
2025-03-30 14:25:11 | ERROR | bot | reminders.py:88 | Error sending 2-hour reminder: strptime() argument 1 must be str, not None
2025-03-30 14:25:11 | ERROR | bot | reminders.py:88 | Error sending 2-hour reminder: strptime() argument 1 must be str, not None
2025-03-30 14:25:11 | ERROR | bot | reminders.py:88 | Error sending 2-hour reminder: strptime() argument 1 must be str, not None
2025-03-30 14:25:11 | ERROR | bot | reminders.py:88 | Error sending 2-hour reminder: strptime() argument 1 must be str, not None
2025-03-30 14:25:11 | ERROR | bot | reminders.py:88 | Error sending 2-hour reminder: strptime() argument 1 must be str, not None
2025-03-30 14:25:11 | ERROR | bot | reminders.py:88 | Error sending 2-hour reminder: strptime() argument 1 must be str, not None
2025-03-30 14:25:11 | ERROR | bot | reminders.py:119 | Error sending 15-min reminder: strptime() argument 1 must be str, not None
2025-03-30 14:25:11 | ERROR | bot | reminders.py:119 | Error sending 15-min reminder: strptime() argument 1 must be str, not None
2025-03-30 14:25:11 | ERROR | bot | reminders.py:119 | Error sending 15-min reminder: strptime() argument 1 must be str, not None
2025-03-30 14:25:11 | ERROR | bot | reminders.py:119 | Error sending 15-min reminder: strptime() argument 1 must be str, not None
2025-03-30 14:25:11 | ERROR | bot | reminders.py:119 | Error sending 15-min reminder: strptime() argument 1 must be str, not None
2025-03-30 14:25:11 | ERROR | bot | reminders.py:119 | Error sending 15-min reminder: strptime() argument 1 must be str, not None
2025-03-30 14:25:11 | ERROR | bot | reminders.py:119 | Error sending 15-min reminder: strptime() argument 1 must be str, not None
2025-03-30 14:25:11 | ERROR | bot | reminders.py:119 | Error sending 15-min reminder: strptime() argument 1 must be str, not None
2025-03-30 14:25:11 | ERROR | bot | reminders.py:119 | Error sending 15-min reminder: strptime() argument 1 must be str, not None
2025-03-30 14:25:11 | ERROR | bot | reminders.py:119 | Error sending 15-min reminder: strptime() argument 1 must be str, not None
2025-03-30 14:25:11 | ERROR | bot | reminders.py:119 | Error sending 15-min reminder: strptime() argument 1 must be str, not None
2025-03-30 14:25:11 | ERROR | bot | reminders.py:119 | Error sending 15-min reminder: strptime() argument 1 must be str, not None
2025-03-30 14:25:11 | ERROR | bot | reminders.py:119 | Error sending 15-min reminder: strptime() argument 1 must be str, not None
2025-03-30 14:25:41 | ERROR | bot | reminders.py:57 | Error processing 1-day reminder: strptime() argument 1 must be str, not None
2025-03-30 14:25:41 | ERROR | bot | reminders.py:57 | Error processing 1-day reminder: strptime() argument 1 must be str, not None
2025-03-30 14:25:41 | ERROR | bot | reminders.py:57 | Error processing 1-day reminder: strptime() argument 1 must be str, not None
2025-03-30 14:25:41 | ERROR | bot | reminders.py:57 | Error processing 1-day reminder: strptime() argument 1 must be str, not None
2025-03-30 14:25:41 | ERROR | bot | reminders.py:57 | Error processing 1-day reminder: strptime() argument 1 must be str, not None
2025-03-30 14:25:41 | ERROR | bot | reminders.py:57 | Error processing 1-day reminder: strptime() argument 1 must be str, not None
2025-03-30 14:25:41 | ERROR | bot | reminders.py:57 | Error processing 1-day reminder: strptime() argument 1 must be str, not None
2025-03-30 14:25:41 | ERROR | bot | reminders.py:57 | Error processing 1-day reminder: strptime() argument 1 must be str, not None
2025-03-30 14:25:41 | ERROR | bot | reminders.py:57 | Error processing 1-day reminder: strptime() argument 1 must be str, not None
2025-03-30 14:25:41 | ERROR | bot | reminders.py:57 | Error processing 1-day reminder: strptime() argument 1 must be str, not None
2025-03-30 14:25:41 | ERROR | bot | reminders.py:57 | Error processing 1-day reminder: strptime() argument 1 must be str, not None
2025-03-30 14:25:41 | ERROR | bot | reminders.py:57 | Error processing 1-day reminder: strptime() argument 1 must be str, not None
2025-03-30 14:25:41 | ERROR | bot | reminders.py:57 | Error processing 1-day reminder: strptime() argument 1 must be str, not None
2025-03-30 14:25:41 | ERROR | bot | reminders.py:88 | Error sending 2-hour reminder: strptime() argument 1 must be str, not None
2025-03-30 14:25:41 | ERROR | bot | reminders.py:88 | Error sending 2-hour reminder: strptime() argument 1 must be str, not None
2025-03-30 14:25:41 | ERROR | bot | reminders.py:88 | Error sending 2-hour reminder: strptime() argument 1 must be str, not None
2025-03-30 14:25:41 | ERROR | bot | reminders.py:88 | Error sending 2-hour reminder: strptime() argument 1 must be str, not None
2025-03-30 14:25:41 | ERROR | bot | reminders.py:88 | Error sending 2-hour reminder: strptime() argument 1 must be str, not None
2025-03-30 14:25:41 | ERROR | bot | reminders.py:88 | Error sending 2-hour reminder: strptime() argument 1 must be str, not None
2025-03-30 14:25:41 | ERROR | bot | reminders.py:88 | Error sending 2-hour reminder: strptime() argument 1 must be str, not None
2025-03-30 14:25:41 | ERROR | bot | reminders.py:88 | Error sending 2-hour reminder: strptime() argument 1 must be str, not None
2025-03-30 14:25:41 | ERROR | bot | reminders.py:88 | Error sending 2-hour reminder: strptime() argument 1 must be str, not None
2025-03-30 14:25:41 | ERROR | bot | reminders.py:88 | Error sending 2-hour reminder: strptime() argument 1 must be str, not None
2025-03-30 14:25:41 | ERROR | bot | reminders.py:88 | Error sending 2-hour reminder: strptime() argument 1 must be str, not None
2025-03-30 14:25:41 | ERROR | bot | reminders.py:88 | Error sending 2-hour reminder: strptime() argument 1 must be str, not None
2025-03-30 14:25:41 | ERROR | bot | reminders.py:88 | Error sending 2-hour reminder: strptime() argument 1 must be str, not None
2025-03-30 14:25:41 | ERROR | bot | reminders.py:88 | Error sending 2-hour reminder: strptime() argument 1 must be str, not None
2025-03-30 14:25:41 | ERROR | bot | reminders.py:119 | Error sending 15-min reminder: strptime() argument 1 must be str, not None
2025-03-30 14:25:41 | ERROR | bot | reminders.py:119 | Error sending 15-min reminder: strptime() argument 1 must be str, not None
2025-03-30 14:25:41 | ERROR | bot | reminders.py:119 | Error sending 15-min reminder: strptime() argument 1 must be str, not None
2025-03-30 14:25:41 | ERROR | bot | reminders.py:119 | Error sending 15-min reminder: strptime() argument 1 must be str, not None
2025-03-30 14:25:41 | ERROR | bot | reminders.py:119 | Error sending 15-min reminder: strptime() argument 1 must be str, not None
2025-03-30 14:25:41 | ERROR | bot | reminders.py:119 | Error sending 15-min reminder: strptime() argument 1 must be str, not None
2025-03-30 14:25:41 | ERROR | bot | reminders.py:119 | Error sending 15-min reminder: strptime() argument 1 must be str, not None
2025-03-30 14:25:41 | ERROR | bot | reminders.py:119 | Error sending 15-min reminder: strptime() argument 1 must be str, not None
2025-03-30 14:25:41 | ERROR | bot | reminders.py:119 | Error sending 15-min reminder: strptime() argument 1 must be str, not None
2025-03-30 14:25:41 | ERROR | bot | reminders.py:119 | Error sending 15-min reminder: strptime() argument 1 must be str, not None
2025-03-30 14:25:41 | ERROR | bot | reminders.py:119 | Error sending 15-min reminder: strptime() argument 1 must be str, not None
2025-03-30 14:25:41 | ERROR | bot | reminders.py:119 | Error sending 15-min reminder: strptime() argument 1 must be str, not None
2025-03-30 14:25:41 | ERROR | bot | reminders.py:119 | Error sending 15-min reminder: strptime() argument 1 must be str, not None
2025-03-30 14:26:11 | ERROR | bot | reminders.py:57 | Error processing 1-day reminder: strptime() argument 1 must be str, not None
2025-03-30 14:26:11 | ERROR | bot | reminders.py:57 | Error processing 1-day reminder: strptime() argument 1 must be str, not None
2025-03-30 14:26:11 | ERROR | bot | reminders.py:57 | Error processing 1-day reminder: strptime() argument 1 must be str, not None
2025-03-30 14:26:11 | ERROR | bot | reminders.py:57 | Error processing 1-day reminder: strptime() argument 1 must be str, not None
2025-03-30 14:26:11 | ERROR | bot | reminders.py:57 | Error processing 1-day reminder: strptime() argument 1 must be str, not None
2025-03-30 14:26:11 | ERROR | bot | reminders.py:57 | Error processing 1-day reminder: strptime() argument 1 must be str, not None
2025-03-30 14:26:11 | ERROR | bot | reminders.py:57 | Error processing 1-day reminder: strptime() argument 1 must be str, not None
2025-03-30 14:26:11 | ERROR | bot | reminders.py:57 | Error processing 1-day reminder: strptime() argument 1 must be str, not None
2025-03-30 14:26:11 | ERROR | bot | reminders.py:57 | Error processing 1-day reminder: strptime() argument 1 must be str, not None
2025-03-30 14:26:11 | ERROR | bot | reminders.py:57 | Error processing 1-day reminder: strptime() argument 1 must be str, not None
2025-03-30 14:26:11 | ERROR | bot | reminders.py:57 | Error processing 1-day reminder: strptime() argument 1 must be str, not None
2025-03-30 14:26:11 | ERROR | bot | reminders.py:57 | Error processing 1-day reminder: strptime() argument 1 must be str, not None
2025-03-30 14:26:11 | ERROR | bot | reminders.py:57 | Error processing 1-day reminder: strptime() argument 1 must be str, not None
2025-03-30 14:26:11 | ERROR | bot | reminders.py:88 | Error sending 2-hour reminder: strptime() argument 1 must be str, not None
2025-03-30 14:26:11 | ERROR | bot | reminders.py:88 | Error sending 2-hour reminder: strptime() argument 1 must be str, not None
2025-03-30 14:26:11 | ERROR | bot | reminders.py:88 | Error sending 2-hour reminder: strptime() argument 1 must be str, not None
2025-03-30 14:26:11 | ERROR | bot | reminders.py:88 | Error sending 2-hour reminder: strptime() argument 1 must be str, not None
2025-03-30 14:26:11 | ERROR | bot | reminders.py:88 | Error sending 2-hour reminder: strptime() argument 1 must be str, not None
2025-03-30 14:26:11 | ERROR | bot | reminders.py:88 | Error sending 2-hour reminder: strptime() argument 1 must be str, not None
2025-03-30 14:26:11 | ERROR | bot | reminders.py:88 | Error sending 2-hour reminder: strptime() argument 1 must be str, not None
2025-03-30 14:26:11 | ERROR | bot | reminders.py:88 | Error sending 2-hour reminder: strptime() argument 1 must be str, not None
2025-03-30 14:26:11 | ERROR | bot | reminders.py:88 | Error sending 2-hour reminder: strptime() argument 1 must be str, not None
2025-03-30 14:26:11 | ERROR | bot | reminders.py:88 | Error sending 2-hour reminder: strptime() argument 1 must be str, not None
2025-03-30 14:26:11 | ERROR | bot | reminders.py:88 | Error sending 2-hour reminder: strptime() argument 1 must be str, not None
2025-03-30 14:26:11 | ERROR | bot | reminders.py:88 | Error sending 2-hour reminder: strptime() argument 1 must be str, not None
2025-03-30 14:26:11 | ERROR | bot | reminders.py:88 | Error sending 2-hour reminder: strptime() argument 1 must be str, not None
2025-03-30 14:26:11 | ERROR | bot | reminders.py:88 | Error sending 2-hour reminder: strptime() argument 1 must be str, not None
2025-03-30 14:26:11 | ERROR | bot | reminders.py:119 | Error sending 15-min reminder: strptime() argument 1 must be str, not None
2025-03-30 14:26:11 | ERROR | bot | reminders.py:119 | Error sending 15-min reminder: strptime() argument 1 must be str, not None
2025-03-30 14:26:11 | ERROR | bot | reminders.py:119 | Error sending 15-min reminder: strptime() argument 1 must be str, not None
2025-03-30 14:26:11 | ERROR | bot | reminders.py:119 | Error sending 15-min reminder: strptime() argument 1 must be str, not None
2025-03-30 14:26:11 | ERROR | bot | reminders.py:119 | Error sending 15-min reminder: strptime() argument 1 must be str, not None
2025-03-30 14:26:11 | ERROR | bot | reminders.py:119 | Error sending 15-min reminder: strptime() argument 1 must be str, not None
2025-03-30 14:26:11 | ERROR | bot | reminders.py:119 | Error sending 15-min reminder: strptime() argument 1 must be str, not None
2025-03-30 14:26:11 | ERROR | bot | reminders.py:119 | Error sending 15-min reminder: strptime() argument 1 must be str, not None
2025-03-30 14:26:11 | ERROR | bot | reminders.py:119 | Error sending 15-min reminder: strptime() argument 1 must be str, not None
2025-03-30 14:26:11 | ERROR | bot | reminders.py:119 | Error sending 15-min reminder: strptime() argument 1 must be str, not None
2025-03-30 14:26:11 | ERROR | bot | reminders.py:119 | Error sending 15-min reminder: strptime() argument 1 must be str, not None
2025-03-30 14:26:11 | ERROR | bot | reminders.py:119 | Error sending 15-min reminder: strptime() argument 1 must be str, not None
2025-03-30 14:26:11 | ERROR | bot | reminders.py:119 | Error sending 15-min reminder: strptime() argument 1 must be str, not None
2025-03-30 14:26:41 | ERROR | bot | reminders.py:57 | Error processing 1-day reminder: strptime() argument 1 must be str, not None
2025-03-30 14:26:41 | ERROR | bot | reminders.py:57 | Error processing 1-day reminder: strptime() argument 1 must be str, not None
2025-03-30 14:26:41 | ERROR | bot | reminders.py:57 | Error processing 1-day reminder: strptime() argument 1 must be str, not None
2025-03-30 14:26:41 | ERROR | bot | reminders.py:57 | Error processing 1-day reminder: strptime() argument 1 must be str, not None
2025-03-30 14:26:41 | ERROR | bot | reminders.py:57 | Error processing 1-day reminder: strptime() argument 1 must be str, not None
2025-03-30 14:26:41 | ERROR | bot | reminders.py:57 | Error processing 1-day reminder: strptime() argument 1 must be str, not None
2025-03-30 14:26:41 | ERROR | bot | reminders.py:57 | Error processing 1-day reminder: strptime() argument 1 must be str, not None
2025-03-30 14:26:41 | ERROR | bot | reminders.py:57 | Error processing 1-day reminder: strptime() argument 1 must be str, not None
2025-03-30 14:26:41 | ERROR | bot | reminders.py:57 | Error processing 1-day reminder: strptime() argument 1 must be str, not None
2025-03-30 14:26:41 | ERROR | bot | reminders.py:57 | Error processing 1-day reminder: strptime() argument 1 must be str, not None
2025-03-30 14:26:41 | ERROR | bot | reminders.py:57 | Error processing 1-day reminder: strptime() argument 1 must be str, not None
2025-03-30 14:26:41 | ERROR | bot | reminders.py:57 | Error processing 1-day reminder: strptime() argument 1 must be str, not None
2025-03-30 14:26:41 | ERROR | bot | reminders.py:57 | Error processing 1-day reminder: strptime() argument 1 must be str, not None
2025-03-30 14:26:41 | ERROR | bot | reminders.py:88 | Error sending 2-hour reminder: strptime() argument 1 must be str, not None
2025-03-30 14:26:41 | ERROR | bot | reminders.py:88 | Error sending 2-hour reminder: strptime() argument 1 must be str, not None
2025-03-30 14:26:41 | ERROR | bot | reminders.py:88 | Error sending 2-hour reminder: strptime() argument 1 must be str, not None
2025-03-30 14:26:41 | ERROR | bot | reminders.py:88 | Error sending 2-hour reminder: strptime() argument 1 must be str, not None
2025-03-30 14:26:41 | ERROR | bot | reminders.py:88 | Error sending 2-hour reminder: strptime() argument 1 must be str, not None
2025-03-30 14:26:41 | ERROR | bot | reminders.py:88 | Error sending 2-hour reminder: strptime() argument 1 must be str, not None
2025-03-30 14:26:41 | ERROR | bot | reminders.py:88 | Error sending 2-hour reminder: strptime() argument 1 must be str, not None
2025-03-30 14:26:41 | ERROR | bot | reminders.py:88 | Error sending 2-hour reminder: strptime() argument 1 must be str, not None
2025-03-30 14:26:41 | ERROR | bot | reminders.py:88 | Error sending 2-hour reminder: strptime() argument 1 must be str, not None
2025-03-30 14:26:41 | ERROR | bot | reminders.py:88 | Error sending 2-hour reminder: strptime() argument 1 must be str, not None
2025-03-30 14:26:41 | ERROR | bot | reminders.py:88 | Error sending 2-hour reminder: strptime() argument 1 must be str, not None
2025-03-30 14:26:41 | ERROR | bot | reminders.py:88 | Error sending 2-hour reminder: strptime() argument 1 must be str, not None
2025-03-30 14:26:41 | ERROR | bot | reminders.py:88 | Error sending 2-hour reminder: strptime() argument 1 must be str, not None
2025-03-30 14:26:41 | ERROR | bot | reminders.py:88 | Error sending 2-hour reminder: strptime() argument 1 must be str, not None
2025-03-30 14:26:41 | ERROR | bot | reminders.py:119 | Error sending 15-min reminder: strptime() argument 1 must be str, not None
2025-03-30 14:26:41 | ERROR | bot | reminders.py:119 | Error sending 15-min reminder: strptime() argument 1 must be str, not None
2025-03-30 14:26:41 | ERROR | bot | reminders.py:119 | Error sending 15-min reminder: strptime() argument 1 must be str, not None
2025-03-30 14:26:41 | ERROR | bot | reminders.py:119 | Error sending 15-min reminder: strptime() argument 1 must be str, not None
2025-03-30 14:26:41 | ERROR | bot | reminders.py:119 | Error sending 15-min reminder: strptime() argument 1 must be str, not None
2025-03-30 14:26:41 | ERROR | bot | reminders.py:119 | Error sending 15-min reminder: strptime() argument 1 must be str, not None
2025-03-30 14:26:41 | ERROR | bot | reminders.py:119 | Error sending 15-min reminder: strptime() argument 1 must be str, not None
2025-03-30 14:26:41 | ERROR | bot | reminders.py:119 | Error sending 15-min reminder: strptime() argument 1 must be str, not None
2025-03-30 14:26:41 | ERROR | bot | reminders.py:119 | Error sending 15-min reminder: strptime() argument 1 must be str, not None
2025-03-30 14:26:41 | ERROR | bot | reminders.py:119 | Error sending 15-min reminder: strptime() argument 1 must be str, not None
2025-03-30 14:26:41 | ERROR | bot | reminders.py:119 | Error sending 15-min reminder: strptime() argument 1 must be str, not None
2025-03-30 14:26:41 | ERROR | bot | reminders.py:119 | Error sending 15-min reminder: strptime() argument 1 must be str, not None
2025-03-30 14:26:41 | ERROR | bot | reminders.py:119 | Error sending 15-min reminder: strptime() argument 1 must be str, not None
2025-03-30 14:27:11 | ERROR | bot | reminders.py:57 | Error processing 1-day reminder: strptime() argument 1 must be str, not None
2025-03-30 14:27:11 | ERROR | bot | reminders.py:57 | Error processing 1-day reminder: strptime() argument 1 must be str, not None
2025-03-30 14:27:11 | ERROR | bot | reminders.py:57 | Error processing 1-day reminder: strptime() argument 1 must be str, not None
2025-03-30 14:27:11 | ERROR | bot | reminders.py:57 | Error processing 1-day reminder: strptime() argument 1 must be str, not None
2025-03-30 14:27:11 | ERROR | bot | reminders.py:57 | Error processing 1-day reminder: strptime() argument 1 must be str, not None
2025-03-30 14:27:11 | ERROR | bot | reminders.py:57 | Error processing 1-day reminder: strptime() argument 1 must be str, not None
2025-03-30 14:27:11 | ERROR | bot | reminders.py:57 | Error processing 1-day reminder: strptime() argument 1 must be str, not None
2025-03-30 14:27:11 | ERROR | bot | reminders.py:57 | Error processing 1-day reminder: strptime() argument 1 must be str, not None
2025-03-30 14:27:11 | ERROR | bot | reminders.py:57 | Error processing 1-day reminder: strptime() argument 1 must be str, not None
2025-03-30 14:27:11 | ERROR | bot | reminders.py:57 | Error processing 1-day reminder: strptime() argument 1 must be str, not None
2025-03-30 14:27:11 | ERROR | bot | reminders.py:57 | Error processing 1-day reminder: strptime() argument 1 must be str, not None
2025-03-30 14:27:11 | ERROR | bot | reminders.py:57 | Error processing 1-day reminder: strptime() argument 1 must be str, not None
2025-03-30 14:27:11 | ERROR | bot | reminders.py:57 | Error processing 1-day reminder: strptime() argument 1 must be str, not None
2025-03-30 14:27:11 | ERROR | bot | reminders.py:88 | Error sending 2-hour reminder: strptime() argument 1 must be str, not None
2025-03-30 14:27:11 | ERROR | bot | reminders.py:88 | Error sending 2-hour reminder: strptime() argument 1 must be str, not None
2025-03-30 14:27:11 | ERROR | bot | reminders.py:88 | Error sending 2-hour reminder: strptime() argument 1 must be str, not None
2025-03-30 14:27:11 | ERROR | bot | reminders.py:88 | Error sending 2-hour reminder: strptime() argument 1 must be str, not None
2025-03-30 14:27:11 | ERROR | bot | reminders.py:88 | Error sending 2-hour reminder: strptime() argument 1 must be str, not None
2025-03-30 14:27:11 | ERROR | bot | reminders.py:88 | Error sending 2-hour reminder: strptime() argument 1 must be str, not None
2025-03-30 14:27:11 | ERROR | bot | reminders.py:88 | Error sending 2-hour reminder: strptime() argument 1 must be str, not None
2025-03-30 14:27:11 | ERROR | bot | reminders.py:88 | Error sending 2-hour reminder: strptime() argument 1 must be str, not None
2025-03-30 14:27:11 | ERROR | bot | reminders.py:88 | Error sending 2-hour reminder: strptime() argument 1 must be str, not None
2025-03-30 14:27:11 | ERROR | bot | reminders.py:88 | Error sending 2-hour reminder: strptime() argument 1 must be str, not None
2025-03-30 14:27:11 | ERROR | bot | reminders.py:88 | Error sending 2-hour reminder: strptime() argument 1 must be str, not None
2025-03-30 14:27:11 | ERROR | bot | reminders.py:88 | Error sending 2-hour reminder: strptime() argument 1 must be str, not None
2025-03-30 14:27:11 | ERROR | bot | reminders.py:88 | Error sending 2-hour reminder: strptime() argument 1 must be str, not None
2025-03-30 14:27:11 | ERROR | bot | reminders.py:88 | Error sending 2-hour reminder: strptime() argument 1 must be str, not None
2025-03-30 14:27:11 | ERROR | bot | reminders.py:119 | Error sending 15-min reminder: strptime() argument 1 must be str, not None
2025-03-30 14:27:11 | ERROR | bot | reminders.py:119 | Error sending 15-min reminder: strptime() argument 1 must be str, not None
2025-03-30 14:27:11 | ERROR | bot | reminders.py:119 | Error sending 15-min reminder: strptime() argument 1 must be str, not None
2025-03-30 14:27:11 | ERROR | bot | reminders.py:119 | Error sending 15-min reminder: strptime() argument 1 must be str, not None
2025-03-30 14:27:11 | ERROR | bot | reminders.py:119 | Error sending 15-min reminder: strptime() argument 1 must be str, not None
2025-03-30 14:27:11 | ERROR | bot | reminders.py:119 | Error sending 15-min reminder: strptime() argument 1 must be str, not None
2025-03-30 14:27:11 | ERROR | bot | reminders.py:119 | Error sending 15-min reminder: strptime() argument 1 must be str, not None
2025-03-30 14:27:11 | ERROR | bot | reminders.py:119 | Error sending 15-min reminder: strptime() argument 1 must be str, not None
2025-03-30 14:27:11 | ERROR | bot | reminders.py:119 | Error sending 15-min reminder: strptime() argument 1 must be str, not None
2025-03-30 14:27:11 | ERROR | bot | reminders.py:119 | Error sending 15-min reminder: strptime() argument 1 must be str, not None
2025-03-30 14:27:11 | ERROR | bot | reminders.py:119 | Error sending 15-min reminder: strptime() argument 1 must be str, not None
2025-03-30 14:27:11 | ERROR | bot | reminders.py:119 | Error sending 15-min reminder: strptime() argument 1 must be str, not None
2025-03-30 14:27:11 | ERROR | bot | reminders.py:119 | Error sending 15-min reminder: strptime() argument 1 must be str, not None
2025-03-30 14:27:41 | ERROR | bot | reminders.py:57 | Error processing 1-day reminder: strptime() argument 1 must be str, not None
2025-03-30 14:27:41 | ERROR | bot | reminders.py:57 | Error processing 1-day reminder: strptime() argument 1 must be str, not None
2025-03-30 14:27:41 | ERROR | bot | reminders.py:57 | Error processing 1-day reminder: strptime() argument 1 must be str, not None
2025-03-30 14:27:41 | ERROR | bot | reminders.py:57 | Error processing 1-day reminder: strptime() argument 1 must be str, not None
2025-03-30 14:27:41 | ERROR | bot | reminders.py:57 | Error processing 1-day reminder: strptime() argument 1 must be str, not None
2025-03-30 14:27:41 | ERROR | bot | reminders.py:57 | Error processing 1-day reminder: strptime() argument 1 must be str, not None
2025-03-30 14:27:41 | ERROR | bot | reminders.py:57 | Error processing 1-day reminder: strptime() argument 1 must be str, not None
2025-03-30 14:27:41 | ERROR | bot | reminders.py:57 | Error processing 1-day reminder: strptime() argument 1 must be str, not None
2025-03-30 14:27:41 | ERROR | bot | reminders.py:57 | Error processing 1-day reminder: strptime() argument 1 must be str, not None
2025-03-30 14:27:41 | ERROR | bot | reminders.py:57 | Error processing 1-day reminder: strptime() argument 1 must be str, not None
2025-03-30 14:27:41 | ERROR | bot | reminders.py:57 | Error processing 1-day reminder: strptime() argument 1 must be str, not None
2025-03-30 14:27:41 | ERROR | bot | reminders.py:57 | Error processing 1-day reminder: strptime() argument 1 must be str, not None
2025-03-30 14:27:41 | ERROR | bot | reminders.py:57 | Error processing 1-day reminder: strptime() argument 1 must be str, not None
2025-03-30 14:27:41 | ERROR | bot | reminders.py:88 | Error sending 2-hour reminder: strptime() argument 1 must be str, not None
2025-03-30 14:27:41 | ERROR | bot | reminders.py:88 | Error sending 2-hour reminder: strptime() argument 1 must be str, not None
2025-03-30 14:27:41 | ERROR | bot | reminders.py:88 | Error sending 2-hour reminder: strptime() argument 1 must be str, not None
2025-03-30 14:27:41 | ERROR | bot | reminders.py:88 | Error sending 2-hour reminder: strptime() argument 1 must be str, not None
2025-03-30 14:27:41 | ERROR | bot | reminders.py:88 | Error sending 2-hour reminder: strptime() argument 1 must be str, not None
2025-03-30 14:27:41 | ERROR | bot | reminders.py:88 | Error sending 2-hour reminder: strptime() argument 1 must be str, not None
2025-03-30 14:27:41 | ERROR | bot | reminders.py:88 | Error sending 2-hour reminder: strptime() argument 1 must be str, not None
2025-03-30 14:27:41 | ERROR | bot | reminders.py:88 | Error sending 2-hour reminder: strptime() argument 1 must be str, not None
2025-03-30 14:27:41 | ERROR | bot | reminders.py:88 | Error sending 2-hour reminder: strptime() argument 1 must be str, not None
2025-03-30 14:27:41 | ERROR | bot | reminders.py:88 | Error sending 2-hour reminder: strptime() argument 1 must be str, not None
2025-03-30 14:27:41 | ERROR | bot | reminders.py:88 | Error sending 2-hour reminder: strptime() argument 1 must be str, not None
2025-03-30 14:27:41 | ERROR | bot | reminders.py:88 | Error sending 2-hour reminder: strptime() argument 1 must be str, not None
2025-03-30 14:27:41 | ERROR | bot | reminders.py:88 | Error sending 2-hour reminder: strptime() argument 1 must be str, not None
2025-03-30 14:27:41 | ERROR | bot | reminders.py:88 | Error sending 2-hour reminder: strptime() argument 1 must be str, not None
2025-03-30 14:27:41 | ERROR | bot | reminders.py:119 | Error sending 15-min reminder: strptime() argument 1 must be str, not None
2025-03-30 14:27:41 | ERROR | bot | reminders.py:119 | Error sending 15-min reminder: strptime() argument 1 must be str, not None
2025-03-30 14:27:41 | ERROR | bot | reminders.py:119 | Error sending 15-min reminder: strptime() argument 1 must be str, not None
2025-03-30 14:27:41 | ERROR | bot | reminders.py:119 | Error sending 15-min reminder: strptime() argument 1 must be str, not None
2025-03-30 14:27:41 | ERROR | bot | reminders.py:119 | Error sending 15-min reminder: strptime() argument 1 must be str, not None
2025-03-30 14:27:41 | ERROR | bot | reminders.py:119 | Error sending 15-min reminder: strptime() argument 1 must be str, not None
2025-03-30 14:27:41 | ERROR | bot | reminders.py:119 | Error sending 15-min reminder: strptime() argument 1 must be str, not None
2025-03-30 14:27:41 | ERROR | bot | reminders.py:119 | Error sending 15-min reminder: strptime() argument 1 must be str, not None
2025-03-30 14:27:41 | ERROR | bot | reminders.py:119 | Error sending 15-min reminder: strptime() argument 1 must be str, not None
2025-03-30 14:27:41 | ERROR | bot | reminders.py:119 | Error sending 15-min reminder: strptime() argument 1 must be str, not None
2025-03-30 14:27:41 | ERROR | bot | reminders.py:119 | Error sending 15-min reminder: strptime() argument 1 must be str, not None
2025-03-30 14:27:41 | ERROR | bot | reminders.py:119 | Error sending 15-min reminder: strptime() argument 1 must be str, not None
2025-03-30 14:27:41 | ERROR | bot | reminders.py:119 | Error sending 15-min reminder: strptime() argument 1 must be str, not None
2025-03-30 14:28:11 | ERROR | bot | reminders.py:57 | Error processing 1-day reminder: strptime() argument 1 must be str, not None
2025-03-30 14:28:11 | ERROR | bot | reminders.py:57 | Error processing 1-day reminder: strptime() argument 1 must be str, not None
2025-03-30 14:28:11 | ERROR | bot | reminders.py:57 | Error processing 1-day reminder: strptime() argument 1 must be str, not None
2025-03-30 14:28:11 | ERROR | bot | reminders.py:57 | Error processing 1-day reminder: strptime() argument 1 must be str, not None
2025-03-30 14:28:11 | ERROR | bot | reminders.py:57 | Error processing 1-day reminder: strptime() argument 1 must be str, not None
2025-03-30 14:28:11 | ERROR | bot | reminders.py:57 | Error processing 1-day reminder: strptime() argument 1 must be str, not None
2025-03-30 14:28:11 | ERROR | bot | reminders.py:57 | Error processing 1-day reminder: strptime() argument 1 must be str, not None
2025-03-30 14:28:11 | ERROR | bot | reminders.py:57 | Error processing 1-day reminder: strptime() argument 1 must be str, not None
2025-03-30 14:28:11 | ERROR | bot | reminders.py:57 | Error processing 1-day reminder: strptime() argument 1 must be str, not None
2025-03-30 14:28:11 | ERROR | bot | reminders.py:57 | Error processing 1-day reminder: strptime() argument 1 must be str, not None
2025-03-30 14:28:11 | ERROR | bot | reminders.py:57 | Error processing 1-day reminder: strptime() argument 1 must be str, not None
2025-03-30 14:28:11 | ERROR | bot | reminders.py:57 | Error processing 1-day reminder: strptime() argument 1 must be str, not None
2025-03-30 14:28:11 | ERROR | bot | reminders.py:57 | Error processing 1-day reminder: strptime() argument 1 must be str, not None
2025-03-30 14:28:11 | ERROR | bot | reminders.py:88 | Error sending 2-hour reminder: strptime() argument 1 must be str, not None
2025-03-30 14:28:11 | ERROR | bot | reminders.py:88 | Error sending 2-hour reminder: strptime() argument 1 must be str, not None
2025-03-30 14:28:11 | ERROR | bot | reminders.py:88 | Error sending 2-hour reminder: strptime() argument 1 must be str, not None
2025-03-30 14:28:11 | ERROR | bot | reminders.py:88 | Error sending 2-hour reminder: strptime() argument 1 must be str, not None
2025-03-30 14:28:11 | ERROR | bot | reminders.py:88 | Error sending 2-hour reminder: strptime() argument 1 must be str, not None
2025-03-30 14:28:11 | ERROR | bot | reminders.py:88 | Error sending 2-hour reminder: strptime() argument 1 must be str, not None
2025-03-30 14:28:11 | ERROR | bot | reminders.py:88 | Error sending 2-hour reminder: strptime() argument 1 must be str, not None
2025-03-30 14:28:11 | ERROR | bot | reminders.py:88 | Error sending 2-hour reminder: strptime() argument 1 must be str, not None
2025-03-30 14:28:11 | ERROR | bot | reminders.py:88 | Error sending 2-hour reminder: strptime() argument 1 must be str, not None
2025-03-30 14:28:11 | ERROR | bot | reminders.py:88 | Error sending 2-hour reminder: strptime() argument 1 must be str, not None
2025-03-30 14:28:11 | ERROR | bot | reminders.py:88 | Error sending 2-hour reminder: strptime() argument 1 must be str, not None
2025-03-30 14:28:11 | ERROR | bot | reminders.py:88 | Error sending 2-hour reminder: strptime() argument 1 must be str, not None
2025-03-30 14:28:11 | ERROR | bot | reminders.py:88 | Error sending 2-hour reminder: strptime() argument 1 must be str, not None
2025-03-30 14:28:11 | ERROR | bot | reminders.py:88 | Error sending 2-hour reminder: strptime() argument 1 must be str, not None
2025-03-30 14:28:11 | ERROR | bot | reminders.py:119 | Error sending 15-min reminder: strptime() argument 1 must be str, not None
2025-03-30 14:28:11 | ERROR | bot | reminders.py:119 | Error sending 15-min reminder: strptime() argument 1 must be str, not None
2025-03-30 14:28:11 | ERROR | bot | reminders.py:119 | Error sending 15-min reminder: strptime() argument 1 must be str, not None
2025-03-30 14:28:11 | ERROR | bot | reminders.py:119 | Error sending 15-min reminder: strptime() argument 1 must be str, not None
2025-03-30 14:28:11 | ERROR | bot | reminders.py:119 | Error sending 15-min reminder: strptime() argument 1 must be str, not None
2025-03-30 14:28:11 | ERROR | bot | reminders.py:119 | Error sending 15-min reminder: strptime() argument 1 must be str, not None
2025-03-30 14:28:11 | ERROR | bot | reminders.py:119 | Error sending 15-min reminder: strptime() argument 1 must be str, not None
2025-03-30 14:28:11 | ERROR | bot | reminders.py:119 | Error sending 15-min reminder: strptime() argument 1 must be str, not None
2025-03-30 14:28:11 | ERROR | bot | reminders.py:119 | Error sending 15-min reminder: strptime() argument 1 must be str, not None
2025-03-30 14:28:11 | ERROR | bot | reminders.py:119 | Error sending 15-min reminder: strptime() argument 1 must be str, not None
2025-03-30 14:28:11 | ERROR | bot | reminders.py:119 | Error sending 15-min reminder: strptime() argument 1 must be str, not None
2025-03-30 14:28:11 | ERROR | bot | reminders.py:119 | Error sending 15-min reminder: strptime() argument 1 must be str, not None
2025-03-30 14:28:11 | ERROR | bot | reminders.py:119 | Error sending 15-min reminder: strptime() argument 1 must be str, not None
2025-03-30 14:28:41 | ERROR | bot | reminders.py:57 | Error processing 1-day reminder: strptime() argument 1 must be str, not None
2025-03-30 14:28:41 | ERROR | bot | reminders.py:57 | Error processing 1-day reminder: strptime() argument 1 must be str, not None
2025-03-30 14:28:41 | ERROR | bot | reminders.py:57 | Error processing 1-day reminder: strptime() argument 1 must be str, not None
2025-03-30 14:28:41 | ERROR | bot | reminders.py:57 | Error processing 1-day reminder: strptime() argument 1 must be str, not None
2025-03-30 14:28:41 | ERROR | bot | reminders.py:57 | Error processing 1-day reminder: strptime() argument 1 must be str, not None
2025-03-30 14:28:41 | ERROR | bot | reminders.py:57 | Error processing 1-day reminder: strptime() argument 1 must be str, not None
2025-03-30 14:28:41 | ERROR | bot | reminders.py:57 | Error processing 1-day reminder: strptime() argument 1 must be str, not None
2025-03-30 14:28:41 | ERROR | bot | reminders.py:57 | Error processing 1-day reminder: strptime() argument 1 must be str, not None
2025-03-30 14:28:41 | ERROR | bot | reminders.py:57 | Error processing 1-day reminder: strptime() argument 1 must be str, not None
2025-03-30 14:28:41 | ERROR | bot | reminders.py:57 | Error processing 1-day reminder: strptime() argument 1 must be str, not None
2025-03-30 14:28:41 | ERROR | bot | reminders.py:57 | Error processing 1-day reminder: strptime() argument 1 must be str, not None
2025-03-30 14:28:41 | ERROR | bot | reminders.py:57 | Error processing 1-day reminder: strptime() argument 1 must be str, not None
2025-03-30 14:28:41 | ERROR | bot | reminders.py:57 | Error processing 1-day reminder: strptime() argument 1 must be str, not None
2025-03-30 14:28:41 | ERROR | bot | reminders.py:88 | Error sending 2-hour reminder: strptime() argument 1 must be str, not None
2025-03-30 14:28:41 | ERROR | bot | reminders.py:88 | Error sending 2-hour reminder: strptime() argument 1 must be str, not None
2025-03-30 14:28:41 | ERROR | bot | reminders.py:88 | Error sending 2-hour reminder: strptime() argument 1 must be str, not None
2025-03-30 14:28:41 | ERROR | bot | reminders.py:88 | Error sending 2-hour reminder: strptime() argument 1 must be str, not None
2025-03-30 14:28:41 | ERROR | bot | reminders.py:88 | Error sending 2-hour reminder: strptime() argument 1 must be str, not None
2025-03-30 14:28:41 | ERROR | bot | reminders.py:88 | Error sending 2-hour reminder: strptime() argument 1 must be str, not None
2025-03-30 14:28:41 | ERROR | bot | reminders.py:88 | Error sending 2-hour reminder: strptime() argument 1 must be str, not None
2025-03-30 14:28:41 | ERROR | bot | reminders.py:88 | Error sending 2-hour reminder: strptime() argument 1 must be str, not None
2025-03-30 14:28:41 | ERROR | bot | reminders.py:88 | Error sending 2-hour reminder: strptime() argument 1 must be str, not None
2025-03-30 14:28:41 | ERROR | bot | reminders.py:88 | Error sending 2-hour reminder: strptime() argument 1 must be str, not None
2025-03-30 14:28:41 | ERROR | bot | reminders.py:88 | Error sending 2-hour reminder: strptime() argument 1 must be str, not None
2025-03-30 14:28:41 | ERROR | bot | reminders.py:88 | Error sending 2-hour reminder: strptime() argument 1 must be str, not None
2025-03-30 14:28:41 | ERROR | bot | reminders.py:88 | Error sending 2-hour reminder: strptime() argument 1 must be str, not None
2025-03-30 14:28:41 | ERROR | bot | reminders.py:88 | Error sending 2-hour reminder: strptime() argument 1 must be str, not None
2025-03-30 14:28:41 | ERROR | bot | reminders.py:119 | Error sending 15-min reminder: strptime() argument 1 must be str, not None
2025-03-30 14:28:41 | ERROR | bot | reminders.py:119 | Error sending 15-min reminder: strptime() argument 1 must be str, not None
2025-03-30 14:28:41 | ERROR | bot | reminders.py:119 | Error sending 15-min reminder: strptime() argument 1 must be str, not None
2025-03-30 14:28:41 | ERROR | bot | reminders.py:119 | Error sending 15-min reminder: strptime() argument 1 must be str, not None
2025-03-30 14:28:41 | ERROR | bot | reminders.py:119 | Error sending 15-min reminder: strptime() argument 1 must be str, not None
2025-03-30 14:28:41 | ERROR | bot | reminders.py:119 | Error sending 15-min reminder: strptime() argument 1 must be str, not None
2025-03-30 14:28:41 | ERROR | bot | reminders.py:119 | Error sending 15-min reminder: strptime() argument 1 must be str, not None
2025-03-30 14:28:41 | ERROR | bot | reminders.py:119 | Error sending 15-min reminder: strptime() argument 1 must be str, not None
2025-03-30 14:28:41 | ERROR | bot | reminders.py:119 | Error sending 15-min reminder: strptime() argument 1 must be str, not None
2025-03-30 14:28:41 | ERROR | bot | reminders.py:119 | Error sending 15-min reminder: strptime() argument 1 must be str, not None
2025-03-30 14:28:41 | ERROR | bot | reminders.py:119 | Error sending 15-min reminder: strptime() argument 1 must be str, not None
2025-03-30 14:28:41 | ERROR | bot | reminders.py:119 | Error sending 15-min reminder: strptime() argument 1 must be str, not None
2025-03-30 14:28:41 | ERROR | bot | reminders.py:119 | Error sending 15-min reminder: strptime() argument 1 must be str, not None
2025-03-30 14:29:11 | ERROR | bot | reminders.py:57 | Error processing 1-day reminder: strptime() argument 1 must be str, not None
2025-03-30 14:29:11 | ERROR | bot | reminders.py:57 | Error processing 1-day reminder: strptime() argument 1 must be str, not None
2025-03-30 14:29:11 | ERROR | bot | reminders.py:57 | Error processing 1-day reminder: strptime() argument 1 must be str, not None
2025-03-30 14:29:11 | ERROR | bot | reminders.py:57 | Error processing 1-day reminder: strptime() argument 1 must be str, not None
2025-03-30 14:29:11 | ERROR | bot | reminders.py:57 | Error processing 1-day reminder: strptime() argument 1 must be str, not None
2025-03-30 14:29:11 | ERROR | bot | reminders.py:57 | Error processing 1-day reminder: strptime() argument 1 must be str, not None
2025-03-30 14:29:11 | ERROR | bot | reminders.py:57 | Error processing 1-day reminder: strptime() argument 1 must be str, not None
2025-03-30 14:29:11 | ERROR | bot | reminders.py:57 | Error processing 1-day reminder: strptime() argument 1 must be str, not None
2025-03-30 14:29:11 | ERROR | bot | reminders.py:57 | Error processing 1-day reminder: strptime() argument 1 must be str, not None
2025-03-30 14:29:11 | ERROR | bot | reminders.py:57 | Error processing 1-day reminder: strptime() argument 1 must be str, not None
2025-03-30 14:29:11 | ERROR | bot | reminders.py:57 | Error processing 1-day reminder: strptime() argument 1 must be str, not None
2025-03-30 14:29:11 | ERROR | bot | reminders.py:57 | Error processing 1-day reminder: strptime() argument 1 must be str, not None
2025-03-30 14:29:11 | ERROR | bot | reminders.py:57 | Error processing 1-day reminder: strptime() argument 1 must be str, not None
2025-03-30 14:29:11 | ERROR | bot | reminders.py:88 | Error sending 2-hour reminder: strptime() argument 1 must be str, not None
2025-03-30 14:29:11 | ERROR | bot | reminders.py:88 | Error sending 2-hour reminder: strptime() argument 1 must be str, not None
2025-03-30 14:29:11 | ERROR | bot | reminders.py:88 | Error sending 2-hour reminder: strptime() argument 1 must be str, not None
2025-03-30 14:29:11 | ERROR | bot | reminders.py:88 | Error sending 2-hour reminder: strptime() argument 1 must be str, not None
2025-03-30 14:29:11 | ERROR | bot | reminders.py:88 | Error sending 2-hour reminder: strptime() argument 1 must be str, not None
2025-03-30 14:29:11 | ERROR | bot | reminders.py:88 | Error sending 2-hour reminder: strptime() argument 1 must be str, not None
2025-03-30 14:29:11 | ERROR | bot | reminders.py:88 | Error sending 2-hour reminder: strptime() argument 1 must be str, not None
2025-03-30 14:29:11 | ERROR | bot | reminders.py:88 | Error sending 2-hour reminder: strptime() argument 1 must be str, not None
2025-03-30 14:29:11 | ERROR | bot | reminders.py:88 | Error sending 2-hour reminder: strptime() argument 1 must be str, not None
2025-03-30 14:29:11 | ERROR | bot | reminders.py:88 | Error sending 2-hour reminder: strptime() argument 1 must be str, not None
2025-03-30 14:29:11 | ERROR | bot | reminders.py:88 | Error sending 2-hour reminder: strptime() argument 1 must be str, not None
2025-03-30 14:29:11 | ERROR | bot | reminders.py:88 | Error sending 2-hour reminder: strptime() argument 1 must be str, not None
2025-03-30 14:29:11 | ERROR | bot | reminders.py:88 | Error sending 2-hour reminder: strptime() argument 1 must be str, not None
2025-03-30 14:29:11 | ERROR | bot | reminders.py:88 | Error sending 2-hour reminder: strptime() argument 1 must be str, not None
2025-03-30 14:29:11 | ERROR | bot | reminders.py:119 | Error sending 15-min reminder: strptime() argument 1 must be str, not None
2025-03-30 14:29:11 | ERROR | bot | reminders.py:119 | Error sending 15-min reminder: strptime() argument 1 must be str, not None
2025-03-30 14:29:11 | ERROR | bot | reminders.py:119 | Error sending 15-min reminder: strptime() argument 1 must be str, not None
2025-03-30 14:29:11 | ERROR | bot | reminders.py:119 | Error sending 15-min reminder: strptime() argument 1 must be str, not None
2025-03-30 14:29:11 | ERROR | bot | reminders.py:119 | Error sending 15-min reminder: strptime() argument 1 must be str, not None
2025-03-30 14:29:11 | ERROR | bot | reminders.py:119 | Error sending 15-min reminder: strptime() argument 1 must be str, not None
2025-03-30 14:29:11 | ERROR | bot | reminders.py:119 | Error sending 15-min reminder: strptime() argument 1 must be str, not None
2025-03-30 14:29:11 | ERROR | bot | reminders.py:119 | Error sending 15-min reminder: strptime() argument 1 must be str, not None
2025-03-30 14:29:11 | ERROR | bot | reminders.py:119 | Error sending 15-min reminder: strptime() argument 1 must be str, not None
2025-03-30 14:29:11 | ERROR | bot | reminders.py:119 | Error sending 15-min reminder: strptime() argument 1 must be str, not None
2025-03-30 14:29:11 | ERROR | bot | reminders.py:119 | Error sending 15-min reminder: strptime() argument 1 must be str, not None
2025-03-30 14:29:11 | ERROR | bot | reminders.py:119 | Error sending 15-min reminder: strptime() argument 1 must be str, not None
2025-03-30 14:29:11 | ERROR | bot | reminders.py:119 | Error sending 15-min reminder: strptime() argument 1 must be str, not None
2025-03-30 14:29:35 | ERROR | aiogram.dispatcher | dispatcher.py:219 | Failed to fetch updates - TelegramNetworkError: HTTP Client says - ServerDisconnectedError: Server disconnected
2025-03-30 14:29:35 | WARNING | aiogram.dispatcher | dispatcher.py:221 | Sleep for 1.000000 seconds and try again... (tryings = 0, bot id = 7697100885)
2025-03-30 14:30:20 | ERROR | aiogram.event | dispatcher.py:315 | Cause exception while process update id=460563950 by bot id=7697100885
ValidationError: 1 validation error for SendMessage
text
  Input should be a valid string [type=string_type, input_value=('📌 *Задачи на...game=None, pay=None)]])), input_type=tuple]
    For further information visit https://errors.pydantic.dev/2.10/v/string_type
Traceback (most recent call last):
  File "C:\Users\kreon\Dropbox\python_advanced_final\.venv\Lib\site-packages\aiogram\dispatcher\dispatcher.py", line 309, in _process_update
    response = await self.feed_update(bot, update, **kwargs)
               ^^^^^^^^^^^^^^^^^^^^^^^^^^^^^^^^^^^^^^^^^^^^^
  File "C:\Users\kreon\Dropbox\python_advanced_final\.venv\Lib\site-packages\aiogram\dispatcher\dispatcher.py", line 158, in feed_update
    response = await self.update.wrap_outer_middleware(
               ^^^^^^^^^^^^^^^^^^^^^^^^^^^^^^^^^^^^^^^^
  File "C:\Users\kreon\Dropbox\python_advanced_final\.venv\Lib\site-packages\aiogram\dispatcher\middlewares\error.py", line 25, in __call__
    return await handler(event, data)
           ^^^^^^^^^^^^^^^^^^^^^^^^^^
  File "C:\Users\kreon\Dropbox\python_advanced_final\.venv\Lib\site-packages\aiogram\dispatcher\middlewares\user_context.py", line 56, in __call__
    return await handler(event, data)
           ^^^^^^^^^^^^^^^^^^^^^^^^^^
  File "C:\Users\kreon\Dropbox\python_advanced_final\.venv\Lib\site-packages\aiogram\fsm\middleware.py", line 42, in __call__
    return await handler(event, data)
           ^^^^^^^^^^^^^^^^^^^^^^^^^^
  File "C:\Users\kreon\Dropbox\python_advanced_final\.venv\Lib\site-packages\aiogram\dispatcher\event\telegram.py", line 121, in trigger
    return await wrapped_inner(event, kwargs)
           ^^^^^^^^^^^^^^^^^^^^^^^^^^^^^^^^^^
  File "C:\Users\kreon\Dropbox\python_advanced_final\.venv\Lib\site-packages\aiogram\dispatcher\event\handler.py", line 43, in call
    return await wrapped()
           ^^^^^^^^^^^^^^^
  File "C:\Users\kreon\Dropbox\python_advanced_final\.venv\Lib\site-packages\aiogram\dispatcher\dispatcher.py", line 276, in _listen_update
    return await self.propagate_event(update_type=update_type, event=event, **kwargs)
           ^^^^^^^^^^^^^^^^^^^^^^^^^^^^^^^^^^^^^^^^^^^^^^^^^^^^^^^^^^^^^^^^^^^^^^^^^^
  File "C:\Users\kreon\Dropbox\python_advanced_final\.venv\Lib\site-packages\aiogram\dispatcher\router.py", line 146, in propagate_event
    return await observer.wrap_outer_middleware(_wrapped, event=event, data=kwargs)
           ^^^^^^^^^^^^^^^^^^^^^^^^^^^^^^^^^^^^^^^^^^^^^^^^^^^^^^^^^^^^^^^^^^^^^^^^
  File "C:\Users\kreon\Dropbox\python_advanced_final\.venv\Lib\site-packages\aiogram\dispatcher\router.py", line 141, in _wrapped
    return await self._propagate_event(
           ^^^^^^^^^^^^^^^^^^^^^^^^^^^^
  File "C:\Users\kreon\Dropbox\python_advanced_final\.venv\Lib\site-packages\aiogram\dispatcher\router.py", line 166, in _propagate_event
    response = await observer.trigger(event, **kwargs)
               ^^^^^^^^^^^^^^^^^^^^^^^^^^^^^^^^^^^^^^^
  File "C:\Users\kreon\Dropbox\python_advanced_final\.venv\Lib\site-packages\aiogram\dispatcher\event\telegram.py", line 121, in trigger
    return await wrapped_inner(event, kwargs)
           ^^^^^^^^^^^^^^^^^^^^^^^^^^^^^^^^^^
  File "C:\Users\kreon\Dropbox\python_advanced_final\.venv\Lib\site-packages\aiogram\dispatcher\event\handler.py", line 43, in call
    return await wrapped()
           ^^^^^^^^^^^^^^^
  File "C:\Users\kreon\Dropbox\python_advanced_final\bot\handlers\commands.py", line 197, in handle_back_button
    await show_calendar_and_tasks(callback, user_id, year, month, day)
  File "C:\Users\kreon\Dropbox\python_advanced_final\bot\handlers\commands.py", line 42, in show_calendar_and_tasks
    tasks_msg = await (message.answer if isinstance(message, types.Message) else message.message.answer)(
                      ^^^^^^^^^^^^^^^^^^^^^^^^^^^^^^^^^^^^^^^^^^^^^^^^^^^^^^^^^^^^^^^^^^^^^^^^^^^^^^^^^^^
  File "C:\Users\kreon\Dropbox\python_advanced_final\.venv\Lib\site-packages\aiogram\types\message.py", line 2051, in answer
    return SendMessage(
           ^^^^^^^^^^^^
  File "C:\Users\kreon\Dropbox\python_advanced_final\.venv\Lib\site-packages\pydantic\main.py", line 214, in __init__
    validated_self = self.__pydantic_validator__.validate_python(data, self_instance=self)
                     ^^^^^^^^^^^^^^^^^^^^^^^^^^^^^^^^^^^^^^^^^^^^^^^^^^^^^^^^^^^^^^^^^^^^^
pydantic_core._pydantic_core.ValidationError: 1 validation error for SendMessage
text
  Input should be a valid string [type=string_type, input_value=('📌 *Задачи на...game=None, pay=None)]])), input_type=tuple]
    For further information visit https://errors.pydantic.dev/2.10/v/string_type
2025-03-30 14:30:26 | WARNING | bot | commands.py:22 | Failed to delete old calendar message: Telegram server says - Bad Request: message to delete not found
2025-03-30 14:30:26 | ERROR | aiogram.event | dispatcher.py:315 | Cause exception while process update id=460563952 by bot id=7697100885
ValidationError: 1 validation error for SendMessage
text
  Input should be a valid string [type=string_type, input_value=('📌 *Задачи на...game=None, pay=None)]])), input_type=tuple]
    For further information visit https://errors.pydantic.dev/2.10/v/string_type
Traceback (most recent call last):
  File "C:\Users\kreon\Dropbox\python_advanced_final\.venv\Lib\site-packages\aiogram\dispatcher\dispatcher.py", line 309, in _process_update
    response = await self.feed_update(bot, update, **kwargs)
               ^^^^^^^^^^^^^^^^^^^^^^^^^^^^^^^^^^^^^^^^^^^^^
  File "C:\Users\kreon\Dropbox\python_advanced_final\.venv\Lib\site-packages\aiogram\dispatcher\dispatcher.py", line 158, in feed_update
    response = await self.update.wrap_outer_middleware(
               ^^^^^^^^^^^^^^^^^^^^^^^^^^^^^^^^^^^^^^^^
  File "C:\Users\kreon\Dropbox\python_advanced_final\.venv\Lib\site-packages\aiogram\dispatcher\middlewares\error.py", line 25, in __call__
    return await handler(event, data)
           ^^^^^^^^^^^^^^^^^^^^^^^^^^
  File "C:\Users\kreon\Dropbox\python_advanced_final\.venv\Lib\site-packages\aiogram\dispatcher\middlewares\user_context.py", line 56, in __call__
    return await handler(event, data)
           ^^^^^^^^^^^^^^^^^^^^^^^^^^
  File "C:\Users\kreon\Dropbox\python_advanced_final\.venv\Lib\site-packages\aiogram\fsm\middleware.py", line 42, in __call__
    return await handler(event, data)
           ^^^^^^^^^^^^^^^^^^^^^^^^^^
  File "C:\Users\kreon\Dropbox\python_advanced_final\.venv\Lib\site-packages\aiogram\dispatcher\event\telegram.py", line 121, in trigger
    return await wrapped_inner(event, kwargs)
           ^^^^^^^^^^^^^^^^^^^^^^^^^^^^^^^^^^
  File "C:\Users\kreon\Dropbox\python_advanced_final\.venv\Lib\site-packages\aiogram\dispatcher\event\handler.py", line 43, in call
    return await wrapped()
           ^^^^^^^^^^^^^^^
  File "C:\Users\kreon\Dropbox\python_advanced_final\.venv\Lib\site-packages\aiogram\dispatcher\dispatcher.py", line 276, in _listen_update
    return await self.propagate_event(update_type=update_type, event=event, **kwargs)
           ^^^^^^^^^^^^^^^^^^^^^^^^^^^^^^^^^^^^^^^^^^^^^^^^^^^^^^^^^^^^^^^^^^^^^^^^^^
  File "C:\Users\kreon\Dropbox\python_advanced_final\.venv\Lib\site-packages\aiogram\dispatcher\router.py", line 146, in propagate_event
    return await observer.wrap_outer_middleware(_wrapped, event=event, data=kwargs)
           ^^^^^^^^^^^^^^^^^^^^^^^^^^^^^^^^^^^^^^^^^^^^^^^^^^^^^^^^^^^^^^^^^^^^^^^^
  File "C:\Users\kreon\Dropbox\python_advanced_final\.venv\Lib\site-packages\aiogram\dispatcher\router.py", line 141, in _wrapped
    return await self._propagate_event(
           ^^^^^^^^^^^^^^^^^^^^^^^^^^^^
  File "C:\Users\kreon\Dropbox\python_advanced_final\.venv\Lib\site-packages\aiogram\dispatcher\router.py", line 166, in _propagate_event
    response = await observer.trigger(event, **kwargs)
               ^^^^^^^^^^^^^^^^^^^^^^^^^^^^^^^^^^^^^^^
  File "C:\Users\kreon\Dropbox\python_advanced_final\.venv\Lib\site-packages\aiogram\dispatcher\event\telegram.py", line 121, in trigger
    return await wrapped_inner(event, kwargs)
           ^^^^^^^^^^^^^^^^^^^^^^^^^^^^^^^^^^
  File "C:\Users\kreon\Dropbox\python_advanced_final\.venv\Lib\site-packages\aiogram\dispatcher\event\handler.py", line 43, in call
    return await wrapped()
           ^^^^^^^^^^^^^^^
  File "C:\Users\kreon\Dropbox\python_advanced_final\bot\handlers\commands.py", line 197, in handle_back_button
    await show_calendar_and_tasks(callback, user_id, year, month, day)
  File "C:\Users\kreon\Dropbox\python_advanced_final\bot\handlers\commands.py", line 42, in show_calendar_and_tasks
    tasks_msg = await (message.answer if isinstance(message, types.Message) else message.message.answer)(
                      ^^^^^^^^^^^^^^^^^^^^^^^^^^^^^^^^^^^^^^^^^^^^^^^^^^^^^^^^^^^^^^^^^^^^^^^^^^^^^^^^^^^
  File "C:\Users\kreon\Dropbox\python_advanced_final\.venv\Lib\site-packages\aiogram\types\message.py", line 2051, in answer
    return SendMessage(
           ^^^^^^^^^^^^
  File "C:\Users\kreon\Dropbox\python_advanced_final\.venv\Lib\site-packages\pydantic\main.py", line 214, in __init__
    validated_self = self.__pydantic_validator__.validate_python(data, self_instance=self)
                     ^^^^^^^^^^^^^^^^^^^^^^^^^^^^^^^^^^^^^^^^^^^^^^^^^^^^^^^^^^^^^^^^^^^^^
pydantic_core._pydantic_core.ValidationError: 1 validation error for SendMessage
text
  Input should be a valid string [type=string_type, input_value=('📌 *Задачи на...game=None, pay=None)]])), input_type=tuple]
    For further information visit https://errors.pydantic.dev/2.10/v/string_type
2025-03-30 14:31:58 | WARNING | bot | commands.py:22 | Failed to delete old calendar message: Telegram server says - Bad Request: message to delete not found
2025-03-30 14:31:58 | ERROR | aiogram.event | dispatcher.py:315 | Cause exception while process update id=460563954 by bot id=7697100885
ValidationError: 1 validation error for SendMessage
text
  Input should be a valid string [type=string_type, input_value=('📌 *Задачи на...game=None, pay=None)]])), input_type=tuple]
    For further information visit https://errors.pydantic.dev/2.10/v/string_type
Traceback (most recent call last):
  File "C:\Users\kreon\Dropbox\python_advanced_final\.venv\Lib\site-packages\aiogram\dispatcher\dispatcher.py", line 309, in _process_update
    response = await self.feed_update(bot, update, **kwargs)
               ^^^^^^^^^^^^^^^^^^^^^^^^^^^^^^^^^^^^^^^^^^^^^
  File "C:\Users\kreon\Dropbox\python_advanced_final\.venv\Lib\site-packages\aiogram\dispatcher\dispatcher.py", line 158, in feed_update
    response = await self.update.wrap_outer_middleware(
               ^^^^^^^^^^^^^^^^^^^^^^^^^^^^^^^^^^^^^^^^
  File "C:\Users\kreon\Dropbox\python_advanced_final\.venv\Lib\site-packages\aiogram\dispatcher\middlewares\error.py", line 25, in __call__
    return await handler(event, data)
           ^^^^^^^^^^^^^^^^^^^^^^^^^^
  File "C:\Users\kreon\Dropbox\python_advanced_final\.venv\Lib\site-packages\aiogram\dispatcher\middlewares\user_context.py", line 56, in __call__
    return await handler(event, data)
           ^^^^^^^^^^^^^^^^^^^^^^^^^^
  File "C:\Users\kreon\Dropbox\python_advanced_final\.venv\Lib\site-packages\aiogram\fsm\middleware.py", line 42, in __call__
    return await handler(event, data)
           ^^^^^^^^^^^^^^^^^^^^^^^^^^
  File "C:\Users\kreon\Dropbox\python_advanced_final\.venv\Lib\site-packages\aiogram\dispatcher\event\telegram.py", line 121, in trigger
    return await wrapped_inner(event, kwargs)
           ^^^^^^^^^^^^^^^^^^^^^^^^^^^^^^^^^^
  File "C:\Users\kreon\Dropbox\python_advanced_final\.venv\Lib\site-packages\aiogram\dispatcher\event\handler.py", line 43, in call
    return await wrapped()
           ^^^^^^^^^^^^^^^
  File "C:\Users\kreon\Dropbox\python_advanced_final\.venv\Lib\site-packages\aiogram\dispatcher\dispatcher.py", line 276, in _listen_update
    return await self.propagate_event(update_type=update_type, event=event, **kwargs)
           ^^^^^^^^^^^^^^^^^^^^^^^^^^^^^^^^^^^^^^^^^^^^^^^^^^^^^^^^^^^^^^^^^^^^^^^^^^
  File "C:\Users\kreon\Dropbox\python_advanced_final\.venv\Lib\site-packages\aiogram\dispatcher\router.py", line 146, in propagate_event
    return await observer.wrap_outer_middleware(_wrapped, event=event, data=kwargs)
           ^^^^^^^^^^^^^^^^^^^^^^^^^^^^^^^^^^^^^^^^^^^^^^^^^^^^^^^^^^^^^^^^^^^^^^^^
  File "C:\Users\kreon\Dropbox\python_advanced_final\.venv\Lib\site-packages\aiogram\dispatcher\router.py", line 141, in _wrapped
    return await self._propagate_event(
           ^^^^^^^^^^^^^^^^^^^^^^^^^^^^
  File "C:\Users\kreon\Dropbox\python_advanced_final\.venv\Lib\site-packages\aiogram\dispatcher\router.py", line 166, in _propagate_event
    response = await observer.trigger(event, **kwargs)
               ^^^^^^^^^^^^^^^^^^^^^^^^^^^^^^^^^^^^^^^
  File "C:\Users\kreon\Dropbox\python_advanced_final\.venv\Lib\site-packages\aiogram\dispatcher\event\telegram.py", line 121, in trigger
    return await wrapped_inner(event, kwargs)
           ^^^^^^^^^^^^^^^^^^^^^^^^^^^^^^^^^^
  File "C:\Users\kreon\Dropbox\python_advanced_final\.venv\Lib\site-packages\aiogram\dispatcher\event\handler.py", line 43, in call
    return await wrapped()
           ^^^^^^^^^^^^^^^
  File "C:\Users\kreon\Dropbox\python_advanced_final\bot\handlers\commands.py", line 197, in handle_back_button
    await show_calendar_and_tasks(callback, user_id, year, month, day)
  File "C:\Users\kreon\Dropbox\python_advanced_final\bot\handlers\commands.py", line 42, in show_calendar_and_tasks
    tasks_msg = await (message.answer if isinstance(message, types.Message) else message.message.answer)(
                      ^^^^^^^^^^^^^^^^^^^^^^^^^^^^^^^^^^^^^^^^^^^^^^^^^^^^^^^^^^^^^^^^^^^^^^^^^^^^^^^^^^^
  File "C:\Users\kreon\Dropbox\python_advanced_final\.venv\Lib\site-packages\aiogram\types\message.py", line 2051, in answer
    return SendMessage(
           ^^^^^^^^^^^^
  File "C:\Users\kreon\Dropbox\python_advanced_final\.venv\Lib\site-packages\pydantic\main.py", line 214, in __init__
    validated_self = self.__pydantic_validator__.validate_python(data, self_instance=self)
                     ^^^^^^^^^^^^^^^^^^^^^^^^^^^^^^^^^^^^^^^^^^^^^^^^^^^^^^^^^^^^^^^^^^^^^
pydantic_core._pydantic_core.ValidationError: 1 validation error for SendMessage
text
  Input should be a valid string [type=string_type, input_value=('📌 *Задачи на...game=None, pay=None)]])), input_type=tuple]
    For further information visit https://errors.pydantic.dev/2.10/v/string_type
2025-03-30 14:32:37 | WARNING | bot | commands.py:22 | Failed to delete old calendar message: Telegram server says - Bad Request: message to delete not found
2025-03-30 14:32:37 | ERROR | aiogram.event | dispatcher.py:315 | Cause exception while process update id=460563956 by bot id=7697100885
ValidationError: 1 validation error for SendMessage
text
  Input should be a valid string [type=string_type, input_value=('📌 *Задачи на...game=None, pay=None)]])), input_type=tuple]
    For further information visit https://errors.pydantic.dev/2.10/v/string_type
Traceback (most recent call last):
  File "C:\Users\kreon\Dropbox\python_advanced_final\.venv\Lib\site-packages\aiogram\dispatcher\dispatcher.py", line 309, in _process_update
    response = await self.feed_update(bot, update, **kwargs)
               ^^^^^^^^^^^^^^^^^^^^^^^^^^^^^^^^^^^^^^^^^^^^^
  File "C:\Users\kreon\Dropbox\python_advanced_final\.venv\Lib\site-packages\aiogram\dispatcher\dispatcher.py", line 158, in feed_update
    response = await self.update.wrap_outer_middleware(
               ^^^^^^^^^^^^^^^^^^^^^^^^^^^^^^^^^^^^^^^^
  File "C:\Users\kreon\Dropbox\python_advanced_final\.venv\Lib\site-packages\aiogram\dispatcher\middlewares\error.py", line 25, in __call__
    return await handler(event, data)
           ^^^^^^^^^^^^^^^^^^^^^^^^^^
  File "C:\Users\kreon\Dropbox\python_advanced_final\.venv\Lib\site-packages\aiogram\dispatcher\middlewares\user_context.py", line 56, in __call__
    return await handler(event, data)
           ^^^^^^^^^^^^^^^^^^^^^^^^^^
  File "C:\Users\kreon\Dropbox\python_advanced_final\.venv\Lib\site-packages\aiogram\fsm\middleware.py", line 42, in __call__
    return await handler(event, data)
           ^^^^^^^^^^^^^^^^^^^^^^^^^^
  File "C:\Users\kreon\Dropbox\python_advanced_final\.venv\Lib\site-packages\aiogram\dispatcher\event\telegram.py", line 121, in trigger
    return await wrapped_inner(event, kwargs)
           ^^^^^^^^^^^^^^^^^^^^^^^^^^^^^^^^^^
  File "C:\Users\kreon\Dropbox\python_advanced_final\.venv\Lib\site-packages\aiogram\dispatcher\event\handler.py", line 43, in call
    return await wrapped()
           ^^^^^^^^^^^^^^^
  File "C:\Users\kreon\Dropbox\python_advanced_final\.venv\Lib\site-packages\aiogram\dispatcher\dispatcher.py", line 276, in _listen_update
    return await self.propagate_event(update_type=update_type, event=event, **kwargs)
           ^^^^^^^^^^^^^^^^^^^^^^^^^^^^^^^^^^^^^^^^^^^^^^^^^^^^^^^^^^^^^^^^^^^^^^^^^^
  File "C:\Users\kreon\Dropbox\python_advanced_final\.venv\Lib\site-packages\aiogram\dispatcher\router.py", line 146, in propagate_event
    return await observer.wrap_outer_middleware(_wrapped, event=event, data=kwargs)
           ^^^^^^^^^^^^^^^^^^^^^^^^^^^^^^^^^^^^^^^^^^^^^^^^^^^^^^^^^^^^^^^^^^^^^^^^
  File "C:\Users\kreon\Dropbox\python_advanced_final\.venv\Lib\site-packages\aiogram\dispatcher\router.py", line 141, in _wrapped
    return await self._propagate_event(
           ^^^^^^^^^^^^^^^^^^^^^^^^^^^^
  File "C:\Users\kreon\Dropbox\python_advanced_final\.venv\Lib\site-packages\aiogram\dispatcher\router.py", line 166, in _propagate_event
    response = await observer.trigger(event, **kwargs)
               ^^^^^^^^^^^^^^^^^^^^^^^^^^^^^^^^^^^^^^^
  File "C:\Users\kreon\Dropbox\python_advanced_final\.venv\Lib\site-packages\aiogram\dispatcher\event\telegram.py", line 121, in trigger
    return await wrapped_inner(event, kwargs)
           ^^^^^^^^^^^^^^^^^^^^^^^^^^^^^^^^^^
  File "C:\Users\kreon\Dropbox\python_advanced_final\.venv\Lib\site-packages\aiogram\dispatcher\event\handler.py", line 43, in call
    return await wrapped()
           ^^^^^^^^^^^^^^^
  File "C:\Users\kreon\Dropbox\python_advanced_final\bot\handlers\commands.py", line 197, in handle_back_button
    await show_calendar_and_tasks(callback, user_id, year, month, day)
  File "C:\Users\kreon\Dropbox\python_advanced_final\bot\handlers\commands.py", line 42, in show_calendar_and_tasks
    tasks_msg = await (message.answer if isinstance(message, types.Message) else message.message.answer)(
                      ^^^^^^^^^^^^^^^^^^^^^^^^^^^^^^^^^^^^^^^^^^^^^^^^^^^^^^^^^^^^^^^^^^^^^^^^^^^^^^^^^^^
  File "C:\Users\kreon\Dropbox\python_advanced_final\.venv\Lib\site-packages\aiogram\types\message.py", line 2051, in answer
    return SendMessage(
           ^^^^^^^^^^^^
  File "C:\Users\kreon\Dropbox\python_advanced_final\.venv\Lib\site-packages\pydantic\main.py", line 214, in __init__
    validated_self = self.__pydantic_validator__.validate_python(data, self_instance=self)
                     ^^^^^^^^^^^^^^^^^^^^^^^^^^^^^^^^^^^^^^^^^^^^^^^^^^^^^^^^^^^^^^^^^^^^^
pydantic_core._pydantic_core.ValidationError: 1 validation error for SendMessage
text
  Input should be a valid string [type=string_type, input_value=('📌 *Задачи на...game=None, pay=None)]])), input_type=tuple]
    For further information visit https://errors.pydantic.dev/2.10/v/string_type
2025-03-30 14:32:50 | WARNING | bot | commands.py:22 | Failed to delete old calendar message: Telegram server says - Bad Request: message to delete not found
2025-03-30 14:32:50 | ERROR | aiogram.event | dispatcher.py:315 | Cause exception while process update id=460563958 by bot id=7697100885
ValidationError: 1 validation error for SendMessage
text
  Input should be a valid string [type=string_type, input_value=('📌 *Задачи на...game=None, pay=None)]])), input_type=tuple]
    For further information visit https://errors.pydantic.dev/2.10/v/string_type
Traceback (most recent call last):
  File "C:\Users\kreon\Dropbox\python_advanced_final\.venv\Lib\site-packages\aiogram\dispatcher\dispatcher.py", line 309, in _process_update
    response = await self.feed_update(bot, update, **kwargs)
               ^^^^^^^^^^^^^^^^^^^^^^^^^^^^^^^^^^^^^^^^^^^^^
  File "C:\Users\kreon\Dropbox\python_advanced_final\.venv\Lib\site-packages\aiogram\dispatcher\dispatcher.py", line 158, in feed_update
    response = await self.update.wrap_outer_middleware(
               ^^^^^^^^^^^^^^^^^^^^^^^^^^^^^^^^^^^^^^^^
  File "C:\Users\kreon\Dropbox\python_advanced_final\.venv\Lib\site-packages\aiogram\dispatcher\middlewares\error.py", line 25, in __call__
    return await handler(event, data)
           ^^^^^^^^^^^^^^^^^^^^^^^^^^
  File "C:\Users\kreon\Dropbox\python_advanced_final\.venv\Lib\site-packages\aiogram\dispatcher\middlewares\user_context.py", line 56, in __call__
    return await handler(event, data)
           ^^^^^^^^^^^^^^^^^^^^^^^^^^
  File "C:\Users\kreon\Dropbox\python_advanced_final\.venv\Lib\site-packages\aiogram\fsm\middleware.py", line 42, in __call__
    return await handler(event, data)
           ^^^^^^^^^^^^^^^^^^^^^^^^^^
  File "C:\Users\kreon\Dropbox\python_advanced_final\.venv\Lib\site-packages\aiogram\dispatcher\event\telegram.py", line 121, in trigger
    return await wrapped_inner(event, kwargs)
           ^^^^^^^^^^^^^^^^^^^^^^^^^^^^^^^^^^
  File "C:\Users\kreon\Dropbox\python_advanced_final\.venv\Lib\site-packages\aiogram\dispatcher\event\handler.py", line 43, in call
    return await wrapped()
           ^^^^^^^^^^^^^^^
  File "C:\Users\kreon\Dropbox\python_advanced_final\.venv\Lib\site-packages\aiogram\dispatcher\dispatcher.py", line 276, in _listen_update
    return await self.propagate_event(update_type=update_type, event=event, **kwargs)
           ^^^^^^^^^^^^^^^^^^^^^^^^^^^^^^^^^^^^^^^^^^^^^^^^^^^^^^^^^^^^^^^^^^^^^^^^^^
  File "C:\Users\kreon\Dropbox\python_advanced_final\.venv\Lib\site-packages\aiogram\dispatcher\router.py", line 146, in propagate_event
    return await observer.wrap_outer_middleware(_wrapped, event=event, data=kwargs)
           ^^^^^^^^^^^^^^^^^^^^^^^^^^^^^^^^^^^^^^^^^^^^^^^^^^^^^^^^^^^^^^^^^^^^^^^^
  File "C:\Users\kreon\Dropbox\python_advanced_final\.venv\Lib\site-packages\aiogram\dispatcher\router.py", line 141, in _wrapped
    return await self._propagate_event(
           ^^^^^^^^^^^^^^^^^^^^^^^^^^^^
  File "C:\Users\kreon\Dropbox\python_advanced_final\.venv\Lib\site-packages\aiogram\dispatcher\router.py", line 166, in _propagate_event
    response = await observer.trigger(event, **kwargs)
               ^^^^^^^^^^^^^^^^^^^^^^^^^^^^^^^^^^^^^^^
  File "C:\Users\kreon\Dropbox\python_advanced_final\.venv\Lib\site-packages\aiogram\dispatcher\event\telegram.py", line 121, in trigger
    return await wrapped_inner(event, kwargs)
           ^^^^^^^^^^^^^^^^^^^^^^^^^^^^^^^^^^
  File "C:\Users\kreon\Dropbox\python_advanced_final\.venv\Lib\site-packages\aiogram\dispatcher\event\handler.py", line 43, in call
    return await wrapped()
           ^^^^^^^^^^^^^^^
  File "C:\Users\kreon\Dropbox\python_advanced_final\bot\handlers\commands.py", line 197, in handle_back_button
    await show_calendar_and_tasks(callback, user_id, year, month, day)
  File "C:\Users\kreon\Dropbox\python_advanced_final\bot\handlers\commands.py", line 42, in show_calendar_and_tasks
    tasks_msg = await (message.answer if isinstance(message, types.Message) else message.message.answer)(
                      ^^^^^^^^^^^^^^^^^^^^^^^^^^^^^^^^^^^^^^^^^^^^^^^^^^^^^^^^^^^^^^^^^^^^^^^^^^^^^^^^^^^
  File "C:\Users\kreon\Dropbox\python_advanced_final\.venv\Lib\site-packages\aiogram\types\message.py", line 2051, in answer
    return SendMessage(
           ^^^^^^^^^^^^
  File "C:\Users\kreon\Dropbox\python_advanced_final\.venv\Lib\site-packages\pydantic\main.py", line 214, in __init__
    validated_self = self.__pydantic_validator__.validate_python(data, self_instance=self)
                     ^^^^^^^^^^^^^^^^^^^^^^^^^^^^^^^^^^^^^^^^^^^^^^^^^^^^^^^^^^^^^^^^^^^^^
pydantic_core._pydantic_core.ValidationError: 1 validation error for SendMessage
text
  Input should be a valid string [type=string_type, input_value=('📌 *Задачи на...game=None, pay=None)]])), input_type=tuple]
    For further information visit https://errors.pydantic.dev/2.10/v/string_type
2025-03-30 14:33:20 | ERROR | aiogram.event | dispatcher.py:315 | Cause exception while process update id=460563962 by bot id=7697100885
ValidationError: 1 validation error for SendMessage
text
  Input should be a valid string [type=string_type, input_value=('📌 *Задачи на...game=None, pay=None)]])), input_type=tuple]
    For further information visit https://errors.pydantic.dev/2.10/v/string_type
Traceback (most recent call last):
  File "C:\Users\kreon\Dropbox\python_advanced_final\.venv\Lib\site-packages\aiogram\dispatcher\dispatcher.py", line 309, in _process_update
    response = await self.feed_update(bot, update, **kwargs)
               ^^^^^^^^^^^^^^^^^^^^^^^^^^^^^^^^^^^^^^^^^^^^^
  File "C:\Users\kreon\Dropbox\python_advanced_final\.venv\Lib\site-packages\aiogram\dispatcher\dispatcher.py", line 158, in feed_update
    response = await self.update.wrap_outer_middleware(
               ^^^^^^^^^^^^^^^^^^^^^^^^^^^^^^^^^^^^^^^^
  File "C:\Users\kreon\Dropbox\python_advanced_final\.venv\Lib\site-packages\aiogram\dispatcher\middlewares\error.py", line 25, in __call__
    return await handler(event, data)
           ^^^^^^^^^^^^^^^^^^^^^^^^^^
  File "C:\Users\kreon\Dropbox\python_advanced_final\.venv\Lib\site-packages\aiogram\dispatcher\middlewares\user_context.py", line 56, in __call__
    return await handler(event, data)
           ^^^^^^^^^^^^^^^^^^^^^^^^^^
  File "C:\Users\kreon\Dropbox\python_advanced_final\.venv\Lib\site-packages\aiogram\fsm\middleware.py", line 42, in __call__
    return await handler(event, data)
           ^^^^^^^^^^^^^^^^^^^^^^^^^^
  File "C:\Users\kreon\Dropbox\python_advanced_final\.venv\Lib\site-packages\aiogram\dispatcher\event\telegram.py", line 121, in trigger
    return await wrapped_inner(event, kwargs)
           ^^^^^^^^^^^^^^^^^^^^^^^^^^^^^^^^^^
  File "C:\Users\kreon\Dropbox\python_advanced_final\.venv\Lib\site-packages\aiogram\dispatcher\event\handler.py", line 43, in call
    return await wrapped()
           ^^^^^^^^^^^^^^^
  File "C:\Users\kreon\Dropbox\python_advanced_final\.venv\Lib\site-packages\aiogram\dispatcher\dispatcher.py", line 276, in _listen_update
    return await self.propagate_event(update_type=update_type, event=event, **kwargs)
           ^^^^^^^^^^^^^^^^^^^^^^^^^^^^^^^^^^^^^^^^^^^^^^^^^^^^^^^^^^^^^^^^^^^^^^^^^^
  File "C:\Users\kreon\Dropbox\python_advanced_final\.venv\Lib\site-packages\aiogram\dispatcher\router.py", line 146, in propagate_event
    return await observer.wrap_outer_middleware(_wrapped, event=event, data=kwargs)
           ^^^^^^^^^^^^^^^^^^^^^^^^^^^^^^^^^^^^^^^^^^^^^^^^^^^^^^^^^^^^^^^^^^^^^^^^
  File "C:\Users\kreon\Dropbox\python_advanced_final\.venv\Lib\site-packages\aiogram\dispatcher\router.py", line 141, in _wrapped
    return await self._propagate_event(
           ^^^^^^^^^^^^^^^^^^^^^^^^^^^^
  File "C:\Users\kreon\Dropbox\python_advanced_final\.venv\Lib\site-packages\aiogram\dispatcher\router.py", line 166, in _propagate_event
    response = await observer.trigger(event, **kwargs)
               ^^^^^^^^^^^^^^^^^^^^^^^^^^^^^^^^^^^^^^^
  File "C:\Users\kreon\Dropbox\python_advanced_final\.venv\Lib\site-packages\aiogram\dispatcher\event\telegram.py", line 121, in trigger
    return await wrapped_inner(event, kwargs)
           ^^^^^^^^^^^^^^^^^^^^^^^^^^^^^^^^^^
  File "C:\Users\kreon\Dropbox\python_advanced_final\.venv\Lib\site-packages\aiogram\dispatcher\event\handler.py", line 43, in call
    return await wrapped()
           ^^^^^^^^^^^^^^^
  File "C:\Users\kreon\Dropbox\python_advanced_final\bot\handlers\commands.py", line 145, in handle_help_commands
    await show_calendar_and_tasks(callback, user_id, year, month, day)
  File "C:\Users\kreon\Dropbox\python_advanced_final\bot\handlers\commands.py", line 42, in show_calendar_and_tasks
    tasks_msg = await (message.answer if isinstance(message, types.Message) else message.message.answer)(
                      ^^^^^^^^^^^^^^^^^^^^^^^^^^^^^^^^^^^^^^^^^^^^^^^^^^^^^^^^^^^^^^^^^^^^^^^^^^^^^^^^^^^
  File "C:\Users\kreon\Dropbox\python_advanced_final\.venv\Lib\site-packages\aiogram\types\message.py", line 2051, in answer
    return SendMessage(
           ^^^^^^^^^^^^
  File "C:\Users\kreon\Dropbox\python_advanced_final\.venv\Lib\site-packages\pydantic\main.py", line 214, in __init__
    validated_self = self.__pydantic_validator__.validate_python(data, self_instance=self)
                     ^^^^^^^^^^^^^^^^^^^^^^^^^^^^^^^^^^^^^^^^^^^^^^^^^^^^^^^^^^^^^^^^^^^^^
pydantic_core._pydantic_core.ValidationError: 1 validation error for SendMessage
text
  Input should be a valid string [type=string_type, input_value=('📌 *Задачи на...game=None, pay=None)]])), input_type=tuple]
    For further information visit https://errors.pydantic.dev/2.10/v/string_type
2025-03-30 14:35:05 | ERROR | aiogram.dispatcher | dispatcher.py:219 | Failed to fetch updates - TelegramNetworkError: HTTP Client says - ServerDisconnectedError: Server disconnected
2025-03-30 14:35:05 | WARNING | aiogram.dispatcher | dispatcher.py:221 | Sleep for 1.000000 seconds and try again... (tryings = 0, bot id = 7697100885)
2025-03-30 18:35:22 | WARNING | bot | commands.py:25 | Failed to delete old calendar message: Telegram server says - Bad Request: message to delete not found
2025-03-30 18:37:49 | ERROR | bot | calendar.py:167 | Error updating messages: Telegram server says - Bad Request: can't parse entities: Can't find end of the entity starting at byte offset 137
2025-03-30 18:38:06 | ERROR | bot | calendar.py:167 | Error updating messages: Telegram server says - Bad Request: can't parse entities: Can't find end of the entity starting at byte offset 137
2025-03-30 18:42:21 | ERROR | aiogram.dispatcher | dispatcher.py:219 | Failed to fetch updates - TelegramNetworkError: HTTP Client says - ServerDisconnectedError: Server disconnected
2025-03-30 18:42:21 | WARNING | aiogram.dispatcher | dispatcher.py:221 | Sleep for 1.000000 seconds and try again... (tryings = 0, bot id = 7697100885)
2025-03-30 18:42:40 | ERROR | bot | calendar.py:167 | Error updating messages: Telegram server says - Bad Request: can't parse entities: Can't find end of the entity starting at byte offset 137
2025-03-30 18:42:53 | ERROR | bot | calendar.py:167 | Error updating messages: Telegram server says - Bad Request: can't parse entities: Can't find end of the entity starting at byte offset 137
2025-03-30 18:42:59 | ERROR | bot | calendar.py:167 | Error updating messages: Telegram server says - Bad Request: can't parse entities: Can't find end of the entity starting at byte offset 137
2025-03-30 18:43:09 | ERROR | bot | calendar.py:167 | Error updating messages: Telegram server says - Bad Request: can't parse entities: Can't find end of the entity starting at byte offset 137
2025-03-30 18:43:29 | ERROR | bot | calendar.py:167 | Error updating messages: Telegram server says - Bad Request: can't parse entities: Can't find end of the entity starting at byte offset 137
2025-03-30 18:43:32 | ERROR | bot | calendar.py:167 | Error updating messages: Telegram server says - Bad Request: can't parse entities: Can't find end of the entity starting at byte offset 137
2025-03-30 18:43:33 | ERROR | bot | calendar.py:167 | Error updating messages: Telegram server says - Bad Request: can't parse entities: Can't find end of the entity starting at byte offset 137
2025-03-30 18:43:43 | ERROR | bot | calendar.py:167 | Error updating messages: Telegram server says - Bad Request: can't parse entities: Can't find end of the entity starting at byte offset 137
2025-03-30 18:43:47 | ERROR | aiogram.event | dispatcher.py:315 | Cause exception while process update id=460563998 by bot id=7697100885
NameError: name 'MONTH_NAMES' is not defined
Traceback (most recent call last):
  File "C:\Users\kreon\Dropbox\python_advanced_final\.venv\Lib\site-packages\aiogram\dispatcher\dispatcher.py", line 309, in _process_update
    response = await self.feed_update(bot, update, **kwargs)
               ^^^^^^^^^^^^^^^^^^^^^^^^^^^^^^^^^^^^^^^^^^^^^
  File "C:\Users\kreon\Dropbox\python_advanced_final\.venv\Lib\site-packages\aiogram\dispatcher\dispatcher.py", line 158, in feed_update
    response = await self.update.wrap_outer_middleware(
               ^^^^^^^^^^^^^^^^^^^^^^^^^^^^^^^^^^^^^^^^
  File "C:\Users\kreon\Dropbox\python_advanced_final\.venv\Lib\site-packages\aiogram\dispatcher\middlewares\error.py", line 25, in __call__
    return await handler(event, data)
           ^^^^^^^^^^^^^^^^^^^^^^^^^^
  File "C:\Users\kreon\Dropbox\python_advanced_final\.venv\Lib\site-packages\aiogram\dispatcher\middlewares\user_context.py", line 56, in __call__
    return await handler(event, data)
           ^^^^^^^^^^^^^^^^^^^^^^^^^^
  File "C:\Users\kreon\Dropbox\python_advanced_final\.venv\Lib\site-packages\aiogram\fsm\middleware.py", line 42, in __call__
    return await handler(event, data)
           ^^^^^^^^^^^^^^^^^^^^^^^^^^
  File "C:\Users\kreon\Dropbox\python_advanced_final\.venv\Lib\site-packages\aiogram\dispatcher\event\telegram.py", line 121, in trigger
    return await wrapped_inner(event, kwargs)
           ^^^^^^^^^^^^^^^^^^^^^^^^^^^^^^^^^^
  File "C:\Users\kreon\Dropbox\python_advanced_final\.venv\Lib\site-packages\aiogram\dispatcher\event\handler.py", line 43, in call
    return await wrapped()
           ^^^^^^^^^^^^^^^
  File "C:\Users\kreon\Dropbox\python_advanced_final\.venv\Lib\site-packages\aiogram\dispatcher\dispatcher.py", line 276, in _listen_update
    return await self.propagate_event(update_type=update_type, event=event, **kwargs)
           ^^^^^^^^^^^^^^^^^^^^^^^^^^^^^^^^^^^^^^^^^^^^^^^^^^^^^^^^^^^^^^^^^^^^^^^^^^
  File "C:\Users\kreon\Dropbox\python_advanced_final\.venv\Lib\site-packages\aiogram\dispatcher\router.py", line 146, in propagate_event
    return await observer.wrap_outer_middleware(_wrapped, event=event, data=kwargs)
           ^^^^^^^^^^^^^^^^^^^^^^^^^^^^^^^^^^^^^^^^^^^^^^^^^^^^^^^^^^^^^^^^^^^^^^^^
  File "C:\Users\kreon\Dropbox\python_advanced_final\.venv\Lib\site-packages\aiogram\dispatcher\router.py", line 141, in _wrapped
    return await self._propagate_event(
           ^^^^^^^^^^^^^^^^^^^^^^^^^^^^
  File "C:\Users\kreon\Dropbox\python_advanced_final\.venv\Lib\site-packages\aiogram\dispatcher\router.py", line 166, in _propagate_event
    response = await observer.trigger(event, **kwargs)
               ^^^^^^^^^^^^^^^^^^^^^^^^^^^^^^^^^^^^^^^
  File "C:\Users\kreon\Dropbox\python_advanced_final\.venv\Lib\site-packages\aiogram\dispatcher\event\telegram.py", line 121, in trigger
    return await wrapped_inner(event, kwargs)
           ^^^^^^^^^^^^^^^^^^^^^^^^^^^^^^^^^^
  File "C:\Users\kreon\Dropbox\python_advanced_final\.venv\Lib\site-packages\aiogram\dispatcher\event\handler.py", line 43, in call
    return await wrapped()
           ^^^^^^^^^^^^^^^
  File "C:\Users\kreon\Dropbox\python_advanced_final\bot\handlers\callbacks.py", line 33, in handle_navigation
    await callback.answer(f"Переключено на {MONTH_NAMES[month]} {year}")
                                            ^^^^^^^^^^^
NameError: name 'MONTH_NAMES' is not defined
2025-03-30 18:43:55 | ERROR | aiogram.event | dispatcher.py:315 | Cause exception while process update id=460564002 by bot id=7697100885
NameError: name 'MONTH_NAMES' is not defined
Traceback (most recent call last):
  File "C:\Users\kreon\Dropbox\python_advanced_final\.venv\Lib\site-packages\aiogram\dispatcher\dispatcher.py", line 309, in _process_update
    response = await self.feed_update(bot, update, **kwargs)
               ^^^^^^^^^^^^^^^^^^^^^^^^^^^^^^^^^^^^^^^^^^^^^
  File "C:\Users\kreon\Dropbox\python_advanced_final\.venv\Lib\site-packages\aiogram\dispatcher\dispatcher.py", line 158, in feed_update
    response = await self.update.wrap_outer_middleware(
               ^^^^^^^^^^^^^^^^^^^^^^^^^^^^^^^^^^^^^^^^
  File "C:\Users\kreon\Dropbox\python_advanced_final\.venv\Lib\site-packages\aiogram\dispatcher\middlewares\error.py", line 25, in __call__
    return await handler(event, data)
           ^^^^^^^^^^^^^^^^^^^^^^^^^^
  File "C:\Users\kreon\Dropbox\python_advanced_final\.venv\Lib\site-packages\aiogram\dispatcher\middlewares\user_context.py", line 56, in __call__
    return await handler(event, data)
           ^^^^^^^^^^^^^^^^^^^^^^^^^^
  File "C:\Users\kreon\Dropbox\python_advanced_final\.venv\Lib\site-packages\aiogram\fsm\middleware.py", line 42, in __call__
    return await handler(event, data)
           ^^^^^^^^^^^^^^^^^^^^^^^^^^
  File "C:\Users\kreon\Dropbox\python_advanced_final\.venv\Lib\site-packages\aiogram\dispatcher\event\telegram.py", line 121, in trigger
    return await wrapped_inner(event, kwargs)
           ^^^^^^^^^^^^^^^^^^^^^^^^^^^^^^^^^^
  File "C:\Users\kreon\Dropbox\python_advanced_final\.venv\Lib\site-packages\aiogram\dispatcher\event\handler.py", line 43, in call
    return await wrapped()
           ^^^^^^^^^^^^^^^
  File "C:\Users\kreon\Dropbox\python_advanced_final\.venv\Lib\site-packages\aiogram\dispatcher\dispatcher.py", line 276, in _listen_update
    return await self.propagate_event(update_type=update_type, event=event, **kwargs)
           ^^^^^^^^^^^^^^^^^^^^^^^^^^^^^^^^^^^^^^^^^^^^^^^^^^^^^^^^^^^^^^^^^^^^^^^^^^
  File "C:\Users\kreon\Dropbox\python_advanced_final\.venv\Lib\site-packages\aiogram\dispatcher\router.py", line 146, in propagate_event
    return await observer.wrap_outer_middleware(_wrapped, event=event, data=kwargs)
           ^^^^^^^^^^^^^^^^^^^^^^^^^^^^^^^^^^^^^^^^^^^^^^^^^^^^^^^^^^^^^^^^^^^^^^^^
  File "C:\Users\kreon\Dropbox\python_advanced_final\.venv\Lib\site-packages\aiogram\dispatcher\router.py", line 141, in _wrapped
    return await self._propagate_event(
           ^^^^^^^^^^^^^^^^^^^^^^^^^^^^
  File "C:\Users\kreon\Dropbox\python_advanced_final\.venv\Lib\site-packages\aiogram\dispatcher\router.py", line 166, in _propagate_event
    response = await observer.trigger(event, **kwargs)
               ^^^^^^^^^^^^^^^^^^^^^^^^^^^^^^^^^^^^^^^
  File "C:\Users\kreon\Dropbox\python_advanced_final\.venv\Lib\site-packages\aiogram\dispatcher\event\telegram.py", line 121, in trigger
    return await wrapped_inner(event, kwargs)
           ^^^^^^^^^^^^^^^^^^^^^^^^^^^^^^^^^^
  File "C:\Users\kreon\Dropbox\python_advanced_final\.venv\Lib\site-packages\aiogram\dispatcher\event\handler.py", line 43, in call
    return await wrapped()
           ^^^^^^^^^^^^^^^
  File "C:\Users\kreon\Dropbox\python_advanced_final\bot\handlers\callbacks.py", line 33, in handle_navigation
    await callback.answer(f"Переключено на {MONTH_NAMES[month]} {year}")
                                            ^^^^^^^^^^^
NameError: name 'MONTH_NAMES' is not defined
2025-03-30 18:44:24 | ERROR | bot | calendar.py:167 | Error updating messages: Telegram server says - Bad Request: can't parse entities: Can't find end of the entity starting at byte offset 137
2025-03-30 18:44:26 | ERROR | bot | calendar.py:167 | Error updating messages: Telegram server says - Bad Request: can't parse entities: Can't find end of the entity starting at byte offset 137
2025-03-30 18:44:32 | ERROR | bot | calendar.py:167 | Error updating messages: Telegram server says - Bad Request: can't parse entities: Can't find end of the entity starting at byte offset 137
2025-03-30 18:44:36 | ERROR | aiogram.event | dispatcher.py:315 | Cause exception while process update id=460564007 by bot id=7697100885
NameError: name 'MONTH_NAMES' is not defined
Traceback (most recent call last):
  File "C:\Users\kreon\Dropbox\python_advanced_final\.venv\Lib\site-packages\aiogram\dispatcher\dispatcher.py", line 309, in _process_update
    response = await self.feed_update(bot, update, **kwargs)
               ^^^^^^^^^^^^^^^^^^^^^^^^^^^^^^^^^^^^^^^^^^^^^
  File "C:\Users\kreon\Dropbox\python_advanced_final\.venv\Lib\site-packages\aiogram\dispatcher\dispatcher.py", line 158, in feed_update
    response = await self.update.wrap_outer_middleware(
               ^^^^^^^^^^^^^^^^^^^^^^^^^^^^^^^^^^^^^^^^
  File "C:\Users\kreon\Dropbox\python_advanced_final\.venv\Lib\site-packages\aiogram\dispatcher\middlewares\error.py", line 25, in __call__
    return await handler(event, data)
           ^^^^^^^^^^^^^^^^^^^^^^^^^^
  File "C:\Users\kreon\Dropbox\python_advanced_final\.venv\Lib\site-packages\aiogram\dispatcher\middlewares\user_context.py", line 56, in __call__
    return await handler(event, data)
           ^^^^^^^^^^^^^^^^^^^^^^^^^^
  File "C:\Users\kreon\Dropbox\python_advanced_final\.venv\Lib\site-packages\aiogram\fsm\middleware.py", line 42, in __call__
    return await handler(event, data)
           ^^^^^^^^^^^^^^^^^^^^^^^^^^
  File "C:\Users\kreon\Dropbox\python_advanced_final\.venv\Lib\site-packages\aiogram\dispatcher\event\telegram.py", line 121, in trigger
    return await wrapped_inner(event, kwargs)
           ^^^^^^^^^^^^^^^^^^^^^^^^^^^^^^^^^^
  File "C:\Users\kreon\Dropbox\python_advanced_final\.venv\Lib\site-packages\aiogram\dispatcher\event\handler.py", line 43, in call
    return await wrapped()
           ^^^^^^^^^^^^^^^
  File "C:\Users\kreon\Dropbox\python_advanced_final\.venv\Lib\site-packages\aiogram\dispatcher\dispatcher.py", line 276, in _listen_update
    return await self.propagate_event(update_type=update_type, event=event, **kwargs)
           ^^^^^^^^^^^^^^^^^^^^^^^^^^^^^^^^^^^^^^^^^^^^^^^^^^^^^^^^^^^^^^^^^^^^^^^^^^
  File "C:\Users\kreon\Dropbox\python_advanced_final\.venv\Lib\site-packages\aiogram\dispatcher\router.py", line 146, in propagate_event
    return await observer.wrap_outer_middleware(_wrapped, event=event, data=kwargs)
           ^^^^^^^^^^^^^^^^^^^^^^^^^^^^^^^^^^^^^^^^^^^^^^^^^^^^^^^^^^^^^^^^^^^^^^^^
  File "C:\Users\kreon\Dropbox\python_advanced_final\.venv\Lib\site-packages\aiogram\dispatcher\router.py", line 141, in _wrapped
    return await self._propagate_event(
           ^^^^^^^^^^^^^^^^^^^^^^^^^^^^
  File "C:\Users\kreon\Dropbox\python_advanced_final\.venv\Lib\site-packages\aiogram\dispatcher\router.py", line 166, in _propagate_event
    response = await observer.trigger(event, **kwargs)
               ^^^^^^^^^^^^^^^^^^^^^^^^^^^^^^^^^^^^^^^
  File "C:\Users\kreon\Dropbox\python_advanced_final\.venv\Lib\site-packages\aiogram\dispatcher\event\telegram.py", line 121, in trigger
    return await wrapped_inner(event, kwargs)
           ^^^^^^^^^^^^^^^^^^^^^^^^^^^^^^^^^^
  File "C:\Users\kreon\Dropbox\python_advanced_final\.venv\Lib\site-packages\aiogram\dispatcher\event\handler.py", line 43, in call
    return await wrapped()
           ^^^^^^^^^^^^^^^
  File "C:\Users\kreon\Dropbox\python_advanced_final\bot\handlers\callbacks.py", line 33, in handle_navigation
    await callback.answer(f"Переключено на {MONTH_NAMES[month]} {year}")
                                            ^^^^^^^^^^^
NameError: name 'MONTH_NAMES' is not defined
2025-03-30 18:46:04 | ERROR | aiogram.dispatcher | dispatcher.py:219 | Failed to fetch updates - TelegramNetworkError: HTTP Client says - ServerDisconnectedError: Server disconnected
2025-03-30 18:46:04 | WARNING | aiogram.dispatcher | dispatcher.py:221 | Sleep for 1.000000 seconds and try again... (tryings = 0, bot id = 7697100885)
2025-03-30 18:46:14 | ERROR | bot | calendar.py:167 | Error updating messages: Telegram server says - Bad Request: can't parse entities: Can't find end of the entity starting at byte offset 137
2025-03-30 18:46:25 | ERROR | bot | calendar.py:167 | Error updating messages: Telegram server says - Bad Request: can't parse entities: Can't find end of the entity starting at byte offset 137
2025-03-30 18:47:50 | ERROR | aiogram.dispatcher | dispatcher.py:219 | Failed to fetch updates - TelegramNetworkError: HTTP Client says - ServerDisconnectedError: Server disconnected
2025-03-30 18:47:50 | WARNING | aiogram.dispatcher | dispatcher.py:221 | Sleep for 1.000000 seconds and try again... (tryings = 0, bot id = 7697100885)
2025-03-30 18:51:15 | ERROR | aiogram.dispatcher | dispatcher.py:219 | Failed to fetch updates - TelegramNetworkError: HTTP Client says - ServerDisconnectedError: Server disconnected
2025-03-30 18:51:15 | WARNING | aiogram.dispatcher | dispatcher.py:221 | Sleep for 1.000000 seconds and try again... (tryings = 0, bot id = 7697100885)
2025-03-30 19:06:46 | ERROR | aiogram.dispatcher | dispatcher.py:219 | Failed to fetch updates - TelegramNetworkError: HTTP Client says - ServerDisconnectedError: Server disconnected
2025-03-30 19:06:46 | WARNING | aiogram.dispatcher | dispatcher.py:221 | Sleep for 1.000000 seconds and try again... (tryings = 0, bot id = 7697100885)
2025-03-30 19:28:46 | ERROR | aiogram.dispatcher | dispatcher.py:219 | Failed to fetch updates - TelegramNetworkError: HTTP Client says - ServerDisconnectedError: Server disconnected
2025-03-30 19:28:46 | WARNING | aiogram.dispatcher | dispatcher.py:221 | Sleep for 1.000000 seconds and try again... (tryings = 0, bot id = 7697100885)
2025-03-30 19:34:43 | ERROR | aiogram.dispatcher | dispatcher.py:219 | Failed to fetch updates - TelegramNetworkError: HTTP Client says - ServerDisconnectedError: Server disconnected
2025-03-30 19:34:43 | WARNING | aiogram.dispatcher | dispatcher.py:221 | Sleep for 1.000000 seconds and try again... (tryings = 0, bot id = 7697100885)
2025-03-30 19:36:07 | ERROR | aiogram.dispatcher | dispatcher.py:219 | Failed to fetch updates - TelegramNetworkError: HTTP Client says - ServerDisconnectedError: Server disconnected
2025-03-30 19:36:07 | WARNING | aiogram.dispatcher | dispatcher.py:221 | Sleep for 1.000000 seconds and try again... (tryings = 0, bot id = 7697100885)
2025-03-30 19:37:27 | ERROR | aiogram.dispatcher | dispatcher.py:219 | Failed to fetch updates - TelegramNetworkError: HTTP Client says - ServerDisconnectedError: Server disconnected
2025-03-30 19:37:27 | WARNING | aiogram.dispatcher | dispatcher.py:221 | Sleep for 1.000000 seconds and try again... (tryings = 0, bot id = 7697100885)
2025-03-30 19:38:50 | ERROR | aiogram.dispatcher | dispatcher.py:219 | Failed to fetch updates - TelegramNetworkError: HTTP Client says - ServerDisconnectedError: Server disconnected
2025-03-30 19:38:50 | WARNING | aiogram.dispatcher | dispatcher.py:221 | Sleep for 1.000000 seconds and try again... (tryings = 0, bot id = 7697100885)
2025-03-30 19:40:10 | ERROR | aiogram.dispatcher | dispatcher.py:219 | Failed to fetch updates - TelegramNetworkError: HTTP Client says - ServerDisconnectedError: Server disconnected
2025-03-30 19:40:10 | WARNING | aiogram.dispatcher | dispatcher.py:221 | Sleep for 1.000000 seconds and try again... (tryings = 0, bot id = 7697100885)
2025-03-30 19:40:26 | WARNING | bot | commands.py:25 | Failed to delete old calendar message: Telegram server says - Bad Request: message to delete not found
2025-03-30 19:41:20 | ERROR | aiogram.dispatcher | dispatcher.py:219 | Failed to fetch updates - TelegramNetworkError: HTTP Client says - ServerDisconnectedError: Server disconnected
2025-03-30 19:41:20 | WARNING | aiogram.dispatcher | dispatcher.py:221 | Sleep for 1.000000 seconds and try again... (tryings = 0, bot id = 7697100885)
2025-03-30 19:41:31 | WARNING | bot | commands.py:25 | Failed to delete old calendar message: Telegram server says - Bad Request: message to delete not found
2025-03-30 20:27:44 | ERROR | aiogram.dispatcher | dispatcher.py:219 | Failed to fetch updates - TelegramNetworkError: HTTP Client says - ServerDisconnectedError: Server disconnected
2025-03-30 20:27:44 | WARNING | aiogram.dispatcher | dispatcher.py:221 | Sleep for 1.000000 seconds and try again... (tryings = 0, bot id = 7697100885)
2025-03-30 20:29:25 | ERROR | aiogram.dispatcher | dispatcher.py:219 | Failed to fetch updates - TelegramNetworkError: HTTP Client says - ServerDisconnectedError: Server disconnected
2025-03-30 20:29:25 | WARNING | aiogram.dispatcher | dispatcher.py:221 | Sleep for 1.000000 seconds and try again... (tryings = 0, bot id = 7697100885)
2025-03-30 20:31:05 | ERROR | aiogram.dispatcher | dispatcher.py:219 | Failed to fetch updates - TelegramNetworkError: HTTP Client says - ServerDisconnectedError: Server disconnected
2025-03-30 20:31:05 | WARNING | aiogram.dispatcher | dispatcher.py:221 | Sleep for 1.000000 seconds and try again... (tryings = 0, bot id = 7697100885)
2025-03-30 20:33:41 | ERROR | aiogram.dispatcher | dispatcher.py:219 | Failed to fetch updates - TelegramNetworkError: HTTP Client says - ServerDisconnectedError: Server disconnected
2025-03-30 20:33:41 | WARNING | aiogram.dispatcher | dispatcher.py:221 | Sleep for 1.000000 seconds and try again... (tryings = 0, bot id = 7697100885)
2025-03-30 20:41:05 | ERROR | aiogram.dispatcher | dispatcher.py:219 | Failed to fetch updates - TelegramNetworkError: HTTP Client says - ServerDisconnectedError: Server disconnected
2025-03-30 20:41:05 | WARNING | aiogram.dispatcher | dispatcher.py:221 | Sleep for 1.000000 seconds and try again... (tryings = 0, bot id = 7697100885)
2025-03-30 20:43:09 | ERROR | aiogram.dispatcher | dispatcher.py:219 | Failed to fetch updates - TelegramNetworkError: HTTP Client says - ServerDisconnectedError: Server disconnected
2025-03-30 20:43:09 | WARNING | aiogram.dispatcher | dispatcher.py:221 | Sleep for 1.000000 seconds and try again... (tryings = 0, bot id = 7697100885)
2025-03-30 20:44:47 | ERROR | aiogram.dispatcher | dispatcher.py:219 | Failed to fetch updates - TelegramNetworkError: HTTP Client says - ServerDisconnectedError: Server disconnected
2025-03-30 20:44:47 | WARNING | aiogram.dispatcher | dispatcher.py:221 | Sleep for 1.000000 seconds and try again... (tryings = 0, bot id = 7697100885)
2025-03-30 20:47:34 | ERROR | aiogram.dispatcher | dispatcher.py:219 | Failed to fetch updates - TelegramNetworkError: HTTP Client says - ServerDisconnectedError: Server disconnected
2025-03-30 20:47:34 | WARNING | aiogram.dispatcher | dispatcher.py:221 | Sleep for 1.000000 seconds and try again... (tryings = 0, bot id = 7697100885)
2025-03-30 20:51:18 | ERROR | aiogram.dispatcher | dispatcher.py:219 | Failed to fetch updates - TelegramNetworkError: HTTP Client says - ServerDisconnectedError: Server disconnected
2025-03-30 20:51:18 | WARNING | aiogram.dispatcher | dispatcher.py:221 | Sleep for 1.000000 seconds and try again... (tryings = 0, bot id = 7697100885)
2025-03-30 20:51:58 | WARNING | bot | commands.py:25 | Failed to delete old calendar message: Telegram server says - Bad Request: message to delete not found
2025-03-30 21:01:37 | ERROR | aiogram.dispatcher | dispatcher.py:219 | Failed to fetch updates - TelegramNetworkError: HTTP Client says - ServerDisconnectedError: Server disconnected
2025-03-30 21:01:37 | WARNING | aiogram.dispatcher | dispatcher.py:221 | Sleep for 1.000000 seconds and try again... (tryings = 0, bot id = 7697100885)
2025-03-30 23:22:02 | ERROR | aiogram.event | dispatcher.py:315 | Cause exception while process update id=460564083 by bot id=7697100885
TelegramBadRequest: Telegram server says - Bad Request: query is too old and response timeout expired or query ID is invalid
Traceback (most recent call last):
  File "C:\Users\kreon\Dropbox\python_advanced_final\.venv\Lib\site-packages\aiogram\dispatcher\dispatcher.py", line 309, in _process_update
    response = await self.feed_update(bot, update, **kwargs)
               ^^^^^^^^^^^^^^^^^^^^^^^^^^^^^^^^^^^^^^^^^^^^^
  File "C:\Users\kreon\Dropbox\python_advanced_final\.venv\Lib\site-packages\aiogram\dispatcher\dispatcher.py", line 158, in feed_update
    response = await self.update.wrap_outer_middleware(
               ^^^^^^^^^^^^^^^^^^^^^^^^^^^^^^^^^^^^^^^^
  File "C:\Users\kreon\Dropbox\python_advanced_final\.venv\Lib\site-packages\aiogram\dispatcher\middlewares\error.py", line 25, in __call__
    return await handler(event, data)
           ^^^^^^^^^^^^^^^^^^^^^^^^^^
  File "C:\Users\kreon\Dropbox\python_advanced_final\.venv\Lib\site-packages\aiogram\dispatcher\middlewares\user_context.py", line 56, in __call__
    return await handler(event, data)
           ^^^^^^^^^^^^^^^^^^^^^^^^^^
  File "C:\Users\kreon\Dropbox\python_advanced_final\.venv\Lib\site-packages\aiogram\fsm\middleware.py", line 42, in __call__
    return await handler(event, data)
           ^^^^^^^^^^^^^^^^^^^^^^^^^^
  File "C:\Users\kreon\Dropbox\python_advanced_final\.venv\Lib\site-packages\aiogram\dispatcher\event\telegram.py", line 121, in trigger
    return await wrapped_inner(event, kwargs)
           ^^^^^^^^^^^^^^^^^^^^^^^^^^^^^^^^^^
  File "C:\Users\kreon\Dropbox\python_advanced_final\.venv\Lib\site-packages\aiogram\dispatcher\event\handler.py", line 43, in call
    return await wrapped()
           ^^^^^^^^^^^^^^^
  File "C:\Users\kreon\Dropbox\python_advanced_final\.venv\Lib\site-packages\aiogram\dispatcher\dispatcher.py", line 276, in _listen_update
    return await self.propagate_event(update_type=update_type, event=event, **kwargs)
           ^^^^^^^^^^^^^^^^^^^^^^^^^^^^^^^^^^^^^^^^^^^^^^^^^^^^^^^^^^^^^^^^^^^^^^^^^^
  File "C:\Users\kreon\Dropbox\python_advanced_final\.venv\Lib\site-packages\aiogram\dispatcher\router.py", line 146, in propagate_event
    return await observer.wrap_outer_middleware(_wrapped, event=event, data=kwargs)
           ^^^^^^^^^^^^^^^^^^^^^^^^^^^^^^^^^^^^^^^^^^^^^^^^^^^^^^^^^^^^^^^^^^^^^^^^
  File "C:\Users\kreon\Dropbox\python_advanced_final\.venv\Lib\site-packages\aiogram\dispatcher\router.py", line 141, in _wrapped
    return await self._propagate_event(
           ^^^^^^^^^^^^^^^^^^^^^^^^^^^^
  File "C:\Users\kreon\Dropbox\python_advanced_final\.venv\Lib\site-packages\aiogram\dispatcher\router.py", line 166, in _propagate_event
    response = await observer.trigger(event, **kwargs)
               ^^^^^^^^^^^^^^^^^^^^^^^^^^^^^^^^^^^^^^^
  File "C:\Users\kreon\Dropbox\python_advanced_final\.venv\Lib\site-packages\aiogram\dispatcher\event\telegram.py", line 121, in trigger
    return await wrapped_inner(event, kwargs)
           ^^^^^^^^^^^^^^^^^^^^^^^^^^^^^^^^^^
  File "C:\Users\kreon\Dropbox\python_advanced_final\.venv\Lib\site-packages\aiogram\dispatcher\event\handler.py", line 43, in call
    return await wrapped()
           ^^^^^^^^^^^^^^^
  File "C:\Users\kreon\Dropbox\python_advanced_final\bot\handlers\commands.py", line 191, in handle_back_button
    await callback.answer("🔐 Вы не авторизованы.", show_alert=True)
  File "C:\Users\kreon\Dropbox\python_advanced_final\.venv\Lib\site-packages\aiogram\methods\base.py", line 84, in emit
    return await bot(self)
           ^^^^^^^^^^^^^^^
  File "C:\Users\kreon\Dropbox\python_advanced_final\.venv\Lib\site-packages\aiogram\client\bot.py", line 453, in __call__
    return await self.session(self, method, timeout=request_timeout)
           ^^^^^^^^^^^^^^^^^^^^^^^^^^^^^^^^^^^^^^^^^^^^^^^^^^^^^^^^^
  File "C:\Users\kreon\Dropbox\python_advanced_final\.venv\Lib\site-packages\aiogram\client\session\base.py", line 254, in __call__
    return cast(TelegramType, await middleware(bot, method))
                              ^^^^^^^^^^^^^^^^^^^^^^^^^^^^^
  File "C:\Users\kreon\Dropbox\python_advanced_final\.venv\Lib\site-packages\aiogram\client\session\aiohttp.py", line 185, in make_request
    response = self.check_response(
               ^^^^^^^^^^^^^^^^^^^^
  File "C:\Users\kreon\Dropbox\python_advanced_final\.venv\Lib\site-packages\aiogram\client\session\base.py", line 120, in check_response
    raise TelegramBadRequest(method=method, message=description)
aiogram.exceptions.TelegramBadRequest: Telegram server says - Bad Request: query is too old and response timeout expired or query ID is invalid
2025-03-30 23:22:03 | WARNING | bot | commands.py:192 | Unauthorized access attempt by telegram_id=120334532
2025-03-30 23:22:10 | WARNING | bot | commands.py:57 | Unauthorized access attempt by telegram_id=120334532
2025-03-30 23:22:18 | WARNING | bot | commands.py:57 | Unauthorized access attempt by telegram_id=120334532
2025-03-30 23:22:21 | WARNING | bot | commands.py:102 | Unauthorized access attempt by telegram_id=120334532
2025-03-30 23:22:27 | WARNING | bot | commands.py:57 | Unauthorized access attempt by telegram_id=120334532
2025-03-30 23:23:56 | WARNING | bot | commands.py:25 | Failed to delete old calendar message: Telegram server says - Bad Request: message to delete not found
2025-03-30 23:26:20 | ERROR | aiogram.dispatcher | dispatcher.py:219 | Failed to fetch updates - TelegramNetworkError: HTTP Client says - ServerDisconnectedError: Server disconnected
2025-03-30 23:26:20 | WARNING | aiogram.dispatcher | dispatcher.py:221 | Sleep for 1.000000 seconds and try again... (tryings = 0, bot id = 7697100885)
2025-03-30 23:35:49 | ERROR | aiogram.dispatcher | dispatcher.py:219 | Failed to fetch updates - TelegramNetworkError: HTTP Client says - ServerDisconnectedError: Server disconnected
2025-03-30 23:35:49 | WARNING | aiogram.dispatcher | dispatcher.py:221 | Sleep for 1.000000 seconds and try again... (tryings = 0, bot id = 7697100885)
2025-03-30 23:36:21 | ERROR | aiogram.dispatcher | dispatcher.py:219 | Failed to fetch updates - TelegramNetworkError: HTTP Client says - ServerDisconnectedError: Server disconnected
2025-03-30 23:36:21 | WARNING | aiogram.dispatcher | dispatcher.py:221 | Sleep for 1.000000 seconds and try again... (tryings = 0, bot id = 7697100885)
2025-03-31 00:35:53 | WARNING | bot | commands.py:25 | Failed to delete old calendar message: Telegram server says - Bad Request: message to delete not found
2025-03-31 08:38:37 | WARNING | bot | commands.py:25 | Failed to delete old calendar message: Telegram server says - Bad Request: message to delete not found
2025-03-31 08:38:46 | WARNING | bot | commands.py:25 | Failed to delete old calendar message: Telegram server says - Bad Request: message to delete not found
2025-03-31 12:22:51 | ERROR | aiogram.dispatcher | dispatcher.py:219 | Failed to fetch updates - TelegramNetworkError: HTTP Client says - Request timeout error
2025-03-31 12:22:51 | WARNING | aiogram.dispatcher | dispatcher.py:221 | Sleep for 1.000000 seconds and try again... (tryings = 0, bot id = 7697100885)
2025-03-31 12:23:13 | ERROR | aiogram.dispatcher | dispatcher.py:219 | Failed to fetch updates - TelegramNetworkError: HTTP Client says - ClientConnectorError: Cannot connect to host 95.79.40.128:8081 ssl:default [The semaphore timeout period has expired]
2025-03-31 12:23:13 | WARNING | aiogram.dispatcher | dispatcher.py:221 | Sleep for 1.423004 seconds and try again... (tryings = 1, bot id = 7697100885)
2025-03-31 12:23:35 | ERROR | aiogram.dispatcher | dispatcher.py:219 | Failed to fetch updates - TelegramNetworkError: HTTP Client says - ClientConnectorError: Cannot connect to host 95.79.40.128:8081 ssl:default [The semaphore timeout period has expired]
2025-03-31 12:23:35 | WARNING | aiogram.dispatcher | dispatcher.py:221 | Sleep for 1.995432 seconds and try again... (tryings = 2, bot id = 7697100885)
2025-03-31 12:23:58 | ERROR | aiogram.dispatcher | dispatcher.py:219 | Failed to fetch updates - TelegramNetworkError: HTTP Client says - ClientConnectorError: Cannot connect to host 95.79.40.128:8081 ssl:default [The semaphore timeout period has expired]
2025-03-31 12:23:58 | WARNING | aiogram.dispatcher | dispatcher.py:221 | Sleep for 2.671795 seconds and try again... (tryings = 3, bot id = 7697100885)
2025-03-31 12:24:22 | ERROR | aiogram.dispatcher | dispatcher.py:219 | Failed to fetch updates - TelegramNetworkError: HTTP Client says - ClientConnectorError: Cannot connect to host 95.79.40.128:8081 ssl:default [The semaphore timeout period has expired]
2025-03-31 12:24:22 | WARNING | aiogram.dispatcher | dispatcher.py:221 | Sleep for 3.355354 seconds and try again... (tryings = 4, bot id = 7697100885)
2025-03-31 12:24:46 | ERROR | aiogram.dispatcher | dispatcher.py:219 | Failed to fetch updates - TelegramNetworkError: HTTP Client says - ClientConnectorError: Cannot connect to host 95.79.40.128:8081 ssl:default [The semaphore timeout period has expired]
2025-03-31 12:24:46 | WARNING | aiogram.dispatcher | dispatcher.py:221 | Sleep for 4.208838 seconds and try again... (tryings = 5, bot id = 7697100885)
2025-03-31 12:25:12 | ERROR | aiogram.dispatcher | dispatcher.py:219 | Failed to fetch updates - TelegramNetworkError: HTTP Client says - ClientConnectorError: Cannot connect to host 95.79.40.128:8081 ssl:default [The semaphore timeout period has expired]
2025-03-31 12:25:12 | WARNING | aiogram.dispatcher | dispatcher.py:221 | Sleep for 4.903536 seconds and try again... (tryings = 6, bot id = 7697100885)
2025-03-31 12:25:38 | ERROR | aiogram.dispatcher | dispatcher.py:219 | Failed to fetch updates - TelegramNetworkError: HTTP Client says - ClientConnectorError: Cannot connect to host 95.79.40.128:8081 ssl:default [The semaphore timeout period has expired]
2025-03-31 12:25:38 | WARNING | aiogram.dispatcher | dispatcher.py:221 | Sleep for 5.035272 seconds and try again... (tryings = 7, bot id = 7697100885)
2025-03-31 12:26:04 | ERROR | aiogram.dispatcher | dispatcher.py:219 | Failed to fetch updates - TelegramNetworkError: HTTP Client says - ClientConnectorError: Cannot connect to host 95.79.40.128:8081 ssl:default [The semaphore timeout period has expired]
2025-03-31 12:26:04 | WARNING | aiogram.dispatcher | dispatcher.py:221 | Sleep for 4.937771 seconds and try again... (tryings = 8, bot id = 7697100885)
2025-03-31 12:26:30 | ERROR | aiogram.dispatcher | dispatcher.py:219 | Failed to fetch updates - TelegramNetworkError: HTTP Client says - ClientConnectorError: Cannot connect to host 95.79.40.128:8081 ssl:default [The semaphore timeout period has expired]
2025-03-31 12:26:30 | WARNING | aiogram.dispatcher | dispatcher.py:221 | Sleep for 5.186462 seconds and try again... (tryings = 9, bot id = 7697100885)
2025-03-31 12:26:56 | ERROR | aiogram.dispatcher | dispatcher.py:219 | Failed to fetch updates - TelegramNetworkError: HTTP Client says - ClientConnectorError: Cannot connect to host 95.79.40.128:8081 ssl:default [The semaphore timeout period has expired]
2025-03-31 12:26:56 | WARNING | aiogram.dispatcher | dispatcher.py:221 | Sleep for 5.013980 seconds and try again... (tryings = 10, bot id = 7697100885)
2025-03-31 12:27:22 | ERROR | aiogram.dispatcher | dispatcher.py:219 | Failed to fetch updates - TelegramNetworkError: HTTP Client says - ClientConnectorError: Cannot connect to host 95.79.40.128:8081 ssl:default [The semaphore timeout period has expired]
2025-03-31 12:27:22 | WARNING | aiogram.dispatcher | dispatcher.py:221 | Sleep for 5.081999 seconds and try again... (tryings = 11, bot id = 7697100885)
2025-03-31 12:27:48 | ERROR | aiogram.dispatcher | dispatcher.py:219 | Failed to fetch updates - TelegramNetworkError: HTTP Client says - ClientConnectorError: Cannot connect to host 95.79.40.128:8081 ssl:default [The semaphore timeout period has expired]
2025-03-31 12:27:48 | WARNING | aiogram.dispatcher | dispatcher.py:221 | Sleep for 4.886787 seconds and try again... (tryings = 12, bot id = 7697100885)
2025-03-31 12:28:14 | ERROR | aiogram.dispatcher | dispatcher.py:219 | Failed to fetch updates - TelegramNetworkError: HTTP Client says - ClientConnectorError: Cannot connect to host 95.79.40.128:8081 ssl:default [The semaphore timeout period has expired]
2025-03-31 12:28:14 | WARNING | aiogram.dispatcher | dispatcher.py:221 | Sleep for 5.151286 seconds and try again... (tryings = 13, bot id = 7697100885)
2025-03-31 12:28:40 | ERROR | aiogram.dispatcher | dispatcher.py:219 | Failed to fetch updates - TelegramNetworkError: HTTP Client says - ClientConnectorError: Cannot connect to host 95.79.40.128:8081 ssl:default [The semaphore timeout period has expired]
2025-03-31 12:28:40 | WARNING | aiogram.dispatcher | dispatcher.py:221 | Sleep for 5.064526 seconds and try again... (tryings = 14, bot id = 7697100885)
2025-03-31 12:29:06 | ERROR | aiogram.dispatcher | dispatcher.py:219 | Failed to fetch updates - TelegramNetworkError: HTTP Client says - ClientConnectorError: Cannot connect to host 95.79.40.128:8081 ssl:default [The semaphore timeout period has expired]
2025-03-31 12:29:06 | WARNING | aiogram.dispatcher | dispatcher.py:221 | Sleep for 4.934106 seconds and try again... (tryings = 15, bot id = 7697100885)
2025-03-31 12:29:32 | ERROR | aiogram.dispatcher | dispatcher.py:219 | Failed to fetch updates - TelegramNetworkError: HTTP Client says - ClientConnectorError: Cannot connect to host 95.79.40.128:8081 ssl:default [The semaphore timeout period has expired]
2025-03-31 12:29:32 | WARNING | aiogram.dispatcher | dispatcher.py:221 | Sleep for 4.823017 seconds and try again... (tryings = 16, bot id = 7697100885)
2025-03-31 12:29:58 | ERROR | aiogram.dispatcher | dispatcher.py:219 | Failed to fetch updates - TelegramNetworkError: HTTP Client says - ClientConnectorError: Cannot connect to host 95.79.40.128:8081 ssl:default [The semaphore timeout period has expired]
2025-03-31 12:29:58 | WARNING | aiogram.dispatcher | dispatcher.py:221 | Sleep for 5.010034 seconds and try again... (tryings = 17, bot id = 7697100885)
2025-03-31 12:30:24 | ERROR | aiogram.dispatcher | dispatcher.py:219 | Failed to fetch updates - TelegramNetworkError: HTTP Client says - ClientConnectorError: Cannot connect to host 95.79.40.128:8081 ssl:default [The semaphore timeout period has expired]
2025-03-31 12:30:24 | WARNING | aiogram.dispatcher | dispatcher.py:221 | Sleep for 4.930434 seconds and try again... (tryings = 18, bot id = 7697100885)
2025-03-31 12:30:50 | ERROR | aiogram.dispatcher | dispatcher.py:219 | Failed to fetch updates - TelegramNetworkError: HTTP Client says - ClientConnectorError: Cannot connect to host 95.79.40.128:8081 ssl:default [The semaphore timeout period has expired]
2025-03-31 12:30:50 | WARNING | aiogram.dispatcher | dispatcher.py:221 | Sleep for 4.875723 seconds and try again... (tryings = 19, bot id = 7697100885)
2025-03-31 12:31:16 | ERROR | aiogram.dispatcher | dispatcher.py:219 | Failed to fetch updates - TelegramNetworkError: HTTP Client says - ClientConnectorError: Cannot connect to host 95.79.40.128:8081 ssl:default [The semaphore timeout period has expired]
2025-03-31 12:31:16 | WARNING | aiogram.dispatcher | dispatcher.py:221 | Sleep for 4.988804 seconds and try again... (tryings = 20, bot id = 7697100885)
2025-03-31 12:31:42 | ERROR | aiogram.dispatcher | dispatcher.py:219 | Failed to fetch updates - TelegramNetworkError: HTTP Client says - ClientConnectorError: Cannot connect to host 95.79.40.128:8081 ssl:default [The semaphore timeout period has expired]
2025-03-31 12:31:42 | WARNING | aiogram.dispatcher | dispatcher.py:221 | Sleep for 5.003028 seconds and try again... (tryings = 21, bot id = 7697100885)
2025-03-31 12:32:08 | ERROR | aiogram.dispatcher | dispatcher.py:219 | Failed to fetch updates - TelegramNetworkError: HTTP Client says - ClientConnectorError: Cannot connect to host 95.79.40.128:8081 ssl:default [The semaphore timeout period has expired]
2025-03-31 12:32:08 | WARNING | aiogram.dispatcher | dispatcher.py:221 | Sleep for 5.225133 seconds and try again... (tryings = 22, bot id = 7697100885)
2025-03-31 12:32:34 | ERROR | aiogram.dispatcher | dispatcher.py:219 | Failed to fetch updates - TelegramNetworkError: HTTP Client says - ClientConnectorError: Cannot connect to host 95.79.40.128:8081 ssl:default [The semaphore timeout period has expired]
2025-03-31 12:32:34 | WARNING | aiogram.dispatcher | dispatcher.py:221 | Sleep for 5.144068 seconds and try again... (tryings = 23, bot id = 7697100885)
2025-03-31 12:33:00 | ERROR | aiogram.dispatcher | dispatcher.py:219 | Failed to fetch updates - TelegramNetworkError: HTTP Client says - ClientConnectorError: Cannot connect to host 95.79.40.128:8081 ssl:default [The semaphore timeout period has expired]
2025-03-31 12:33:00 | WARNING | aiogram.dispatcher | dispatcher.py:221 | Sleep for 4.986740 seconds and try again... (tryings = 24, bot id = 7697100885)
2025-03-31 12:33:26 | ERROR | aiogram.dispatcher | dispatcher.py:219 | Failed to fetch updates - TelegramNetworkError: HTTP Client says - ClientConnectorError: Cannot connect to host 95.79.40.128:8081 ssl:default [The semaphore timeout period has expired]
2025-03-31 12:33:26 | WARNING | aiogram.dispatcher | dispatcher.py:221 | Sleep for 5.108205 seconds and try again... (tryings = 25, bot id = 7697100885)
2025-03-31 12:33:52 | ERROR | aiogram.dispatcher | dispatcher.py:219 | Failed to fetch updates - TelegramNetworkError: HTTP Client says - ClientConnectorError: Cannot connect to host 95.79.40.128:8081 ssl:default [The semaphore timeout period has expired]
2025-03-31 12:33:52 | WARNING | aiogram.dispatcher | dispatcher.py:221 | Sleep for 4.997697 seconds and try again... (tryings = 26, bot id = 7697100885)
2025-03-31 12:34:18 | ERROR | aiogram.dispatcher | dispatcher.py:219 | Failed to fetch updates - TelegramNetworkError: HTTP Client says - ClientConnectorError: Cannot connect to host 95.79.40.128:8081 ssl:default [The semaphore timeout period has expired]
2025-03-31 12:34:18 | WARNING | aiogram.dispatcher | dispatcher.py:221 | Sleep for 5.031921 seconds and try again... (tryings = 27, bot id = 7697100885)
2025-03-31 12:34:44 | ERROR | aiogram.dispatcher | dispatcher.py:219 | Failed to fetch updates - TelegramNetworkError: HTTP Client says - ClientConnectorError: Cannot connect to host 95.79.40.128:8081 ssl:default [The semaphore timeout period has expired]
2025-03-31 12:34:44 | WARNING | aiogram.dispatcher | dispatcher.py:221 | Sleep for 4.953206 seconds and try again... (tryings = 28, bot id = 7697100885)
2025-03-31 12:35:10 | ERROR | aiogram.dispatcher | dispatcher.py:219 | Failed to fetch updates - TelegramNetworkError: HTTP Client says - ClientConnectorError: Cannot connect to host 95.79.40.128:8081 ssl:default [The semaphore timeout period has expired]
2025-03-31 12:35:10 | WARNING | aiogram.dispatcher | dispatcher.py:221 | Sleep for 5.033584 seconds and try again... (tryings = 29, bot id = 7697100885)
2025-03-31 12:35:36 | ERROR | aiogram.dispatcher | dispatcher.py:219 | Failed to fetch updates - TelegramNetworkError: HTTP Client says - ClientConnectorError: Cannot connect to host 95.79.40.128:8081 ssl:default [The semaphore timeout period has expired]
2025-03-31 12:35:36 | WARNING | aiogram.dispatcher | dispatcher.py:221 | Sleep for 4.967517 seconds and try again... (tryings = 30, bot id = 7697100885)
2025-03-31 12:36:02 | ERROR | aiogram.dispatcher | dispatcher.py:219 | Failed to fetch updates - TelegramNetworkError: HTTP Client says - ClientConnectorError: Cannot connect to host 95.79.40.128:8081 ssl:default [The semaphore timeout period has expired]
2025-03-31 12:36:02 | WARNING | aiogram.dispatcher | dispatcher.py:221 | Sleep for 4.959351 seconds and try again... (tryings = 31, bot id = 7697100885)
2025-03-31 12:36:28 | ERROR | aiogram.dispatcher | dispatcher.py:219 | Failed to fetch updates - TelegramNetworkError: HTTP Client says - ClientConnectorError: Cannot connect to host 95.79.40.128:8081 ssl:default [The semaphore timeout period has expired]
2025-03-31 12:36:28 | WARNING | aiogram.dispatcher | dispatcher.py:221 | Sleep for 5.073679 seconds and try again... (tryings = 32, bot id = 7697100885)
2025-03-31 12:36:54 | ERROR | aiogram.dispatcher | dispatcher.py:219 | Failed to fetch updates - TelegramNetworkError: HTTP Client says - ClientConnectorError: Cannot connect to host 95.79.40.128:8081 ssl:default [The semaphore timeout period has expired]
2025-03-31 12:36:54 | WARNING | aiogram.dispatcher | dispatcher.py:221 | Sleep for 5.047823 seconds and try again... (tryings = 33, bot id = 7697100885)
2025-03-31 12:37:20 | ERROR | aiogram.dispatcher | dispatcher.py:219 | Failed to fetch updates - TelegramNetworkError: HTTP Client says - ClientConnectorError: Cannot connect to host 95.79.40.128:8081 ssl:default [The semaphore timeout period has expired]
2025-03-31 12:37:20 | WARNING | aiogram.dispatcher | dispatcher.py:221 | Sleep for 5.003512 seconds and try again... (tryings = 34, bot id = 7697100885)
2025-03-31 12:37:46 | ERROR | aiogram.dispatcher | dispatcher.py:219 | Failed to fetch updates - TelegramNetworkError: HTTP Client says - ClientConnectorError: Cannot connect to host 95.79.40.128:8081 ssl:default [The semaphore timeout period has expired]
2025-03-31 12:37:46 | WARNING | aiogram.dispatcher | dispatcher.py:221 | Sleep for 5.067993 seconds and try again... (tryings = 35, bot id = 7697100885)
2025-03-31 12:38:12 | ERROR | aiogram.dispatcher | dispatcher.py:219 | Failed to fetch updates - TelegramNetworkError: HTTP Client says - ClientConnectorError: Cannot connect to host 95.79.40.128:8081 ssl:default [The semaphore timeout period has expired]
2025-03-31 12:38:12 | WARNING | aiogram.dispatcher | dispatcher.py:221 | Sleep for 5.172193 seconds and try again... (tryings = 36, bot id = 7697100885)
2025-03-31 12:38:39 | ERROR | aiogram.dispatcher | dispatcher.py:219 | Failed to fetch updates - TelegramNetworkError: HTTP Client says - ClientConnectorError: Cannot connect to host 95.79.40.128:8081 ssl:default [The semaphore timeout period has expired]
2025-03-31 12:38:39 | WARNING | aiogram.dispatcher | dispatcher.py:221 | Sleep for 4.998970 seconds and try again... (tryings = 37, bot id = 7697100885)
2025-03-31 12:39:05 | ERROR | aiogram.dispatcher | dispatcher.py:219 | Failed to fetch updates - TelegramNetworkError: HTTP Client says - ClientConnectorError: Cannot connect to host 95.79.40.128:8081 ssl:default [The semaphore timeout period has expired]
2025-03-31 12:39:05 | WARNING | aiogram.dispatcher | dispatcher.py:221 | Sleep for 5.026814 seconds and try again... (tryings = 38, bot id = 7697100885)
2025-03-31 12:39:31 | ERROR | aiogram.dispatcher | dispatcher.py:219 | Failed to fetch updates - TelegramNetworkError: HTTP Client says - ClientConnectorError: Cannot connect to host 95.79.40.128:8081 ssl:default [The semaphore timeout period has expired]
2025-03-31 12:39:31 | WARNING | aiogram.dispatcher | dispatcher.py:221 | Sleep for 5.017025 seconds and try again... (tryings = 39, bot id = 7697100885)
2025-03-31 12:39:57 | ERROR | aiogram.dispatcher | dispatcher.py:219 | Failed to fetch updates - TelegramNetworkError: HTTP Client says - ClientConnectorError: Cannot connect to host 95.79.40.128:8081 ssl:default [The semaphore timeout period has expired]
2025-03-31 12:39:57 | WARNING | aiogram.dispatcher | dispatcher.py:221 | Sleep for 5.040968 seconds and try again... (tryings = 40, bot id = 7697100885)
2025-03-31 12:40:23 | ERROR | aiogram.dispatcher | dispatcher.py:219 | Failed to fetch updates - TelegramNetworkError: HTTP Client says - ClientConnectorError: Cannot connect to host 95.79.40.128:8081 ssl:default [The semaphore timeout period has expired]
2025-03-31 12:40:23 | WARNING | aiogram.dispatcher | dispatcher.py:221 | Sleep for 4.890067 seconds and try again... (tryings = 41, bot id = 7697100885)
2025-03-31 12:40:49 | ERROR | aiogram.dispatcher | dispatcher.py:219 | Failed to fetch updates - TelegramNetworkError: HTTP Client says - ClientConnectorError: Cannot connect to host 95.79.40.128:8081 ssl:default [The semaphore timeout period has expired]
2025-03-31 12:40:49 | WARNING | aiogram.dispatcher | dispatcher.py:221 | Sleep for 5.131529 seconds and try again... (tryings = 42, bot id = 7697100885)
2025-03-31 12:41:15 | ERROR | aiogram.dispatcher | dispatcher.py:219 | Failed to fetch updates - TelegramNetworkError: HTTP Client says - ClientConnectorError: Cannot connect to host 95.79.40.128:8081 ssl:default [The semaphore timeout period has expired]
2025-03-31 12:41:15 | WARNING | aiogram.dispatcher | dispatcher.py:221 | Sleep for 4.988611 seconds and try again... (tryings = 43, bot id = 7697100885)
2025-03-31 12:41:41 | ERROR | aiogram.dispatcher | dispatcher.py:219 | Failed to fetch updates - TelegramNetworkError: HTTP Client says - ClientConnectorError: Cannot connect to host 95.79.40.128:8081 ssl:default [The semaphore timeout period has expired]
2025-03-31 12:41:41 | WARNING | aiogram.dispatcher | dispatcher.py:221 | Sleep for 4.961429 seconds and try again... (tryings = 44, bot id = 7697100885)
2025-03-31 12:42:07 | ERROR | aiogram.dispatcher | dispatcher.py:219 | Failed to fetch updates - TelegramNetworkError: HTTP Client says - ClientConnectorError: Cannot connect to host 95.79.40.128:8081 ssl:default [The semaphore timeout period has expired]
2025-03-31 12:42:07 | WARNING | aiogram.dispatcher | dispatcher.py:221 | Sleep for 5.072493 seconds and try again... (tryings = 45, bot id = 7697100885)
2025-03-31 12:42:33 | ERROR | aiogram.dispatcher | dispatcher.py:219 | Failed to fetch updates - TelegramNetworkError: HTTP Client says - ClientConnectorError: Cannot connect to host 95.79.40.128:8081 ssl:default [The semaphore timeout period has expired]
2025-03-31 12:42:33 | WARNING | aiogram.dispatcher | dispatcher.py:221 | Sleep for 5.234536 seconds and try again... (tryings = 46, bot id = 7697100885)
2025-03-31 12:42:59 | ERROR | aiogram.dispatcher | dispatcher.py:219 | Failed to fetch updates - TelegramNetworkError: HTTP Client says - ClientConnectorError: Cannot connect to host 95.79.40.128:8081 ssl:default [The semaphore timeout period has expired]
2025-03-31 12:42:59 | WARNING | aiogram.dispatcher | dispatcher.py:221 | Sleep for 4.852458 seconds and try again... (tryings = 47, bot id = 7697100885)
2025-03-31 12:43:25 | ERROR | aiogram.dispatcher | dispatcher.py:219 | Failed to fetch updates - TelegramNetworkError: HTTP Client says - ClientConnectorError: Cannot connect to host 95.79.40.128:8081 ssl:default [The semaphore timeout period has expired]
2025-03-31 12:43:25 | WARNING | aiogram.dispatcher | dispatcher.py:221 | Sleep for 4.993397 seconds and try again... (tryings = 48, bot id = 7697100885)
2025-03-31 12:43:51 | ERROR | aiogram.dispatcher | dispatcher.py:219 | Failed to fetch updates - TelegramNetworkError: HTTP Client says - ClientConnectorError: Cannot connect to host 95.79.40.128:8081 ssl:default [The semaphore timeout period has expired]
2025-03-31 12:43:51 | WARNING | aiogram.dispatcher | dispatcher.py:221 | Sleep for 5.078445 seconds and try again... (tryings = 49, bot id = 7697100885)
2025-03-31 12:44:17 | ERROR | aiogram.dispatcher | dispatcher.py:219 | Failed to fetch updates - TelegramNetworkError: HTTP Client says - ClientConnectorError: Cannot connect to host 95.79.40.128:8081 ssl:default [The semaphore timeout period has expired]
2025-03-31 12:44:17 | WARNING | aiogram.dispatcher | dispatcher.py:221 | Sleep for 5.070721 seconds and try again... (tryings = 50, bot id = 7697100885)
2025-03-31 12:44:43 | ERROR | aiogram.dispatcher | dispatcher.py:219 | Failed to fetch updates - TelegramNetworkError: HTTP Client says - ClientConnectorError: Cannot connect to host 95.79.40.128:8081 ssl:default [The semaphore timeout period has expired]
2025-03-31 12:44:43 | WARNING | aiogram.dispatcher | dispatcher.py:221 | Sleep for 4.986457 seconds and try again... (tryings = 51, bot id = 7697100885)
2025-03-31 12:45:09 | ERROR | aiogram.dispatcher | dispatcher.py:219 | Failed to fetch updates - TelegramNetworkError: HTTP Client says - ClientConnectorError: Cannot connect to host 95.79.40.128:8081 ssl:default [The semaphore timeout period has expired]
2025-03-31 12:45:09 | WARNING | aiogram.dispatcher | dispatcher.py:221 | Sleep for 5.080469 seconds and try again... (tryings = 52, bot id = 7697100885)
2025-03-31 12:45:35 | ERROR | aiogram.dispatcher | dispatcher.py:219 | Failed to fetch updates - TelegramNetworkError: HTTP Client says - ClientConnectorError: Cannot connect to host 95.79.40.128:8081 ssl:default [The semaphore timeout period has expired]
2025-03-31 12:45:35 | WARNING | aiogram.dispatcher | dispatcher.py:221 | Sleep for 5.014960 seconds and try again... (tryings = 53, bot id = 7697100885)
2025-03-31 12:46:01 | ERROR | aiogram.dispatcher | dispatcher.py:219 | Failed to fetch updates - TelegramNetworkError: HTTP Client says - ClientConnectorError: Cannot connect to host 95.79.40.128:8081 ssl:default [The semaphore timeout period has expired]
2025-03-31 12:46:01 | WARNING | aiogram.dispatcher | dispatcher.py:221 | Sleep for 5.008499 seconds and try again... (tryings = 54, bot id = 7697100885)
2025-03-31 12:46:27 | ERROR | aiogram.dispatcher | dispatcher.py:219 | Failed to fetch updates - TelegramNetworkError: HTTP Client says - ClientConnectorError: Cannot connect to host 95.79.40.128:8081 ssl:default [The semaphore timeout period has expired]
2025-03-31 12:46:27 | WARNING | aiogram.dispatcher | dispatcher.py:221 | Sleep for 4.945536 seconds and try again... (tryings = 55, bot id = 7697100885)
2025-03-31 12:46:53 | ERROR | aiogram.dispatcher | dispatcher.py:219 | Failed to fetch updates - TelegramNetworkError: HTTP Client says - ClientConnectorError: Cannot connect to host 95.79.40.128:8081 ssl:default [The semaphore timeout period has expired]
2025-03-31 12:46:53 | WARNING | aiogram.dispatcher | dispatcher.py:221 | Sleep for 5.017172 seconds and try again... (tryings = 56, bot id = 7697100885)
2025-03-31 12:47:19 | ERROR | aiogram.dispatcher | dispatcher.py:219 | Failed to fetch updates - TelegramNetworkError: HTTP Client says - ClientConnectorError: Cannot connect to host 95.79.40.128:8081 ssl:default [The semaphore timeout period has expired]
2025-03-31 12:47:19 | WARNING | aiogram.dispatcher | dispatcher.py:221 | Sleep for 5.021694 seconds and try again... (tryings = 57, bot id = 7697100885)
2025-03-31 12:47:45 | ERROR | aiogram.dispatcher | dispatcher.py:219 | Failed to fetch updates - TelegramNetworkError: HTTP Client says - ClientConnectorError: Cannot connect to host 95.79.40.128:8081 ssl:default [The semaphore timeout period has expired]
2025-03-31 12:47:45 | WARNING | aiogram.dispatcher | dispatcher.py:221 | Sleep for 4.812053 seconds and try again... (tryings = 58, bot id = 7697100885)
2025-03-31 12:48:11 | ERROR | aiogram.dispatcher | dispatcher.py:219 | Failed to fetch updates - TelegramNetworkError: HTTP Client says - ClientConnectorError: Cannot connect to host 95.79.40.128:8081 ssl:default [The semaphore timeout period has expired]
2025-03-31 12:48:11 | WARNING | aiogram.dispatcher | dispatcher.py:221 | Sleep for 5.043672 seconds and try again... (tryings = 59, bot id = 7697100885)
2025-03-31 12:48:37 | ERROR | aiogram.dispatcher | dispatcher.py:219 | Failed to fetch updates - TelegramNetworkError: HTTP Client says - ClientConnectorError: Cannot connect to host 95.79.40.128:8081 ssl:default [The semaphore timeout period has expired]
2025-03-31 12:48:37 | WARNING | aiogram.dispatcher | dispatcher.py:221 | Sleep for 5.060353 seconds and try again... (tryings = 60, bot id = 7697100885)
2025-03-31 12:49:03 | ERROR | aiogram.dispatcher | dispatcher.py:219 | Failed to fetch updates - TelegramNetworkError: HTTP Client says - ClientConnectorError: Cannot connect to host 95.79.40.128:8081 ssl:default [The semaphore timeout period has expired]
2025-03-31 12:49:03 | WARNING | aiogram.dispatcher | dispatcher.py:221 | Sleep for 5.069674 seconds and try again... (tryings = 61, bot id = 7697100885)
2025-03-31 12:49:29 | ERROR | aiogram.dispatcher | dispatcher.py:219 | Failed to fetch updates - TelegramNetworkError: HTTP Client says - ClientConnectorError: Cannot connect to host 95.79.40.128:8081 ssl:default [The semaphore timeout period has expired]
2025-03-31 12:49:29 | WARNING | aiogram.dispatcher | dispatcher.py:221 | Sleep for 4.964504 seconds and try again... (tryings = 62, bot id = 7697100885)
2025-03-31 12:49:55 | ERROR | aiogram.dispatcher | dispatcher.py:219 | Failed to fetch updates - TelegramNetworkError: HTTP Client says - ClientConnectorError: Cannot connect to host 95.79.40.128:8081 ssl:default [The semaphore timeout period has expired]
2025-03-31 12:49:55 | WARNING | aiogram.dispatcher | dispatcher.py:221 | Sleep for 5.141085 seconds and try again... (tryings = 63, bot id = 7697100885)
2025-03-31 12:50:21 | ERROR | aiogram.dispatcher | dispatcher.py:219 | Failed to fetch updates - TelegramNetworkError: HTTP Client says - ClientConnectorError: Cannot connect to host 95.79.40.128:8081 ssl:default [The semaphore timeout period has expired]
2025-03-31 12:50:21 | WARNING | aiogram.dispatcher | dispatcher.py:221 | Sleep for 4.982994 seconds and try again... (tryings = 64, bot id = 7697100885)
2025-03-31 12:50:47 | ERROR | aiogram.dispatcher | dispatcher.py:219 | Failed to fetch updates - TelegramNetworkError: HTTP Client says - ClientConnectorError: Cannot connect to host 95.79.40.128:8081 ssl:default [The semaphore timeout period has expired]
2025-03-31 12:50:47 | WARNING | aiogram.dispatcher | dispatcher.py:221 | Sleep for 4.913340 seconds and try again... (tryings = 65, bot id = 7697100885)
2025-03-31 12:51:13 | ERROR | aiogram.dispatcher | dispatcher.py:219 | Failed to fetch updates - TelegramNetworkError: HTTP Client says - ClientConnectorError: Cannot connect to host 95.79.40.128:8081 ssl:default [The semaphore timeout period has expired]
2025-03-31 12:51:13 | WARNING | aiogram.dispatcher | dispatcher.py:221 | Sleep for 4.921365 seconds and try again... (tryings = 66, bot id = 7697100885)
2025-03-31 12:51:39 | ERROR | aiogram.dispatcher | dispatcher.py:219 | Failed to fetch updates - TelegramNetworkError: HTTP Client says - ClientConnectorError: Cannot connect to host 95.79.40.128:8081 ssl:default [The semaphore timeout period has expired]
2025-03-31 12:51:39 | WARNING | aiogram.dispatcher | dispatcher.py:221 | Sleep for 5.084522 seconds and try again... (tryings = 67, bot id = 7697100885)
2025-03-31 12:52:05 | ERROR | aiogram.dispatcher | dispatcher.py:219 | Failed to fetch updates - TelegramNetworkError: HTTP Client says - ClientConnectorError: Cannot connect to host 95.79.40.128:8081 ssl:default [The semaphore timeout period has expired]
2025-03-31 12:52:05 | WARNING | aiogram.dispatcher | dispatcher.py:221 | Sleep for 5.070272 seconds and try again... (tryings = 68, bot id = 7697100885)
2025-03-31 12:52:31 | ERROR | aiogram.dispatcher | dispatcher.py:219 | Failed to fetch updates - TelegramNetworkError: HTTP Client says - ClientConnectorError: Cannot connect to host 95.79.40.128:8081 ssl:default [The semaphore timeout period has expired]
2025-03-31 12:52:31 | WARNING | aiogram.dispatcher | dispatcher.py:221 | Sleep for 5.119422 seconds and try again... (tryings = 69, bot id = 7697100885)
2025-03-31 12:52:57 | ERROR | aiogram.dispatcher | dispatcher.py:219 | Failed to fetch updates - TelegramNetworkError: HTTP Client says - ClientConnectorError: Cannot connect to host 95.79.40.128:8081 ssl:default [The semaphore timeout period has expired]
2025-03-31 12:52:57 | WARNING | aiogram.dispatcher | dispatcher.py:221 | Sleep for 5.054638 seconds and try again... (tryings = 70, bot id = 7697100885)
2025-03-31 12:53:23 | ERROR | aiogram.dispatcher | dispatcher.py:219 | Failed to fetch updates - TelegramNetworkError: HTTP Client says - ClientConnectorError: Cannot connect to host 95.79.40.128:8081 ssl:default [The semaphore timeout period has expired]
2025-03-31 12:53:23 | WARNING | aiogram.dispatcher | dispatcher.py:221 | Sleep for 5.012997 seconds and try again... (tryings = 71, bot id = 7697100885)
2025-03-31 12:53:49 | ERROR | aiogram.dispatcher | dispatcher.py:219 | Failed to fetch updates - TelegramNetworkError: HTTP Client says - ClientConnectorError: Cannot connect to host 95.79.40.128:8081 ssl:default [The semaphore timeout period has expired]
2025-03-31 12:53:49 | WARNING | aiogram.dispatcher | dispatcher.py:221 | Sleep for 5.135885 seconds and try again... (tryings = 72, bot id = 7697100885)
2025-03-31 12:54:16 | ERROR | aiogram.dispatcher | dispatcher.py:219 | Failed to fetch updates - TelegramNetworkError: HTTP Client says - ClientConnectorError: Cannot connect to host 95.79.40.128:8081 ssl:default [The semaphore timeout period has expired]
2025-03-31 12:54:16 | WARNING | aiogram.dispatcher | dispatcher.py:221 | Sleep for 4.952410 seconds and try again... (tryings = 73, bot id = 7697100885)
2025-03-31 12:54:42 | ERROR | aiogram.dispatcher | dispatcher.py:219 | Failed to fetch updates - TelegramNetworkError: HTTP Client says - ClientConnectorError: Cannot connect to host 95.79.40.128:8081 ssl:default [The semaphore timeout period has expired]
2025-03-31 12:54:42 | WARNING | aiogram.dispatcher | dispatcher.py:221 | Sleep for 5.052674 seconds and try again... (tryings = 74, bot id = 7697100885)
2025-03-31 12:55:08 | ERROR | aiogram.dispatcher | dispatcher.py:219 | Failed to fetch updates - TelegramNetworkError: HTTP Client says - ClientConnectorError: Cannot connect to host 95.79.40.128:8081 ssl:default [The semaphore timeout period has expired]
2025-03-31 12:55:08 | WARNING | aiogram.dispatcher | dispatcher.py:221 | Sleep for 4.945914 seconds and try again... (tryings = 75, bot id = 7697100885)
2025-03-31 12:55:34 | ERROR | aiogram.dispatcher | dispatcher.py:219 | Failed to fetch updates - TelegramNetworkError: HTTP Client says - ClientConnectorError: Cannot connect to host 95.79.40.128:8081 ssl:default [The semaphore timeout period has expired]
2025-03-31 12:55:34 | WARNING | aiogram.dispatcher | dispatcher.py:221 | Sleep for 4.859089 seconds and try again... (tryings = 76, bot id = 7697100885)
2025-03-31 12:55:59 | ERROR | aiogram.dispatcher | dispatcher.py:219 | Failed to fetch updates - TelegramNetworkError: HTTP Client says - ClientConnectorError: Cannot connect to host 95.79.40.128:8081 ssl:default [The semaphore timeout period has expired]
2025-03-31 12:55:59 | WARNING | aiogram.dispatcher | dispatcher.py:221 | Sleep for 4.990094 seconds and try again... (tryings = 77, bot id = 7697100885)
2025-03-31 12:56:25 | ERROR | aiogram.dispatcher | dispatcher.py:219 | Failed to fetch updates - TelegramNetworkError: HTTP Client says - ClientConnectorError: Cannot connect to host 95.79.40.128:8081 ssl:default [The semaphore timeout period has expired]
2025-03-31 12:56:25 | WARNING | aiogram.dispatcher | dispatcher.py:221 | Sleep for 5.026385 seconds and try again... (tryings = 78, bot id = 7697100885)
2025-03-31 12:56:51 | ERROR | aiogram.dispatcher | dispatcher.py:219 | Failed to fetch updates - TelegramNetworkError: HTTP Client says - ClientConnectorError: Cannot connect to host 95.79.40.128:8081 ssl:default [The semaphore timeout period has expired]
2025-03-31 12:56:51 | WARNING | aiogram.dispatcher | dispatcher.py:221 | Sleep for 5.121115 seconds and try again... (tryings = 79, bot id = 7697100885)
2025-03-31 12:57:18 | ERROR | aiogram.dispatcher | dispatcher.py:219 | Failed to fetch updates - TelegramNetworkError: HTTP Client says - ClientConnectorError: Cannot connect to host 95.79.40.128:8081 ssl:default [The semaphore timeout period has expired]
2025-03-31 12:57:18 | WARNING | aiogram.dispatcher | dispatcher.py:221 | Sleep for 5.056197 seconds and try again... (tryings = 80, bot id = 7697100885)
2025-03-31 12:57:44 | ERROR | aiogram.dispatcher | dispatcher.py:219 | Failed to fetch updates - TelegramNetworkError: HTTP Client says - ClientConnectorError: Cannot connect to host 95.79.40.128:8081 ssl:default [The semaphore timeout period has expired]
2025-03-31 12:57:44 | WARNING | aiogram.dispatcher | dispatcher.py:221 | Sleep for 4.883643 seconds and try again... (tryings = 81, bot id = 7697100885)
2025-03-31 12:58:10 | ERROR | aiogram.dispatcher | dispatcher.py:219 | Failed to fetch updates - TelegramNetworkError: HTTP Client says - ClientConnectorError: Cannot connect to host 95.79.40.128:8081 ssl:default [The semaphore timeout period has expired]
2025-03-31 12:58:10 | WARNING | aiogram.dispatcher | dispatcher.py:221 | Sleep for 4.964920 seconds and try again... (tryings = 82, bot id = 7697100885)
2025-03-31 12:58:36 | ERROR | aiogram.dispatcher | dispatcher.py:219 | Failed to fetch updates - TelegramNetworkError: HTTP Client says - ClientConnectorError: Cannot connect to host 95.79.40.128:8081 ssl:default [The semaphore timeout period has expired]
2025-03-31 12:58:36 | WARNING | aiogram.dispatcher | dispatcher.py:221 | Sleep for 4.917443 seconds and try again... (tryings = 83, bot id = 7697100885)
2025-03-31 12:59:01 | ERROR | aiogram.dispatcher | dispatcher.py:219 | Failed to fetch updates - TelegramNetworkError: HTTP Client says - ClientConnectorError: Cannot connect to host 95.79.40.128:8081 ssl:default [The semaphore timeout period has expired]
2025-03-31 12:59:01 | WARNING | aiogram.dispatcher | dispatcher.py:221 | Sleep for 5.079602 seconds and try again... (tryings = 84, bot id = 7697100885)
2025-03-31 12:59:28 | ERROR | aiogram.dispatcher | dispatcher.py:219 | Failed to fetch updates - TelegramNetworkError: HTTP Client says - ClientConnectorError: Cannot connect to host 95.79.40.128:8081 ssl:default [The semaphore timeout period has expired]
2025-03-31 12:59:28 | WARNING | aiogram.dispatcher | dispatcher.py:221 | Sleep for 5.056315 seconds and try again... (tryings = 85, bot id = 7697100885)
2025-03-31 12:59:54 | ERROR | aiogram.dispatcher | dispatcher.py:219 | Failed to fetch updates - TelegramNetworkError: HTTP Client says - ClientConnectorError: Cannot connect to host 95.79.40.128:8081 ssl:default [The semaphore timeout period has expired]
2025-03-31 12:59:54 | WARNING | aiogram.dispatcher | dispatcher.py:221 | Sleep for 5.036804 seconds and try again... (tryings = 86, bot id = 7697100885)
2025-03-31 13:00:20 | ERROR | aiogram.dispatcher | dispatcher.py:219 | Failed to fetch updates - TelegramNetworkError: HTTP Client says - ClientConnectorError: Cannot connect to host 95.79.40.128:8081 ssl:default [The semaphore timeout period has expired]
2025-03-31 13:00:20 | WARNING | aiogram.dispatcher | dispatcher.py:221 | Sleep for 5.115208 seconds and try again... (tryings = 87, bot id = 7697100885)
2025-03-31 13:00:46 | ERROR | aiogram.dispatcher | dispatcher.py:219 | Failed to fetch updates - TelegramNetworkError: HTTP Client says - ClientConnectorError: Cannot connect to host 95.79.40.128:8081 ssl:default [The semaphore timeout period has expired]
2025-03-31 13:00:46 | WARNING | aiogram.dispatcher | dispatcher.py:221 | Sleep for 5.048915 seconds and try again... (tryings = 88, bot id = 7697100885)
2025-03-31 13:01:12 | ERROR | aiogram.dispatcher | dispatcher.py:219 | Failed to fetch updates - TelegramNetworkError: HTTP Client says - ClientConnectorError: Cannot connect to host 95.79.40.128:8081 ssl:default [The semaphore timeout period has expired]
2025-03-31 13:01:12 | WARNING | aiogram.dispatcher | dispatcher.py:221 | Sleep for 4.815677 seconds and try again... (tryings = 89, bot id = 7697100885)
2025-03-31 13:01:38 | ERROR | aiogram.dispatcher | dispatcher.py:219 | Failed to fetch updates - TelegramNetworkError: HTTP Client says - ClientConnectorError: Cannot connect to host 95.79.40.128:8081 ssl:default [The semaphore timeout period has expired]
2025-03-31 13:01:38 | WARNING | aiogram.dispatcher | dispatcher.py:221 | Sleep for 4.946271 seconds and try again... (tryings = 90, bot id = 7697100885)
2025-03-31 13:02:04 | ERROR | aiogram.dispatcher | dispatcher.py:219 | Failed to fetch updates - TelegramNetworkError: HTTP Client says - ClientConnectorError: Cannot connect to host 95.79.40.128:8081 ssl:default [The semaphore timeout period has expired]
2025-03-31 13:02:04 | WARNING | aiogram.dispatcher | dispatcher.py:221 | Sleep for 5.014104 seconds and try again... (tryings = 91, bot id = 7697100885)
2025-03-31 13:02:30 | ERROR | aiogram.dispatcher | dispatcher.py:219 | Failed to fetch updates - TelegramNetworkError: HTTP Client says - ClientConnectorError: Cannot connect to host 95.79.40.128:8081 ssl:default [The semaphore timeout period has expired]
2025-03-31 13:02:30 | WARNING | aiogram.dispatcher | dispatcher.py:221 | Sleep for 4.886490 seconds and try again... (tryings = 92, bot id = 7697100885)
2025-03-31 13:02:56 | ERROR | aiogram.dispatcher | dispatcher.py:219 | Failed to fetch updates - TelegramNetworkError: HTTP Client says - ClientConnectorError: Cannot connect to host 95.79.40.128:8081 ssl:default [The semaphore timeout period has expired]
2025-03-31 13:02:56 | WARNING | aiogram.dispatcher | dispatcher.py:221 | Sleep for 4.927913 seconds and try again... (tryings = 93, bot id = 7697100885)
2025-03-31 13:03:21 | ERROR | aiogram.dispatcher | dispatcher.py:219 | Failed to fetch updates - TelegramNetworkError: HTTP Client says - ClientConnectorError: Cannot connect to host 95.79.40.128:8081 ssl:default [The semaphore timeout period has expired]
2025-03-31 13:03:21 | WARNING | aiogram.dispatcher | dispatcher.py:221 | Sleep for 5.070092 seconds and try again... (tryings = 94, bot id = 7697100885)
2025-03-31 13:03:48 | ERROR | aiogram.dispatcher | dispatcher.py:219 | Failed to fetch updates - TelegramNetworkError: HTTP Client says - ClientConnectorError: Cannot connect to host 95.79.40.128:8081 ssl:default [The semaphore timeout period has expired]
2025-03-31 13:03:48 | WARNING | aiogram.dispatcher | dispatcher.py:221 | Sleep for 4.846862 seconds and try again... (tryings = 95, bot id = 7697100885)
2025-03-31 13:04:13 | ERROR | aiogram.dispatcher | dispatcher.py:219 | Failed to fetch updates - TelegramNetworkError: HTTP Client says - ClientConnectorError: Cannot connect to host 95.79.40.128:8081 ssl:default [The semaphore timeout period has expired]
2025-03-31 13:04:13 | WARNING | aiogram.dispatcher | dispatcher.py:221 | Sleep for 4.930980 seconds and try again... (tryings = 96, bot id = 7697100885)
2025-03-31 13:04:39 | ERROR | aiogram.dispatcher | dispatcher.py:219 | Failed to fetch updates - TelegramNetworkError: HTTP Client says - ClientConnectorError: Cannot connect to host 95.79.40.128:8081 ssl:default [The semaphore timeout period has expired]
2025-03-31 13:04:39 | WARNING | aiogram.dispatcher | dispatcher.py:221 | Sleep for 4.832655 seconds and try again... (tryings = 97, bot id = 7697100885)
2025-03-31 13:05:05 | ERROR | aiogram.dispatcher | dispatcher.py:219 | Failed to fetch updates - TelegramNetworkError: HTTP Client says - ClientConnectorError: Cannot connect to host 95.79.40.128:8081 ssl:default [The semaphore timeout period has expired]
2025-03-31 13:05:05 | WARNING | aiogram.dispatcher | dispatcher.py:221 | Sleep for 5.003138 seconds and try again... (tryings = 98, bot id = 7697100885)
2025-03-31 13:05:31 | ERROR | aiogram.dispatcher | dispatcher.py:219 | Failed to fetch updates - TelegramNetworkError: HTTP Client says - ClientConnectorError: Cannot connect to host 95.79.40.128:8081 ssl:default [The semaphore timeout period has expired]
2025-03-31 13:05:31 | WARNING | aiogram.dispatcher | dispatcher.py:221 | Sleep for 5.043994 seconds and try again... (tryings = 99, bot id = 7697100885)
2025-03-31 13:05:57 | ERROR | aiogram.dispatcher | dispatcher.py:219 | Failed to fetch updates - TelegramNetworkError: HTTP Client says - ClientConnectorError: Cannot connect to host 95.79.40.128:8081 ssl:default [The semaphore timeout period has expired]
2025-03-31 13:05:57 | WARNING | aiogram.dispatcher | dispatcher.py:221 | Sleep for 5.012643 seconds and try again... (tryings = 100, bot id = 7697100885)
2025-03-31 13:06:23 | ERROR | aiogram.dispatcher | dispatcher.py:219 | Failed to fetch updates - TelegramNetworkError: HTTP Client says - ClientConnectorError: Cannot connect to host 95.79.40.128:8081 ssl:default [The semaphore timeout period has expired]
2025-03-31 13:06:23 | WARNING | aiogram.dispatcher | dispatcher.py:221 | Sleep for 4.848283 seconds and try again... (tryings = 101, bot id = 7697100885)
2025-03-31 13:06:49 | ERROR | aiogram.dispatcher | dispatcher.py:219 | Failed to fetch updates - TelegramNetworkError: HTTP Client says - ClientConnectorError: Cannot connect to host 95.79.40.128:8081 ssl:default [The semaphore timeout period has expired]
2025-03-31 13:06:49 | WARNING | aiogram.dispatcher | dispatcher.py:221 | Sleep for 4.952808 seconds and try again... (tryings = 102, bot id = 7697100885)
2025-03-31 13:07:15 | ERROR | aiogram.dispatcher | dispatcher.py:219 | Failed to fetch updates - TelegramNetworkError: HTTP Client says - ClientConnectorError: Cannot connect to host 95.79.40.128:8081 ssl:default [The semaphore timeout period has expired]
2025-03-31 13:07:15 | WARNING | aiogram.dispatcher | dispatcher.py:221 | Sleep for 4.884440 seconds and try again... (tryings = 103, bot id = 7697100885)
2025-03-31 13:07:41 | ERROR | aiogram.dispatcher | dispatcher.py:219 | Failed to fetch updates - TelegramNetworkError: HTTP Client says - ClientConnectorError: Cannot connect to host 95.79.40.128:8081 ssl:default [The semaphore timeout period has expired]
2025-03-31 13:07:41 | WARNING | aiogram.dispatcher | dispatcher.py:221 | Sleep for 4.868474 seconds and try again... (tryings = 104, bot id = 7697100885)
2025-03-31 13:08:07 | ERROR | aiogram.dispatcher | dispatcher.py:219 | Failed to fetch updates - TelegramNetworkError: HTTP Client says - ClientConnectorError: Cannot connect to host 95.79.40.128:8081 ssl:default [The semaphore timeout period has expired]
2025-03-31 13:08:07 | WARNING | aiogram.dispatcher | dispatcher.py:221 | Sleep for 4.849592 seconds and try again... (tryings = 105, bot id = 7697100885)
2025-03-31 13:08:33 | ERROR | aiogram.dispatcher | dispatcher.py:219 | Failed to fetch updates - TelegramNetworkError: HTTP Client says - ClientConnectorError: Cannot connect to host 95.79.40.128:8081 ssl:default [The semaphore timeout period has expired]
2025-03-31 13:08:33 | WARNING | aiogram.dispatcher | dispatcher.py:221 | Sleep for 5.201576 seconds and try again... (tryings = 106, bot id = 7697100885)
2025-03-31 13:08:59 | ERROR | aiogram.dispatcher | dispatcher.py:219 | Failed to fetch updates - TelegramNetworkError: HTTP Client says - ClientConnectorError: Cannot connect to host 95.79.40.128:8081 ssl:default [The semaphore timeout period has expired]
2025-03-31 13:08:59 | WARNING | aiogram.dispatcher | dispatcher.py:221 | Sleep for 5.056500 seconds and try again... (tryings = 107, bot id = 7697100885)
2025-03-31 13:09:25 | ERROR | aiogram.dispatcher | dispatcher.py:219 | Failed to fetch updates - TelegramNetworkError: HTTP Client says - ClientConnectorError: Cannot connect to host 95.79.40.128:8081 ssl:default [The semaphore timeout period has expired]
2025-03-31 13:09:25 | WARNING | aiogram.dispatcher | dispatcher.py:221 | Sleep for 5.075587 seconds and try again... (tryings = 108, bot id = 7697100885)
2025-03-31 13:09:51 | ERROR | aiogram.dispatcher | dispatcher.py:219 | Failed to fetch updates - TelegramNetworkError: HTTP Client says - ClientConnectorError: Cannot connect to host 95.79.40.128:8081 ssl:default [The semaphore timeout period has expired]
2025-03-31 13:09:51 | WARNING | aiogram.dispatcher | dispatcher.py:221 | Sleep for 5.218655 seconds and try again... (tryings = 109, bot id = 7697100885)
2025-03-31 13:10:17 | ERROR | aiogram.dispatcher | dispatcher.py:219 | Failed to fetch updates - TelegramNetworkError: HTTP Client says - ClientConnectorError: Cannot connect to host 95.79.40.128:8081 ssl:default [The semaphore timeout period has expired]
2025-03-31 13:10:17 | WARNING | aiogram.dispatcher | dispatcher.py:221 | Sleep for 5.206592 seconds and try again... (tryings = 110, bot id = 7697100885)
2025-03-31 13:10:44 | ERROR | aiogram.dispatcher | dispatcher.py:219 | Failed to fetch updates - TelegramNetworkError: HTTP Client says - ClientConnectorError: Cannot connect to host 95.79.40.128:8081 ssl:default [The semaphore timeout period has expired]
2025-03-31 13:10:44 | WARNING | aiogram.dispatcher | dispatcher.py:221 | Sleep for 4.855981 seconds and try again... (tryings = 111, bot id = 7697100885)
2025-03-31 13:11:09 | ERROR | aiogram.dispatcher | dispatcher.py:219 | Failed to fetch updates - TelegramNetworkError: HTTP Client says - ClientConnectorError: Cannot connect to host 95.79.40.128:8081 ssl:default [The semaphore timeout period has expired]
2025-03-31 13:11:09 | WARNING | aiogram.dispatcher | dispatcher.py:221 | Sleep for 4.999781 seconds and try again... (tryings = 112, bot id = 7697100885)
2025-03-31 13:11:35 | ERROR | aiogram.dispatcher | dispatcher.py:219 | Failed to fetch updates - TelegramNetworkError: HTTP Client says - ClientConnectorError: Cannot connect to host 95.79.40.128:8081 ssl:default [The semaphore timeout period has expired]
2025-03-31 13:11:35 | WARNING | aiogram.dispatcher | dispatcher.py:221 | Sleep for 4.988795 seconds and try again... (tryings = 113, bot id = 7697100885)
2025-03-31 13:12:01 | ERROR | aiogram.dispatcher | dispatcher.py:219 | Failed to fetch updates - TelegramNetworkError: HTTP Client says - ClientConnectorError: Cannot connect to host 95.79.40.128:8081 ssl:default [The semaphore timeout period has expired]
2025-03-31 13:12:01 | WARNING | aiogram.dispatcher | dispatcher.py:221 | Sleep for 5.051454 seconds and try again... (tryings = 114, bot id = 7697100885)
2025-03-31 13:12:27 | ERROR | aiogram.dispatcher | dispatcher.py:219 | Failed to fetch updates - TelegramNetworkError: HTTP Client says - ClientConnectorError: Cannot connect to host 95.79.40.128:8081 ssl:default [The semaphore timeout period has expired]
2025-03-31 13:12:27 | WARNING | aiogram.dispatcher | dispatcher.py:221 | Sleep for 4.831083 seconds and try again... (tryings = 115, bot id = 7697100885)
2025-03-31 13:12:53 | ERROR | aiogram.dispatcher | dispatcher.py:219 | Failed to fetch updates - TelegramNetworkError: HTTP Client says - ClientConnectorError: Cannot connect to host 95.79.40.128:8081 ssl:default [The semaphore timeout period has expired]
2025-03-31 13:12:53 | WARNING | aiogram.dispatcher | dispatcher.py:221 | Sleep for 5.050270 seconds and try again... (tryings = 116, bot id = 7697100885)
2025-03-31 13:13:19 | ERROR | aiogram.dispatcher | dispatcher.py:219 | Failed to fetch updates - TelegramNetworkError: HTTP Client says - ClientConnectorError: Cannot connect to host 95.79.40.128:8081 ssl:default [The semaphore timeout period has expired]
2025-03-31 13:13:19 | WARNING | aiogram.dispatcher | dispatcher.py:221 | Sleep for 4.932311 seconds and try again... (tryings = 117, bot id = 7697100885)
2025-03-31 13:13:45 | ERROR | aiogram.dispatcher | dispatcher.py:219 | Failed to fetch updates - TelegramNetworkError: HTTP Client says - ClientConnectorError: Cannot connect to host 95.79.40.128:8081 ssl:default [The semaphore timeout period has expired]
2025-03-31 13:13:45 | WARNING | aiogram.dispatcher | dispatcher.py:221 | Sleep for 5.051455 seconds and try again... (tryings = 118, bot id = 7697100885)
2025-03-31 13:14:11 | ERROR | aiogram.dispatcher | dispatcher.py:219 | Failed to fetch updates - TelegramNetworkError: HTTP Client says - ClientConnectorError: Cannot connect to host 95.79.40.128:8081 ssl:default [The semaphore timeout period has expired]
2025-03-31 13:14:11 | WARNING | aiogram.dispatcher | dispatcher.py:221 | Sleep for 4.933742 seconds and try again... (tryings = 119, bot id = 7697100885)
2025-03-31 13:14:37 | ERROR | aiogram.dispatcher | dispatcher.py:219 | Failed to fetch updates - TelegramNetworkError: HTTP Client says - ClientConnectorError: Cannot connect to host 95.79.40.128:8081 ssl:default [The semaphore timeout period has expired]
2025-03-31 13:14:37 | WARNING | aiogram.dispatcher | dispatcher.py:221 | Sleep for 5.030753 seconds and try again... (tryings = 120, bot id = 7697100885)
2025-03-31 13:15:03 | ERROR | aiogram.dispatcher | dispatcher.py:219 | Failed to fetch updates - TelegramNetworkError: HTTP Client says - ClientConnectorError: Cannot connect to host 95.79.40.128:8081 ssl:default [The semaphore timeout period has expired]
2025-03-31 13:15:03 | WARNING | aiogram.dispatcher | dispatcher.py:221 | Sleep for 5.264248 seconds and try again... (tryings = 121, bot id = 7697100885)
2025-03-31 13:15:30 | ERROR | aiogram.dispatcher | dispatcher.py:219 | Failed to fetch updates - TelegramNetworkError: HTTP Client says - ClientConnectorError: Cannot connect to host 95.79.40.128:8081 ssl:default [The semaphore timeout period has expired]
2025-03-31 13:15:30 | WARNING | aiogram.dispatcher | dispatcher.py:221 | Sleep for 5.040636 seconds and try again... (tryings = 122, bot id = 7697100885)
2025-03-31 13:15:56 | ERROR | aiogram.dispatcher | dispatcher.py:219 | Failed to fetch updates - TelegramNetworkError: HTTP Client says - ClientConnectorError: Cannot connect to host 95.79.40.128:8081 ssl:default [The semaphore timeout period has expired]
2025-03-31 13:15:56 | WARNING | aiogram.dispatcher | dispatcher.py:221 | Sleep for 5.008308 seconds and try again... (tryings = 123, bot id = 7697100885)
2025-03-31 13:16:22 | ERROR | aiogram.dispatcher | dispatcher.py:219 | Failed to fetch updates - TelegramNetworkError: HTTP Client says - ClientConnectorError: Cannot connect to host 95.79.40.128:8081 ssl:default [The semaphore timeout period has expired]
2025-03-31 13:16:22 | WARNING | aiogram.dispatcher | dispatcher.py:221 | Sleep for 5.103752 seconds and try again... (tryings = 124, bot id = 7697100885)
2025-03-31 13:16:48 | ERROR | aiogram.dispatcher | dispatcher.py:219 | Failed to fetch updates - TelegramNetworkError: HTTP Client says - ClientConnectorError: Cannot connect to host 95.79.40.128:8081 ssl:default [The semaphore timeout period has expired]
2025-03-31 13:16:48 | WARNING | aiogram.dispatcher | dispatcher.py:221 | Sleep for 5.020152 seconds and try again... (tryings = 125, bot id = 7697100885)
2025-03-31 13:17:14 | ERROR | aiogram.dispatcher | dispatcher.py:219 | Failed to fetch updates - TelegramNetworkError: HTTP Client says - ClientConnectorError: Cannot connect to host 95.79.40.128:8081 ssl:default [The semaphore timeout period has expired]
2025-03-31 13:17:14 | WARNING | aiogram.dispatcher | dispatcher.py:221 | Sleep for 4.917196 seconds and try again... (tryings = 126, bot id = 7697100885)
2025-03-31 13:17:40 | ERROR | aiogram.dispatcher | dispatcher.py:219 | Failed to fetch updates - TelegramNetworkError: HTTP Client says - ClientConnectorError: Cannot connect to host 95.79.40.128:8081 ssl:default [The semaphore timeout period has expired]
2025-03-31 13:17:40 | WARNING | aiogram.dispatcher | dispatcher.py:221 | Sleep for 4.990705 seconds and try again... (tryings = 127, bot id = 7697100885)
2025-03-31 13:18:06 | ERROR | aiogram.dispatcher | dispatcher.py:219 | Failed to fetch updates - TelegramNetworkError: HTTP Client says - ClientConnectorError: Cannot connect to host 95.79.40.128:8081 ssl:default [The semaphore timeout period has expired]
2025-03-31 13:18:06 | WARNING | aiogram.dispatcher | dispatcher.py:221 | Sleep for 4.933536 seconds and try again... (tryings = 128, bot id = 7697100885)
2025-03-31 13:18:32 | ERROR | aiogram.dispatcher | dispatcher.py:219 | Failed to fetch updates - TelegramNetworkError: HTTP Client says - ClientConnectorError: Cannot connect to host 95.79.40.128:8081 ssl:default [The semaphore timeout period has expired]
2025-03-31 13:18:32 | WARNING | aiogram.dispatcher | dispatcher.py:221 | Sleep for 5.023899 seconds and try again... (tryings = 129, bot id = 7697100885)
2025-03-31 13:18:58 | ERROR | aiogram.dispatcher | dispatcher.py:219 | Failed to fetch updates - TelegramNetworkError: HTTP Client says - ClientConnectorError: Cannot connect to host 95.79.40.128:8081 ssl:default [The semaphore timeout period has expired]
2025-03-31 13:18:58 | WARNING | aiogram.dispatcher | dispatcher.py:221 | Sleep for 5.101592 seconds and try again... (tryings = 130, bot id = 7697100885)
2025-03-31 13:19:24 | ERROR | aiogram.dispatcher | dispatcher.py:219 | Failed to fetch updates - TelegramNetworkError: HTTP Client says - ClientConnectorError: Cannot connect to host 95.79.40.128:8081 ssl:default [The semaphore timeout period has expired]
2025-03-31 13:19:24 | WARNING | aiogram.dispatcher | dispatcher.py:221 | Sleep for 5.043116 seconds and try again... (tryings = 131, bot id = 7697100885)
2025-03-31 13:19:50 | ERROR | aiogram.dispatcher | dispatcher.py:219 | Failed to fetch updates - TelegramNetworkError: HTTP Client says - ClientConnectorError: Cannot connect to host 95.79.40.128:8081 ssl:default [The semaphore timeout period has expired]
2025-03-31 13:19:50 | WARNING | aiogram.dispatcher | dispatcher.py:221 | Sleep for 5.192914 seconds and try again... (tryings = 132, bot id = 7697100885)
2025-03-31 13:20:16 | ERROR | aiogram.dispatcher | dispatcher.py:219 | Failed to fetch updates - TelegramNetworkError: HTTP Client says - ClientConnectorError: Cannot connect to host 95.79.40.128:8081 ssl:default [The semaphore timeout period has expired]
2025-03-31 13:20:16 | WARNING | aiogram.dispatcher | dispatcher.py:221 | Sleep for 4.858990 seconds and try again... (tryings = 133, bot id = 7697100885)
2025-03-31 13:20:42 | ERROR | aiogram.dispatcher | dispatcher.py:219 | Failed to fetch updates - TelegramNetworkError: HTTP Client says - ClientConnectorError: Cannot connect to host 95.79.40.128:8081 ssl:default [The semaphore timeout period has expired]
2025-03-31 13:20:42 | WARNING | aiogram.dispatcher | dispatcher.py:221 | Sleep for 4.887238 seconds and try again... (tryings = 134, bot id = 7697100885)
2025-03-31 13:21:08 | ERROR | aiogram.dispatcher | dispatcher.py:219 | Failed to fetch updates - TelegramNetworkError: HTTP Client says - ClientConnectorError: Cannot connect to host 95.79.40.128:8081 ssl:default [The semaphore timeout period has expired]
2025-03-31 13:21:08 | WARNING | aiogram.dispatcher | dispatcher.py:221 | Sleep for 4.997018 seconds and try again... (tryings = 135, bot id = 7697100885)
2025-03-31 13:21:34 | ERROR | aiogram.dispatcher | dispatcher.py:219 | Failed to fetch updates - TelegramNetworkError: HTTP Client says - ClientConnectorError: Cannot connect to host 95.79.40.128:8081 ssl:default [The semaphore timeout period has expired]
2025-03-31 13:21:34 | WARNING | aiogram.dispatcher | dispatcher.py:221 | Sleep for 5.097565 seconds and try again... (tryings = 136, bot id = 7697100885)
2025-03-31 13:22:00 | ERROR | aiogram.dispatcher | dispatcher.py:219 | Failed to fetch updates - TelegramNetworkError: HTTP Client says - ClientConnectorError: Cannot connect to host 95.79.40.128:8081 ssl:default [The semaphore timeout period has expired]
2025-03-31 13:22:00 | WARNING | aiogram.dispatcher | dispatcher.py:221 | Sleep for 5.089657 seconds and try again... (tryings = 137, bot id = 7697100885)
2025-03-31 13:22:26 | ERROR | aiogram.dispatcher | dispatcher.py:219 | Failed to fetch updates - TelegramNetworkError: HTTP Client says - ClientConnectorError: Cannot connect to host 95.79.40.128:8081 ssl:default [The semaphore timeout period has expired]
2025-03-31 13:22:26 | WARNING | aiogram.dispatcher | dispatcher.py:221 | Sleep for 5.128239 seconds and try again... (tryings = 138, bot id = 7697100885)
2025-03-31 13:22:52 | ERROR | aiogram.dispatcher | dispatcher.py:219 | Failed to fetch updates - TelegramNetworkError: HTTP Client says - ClientConnectorError: Cannot connect to host 95.79.40.128:8081 ssl:default [The semaphore timeout period has expired]
2025-03-31 13:22:52 | WARNING | aiogram.dispatcher | dispatcher.py:221 | Sleep for 5.003343 seconds and try again... (tryings = 139, bot id = 7697100885)
2025-03-31 13:23:18 | ERROR | aiogram.dispatcher | dispatcher.py:219 | Failed to fetch updates - TelegramNetworkError: HTTP Client says - ClientConnectorError: Cannot connect to host 95.79.40.128:8081 ssl:default [The semaphore timeout period has expired]
2025-03-31 13:23:18 | WARNING | aiogram.dispatcher | dispatcher.py:221 | Sleep for 5.100463 seconds and try again... (tryings = 140, bot id = 7697100885)
2025-03-31 13:23:44 | ERROR | aiogram.dispatcher | dispatcher.py:219 | Failed to fetch updates - TelegramNetworkError: HTTP Client says - ClientConnectorError: Cannot connect to host 95.79.40.128:8081 ssl:default [The semaphore timeout period has expired]
2025-03-31 13:23:44 | WARNING | aiogram.dispatcher | dispatcher.py:221 | Sleep for 4.978130 seconds and try again... (tryings = 141, bot id = 7697100885)
2025-03-31 13:24:10 | ERROR | aiogram.dispatcher | dispatcher.py:219 | Failed to fetch updates - TelegramNetworkError: HTTP Client says - ClientConnectorError: Cannot connect to host 95.79.40.128:8081 ssl:default [The semaphore timeout period has expired]
2025-03-31 13:24:10 | WARNING | aiogram.dispatcher | dispatcher.py:221 | Sleep for 4.937322 seconds and try again... (tryings = 142, bot id = 7697100885)
2025-03-31 13:24:36 | ERROR | aiogram.dispatcher | dispatcher.py:219 | Failed to fetch updates - TelegramNetworkError: HTTP Client says - ClientConnectorError: Cannot connect to host 95.79.40.128:8081 ssl:default [The semaphore timeout period has expired]
2025-03-31 13:24:36 | WARNING | aiogram.dispatcher | dispatcher.py:221 | Sleep for 4.873840 seconds and try again... (tryings = 143, bot id = 7697100885)
2025-03-31 13:25:02 | ERROR | aiogram.dispatcher | dispatcher.py:219 | Failed to fetch updates - TelegramNetworkError: HTTP Client says - ClientConnectorError: Cannot connect to host 95.79.40.128:8081 ssl:default [The semaphore timeout period has expired]
2025-03-31 13:25:02 | WARNING | aiogram.dispatcher | dispatcher.py:221 | Sleep for 5.099398 seconds and try again... (tryings = 144, bot id = 7697100885)
2025-03-31 13:25:28 | ERROR | aiogram.dispatcher | dispatcher.py:219 | Failed to fetch updates - TelegramNetworkError: HTTP Client says - ClientConnectorError: Cannot connect to host 95.79.40.128:8081 ssl:default [The semaphore timeout period has expired]
2025-03-31 13:25:28 | WARNING | aiogram.dispatcher | dispatcher.py:221 | Sleep for 4.917288 seconds and try again... (tryings = 145, bot id = 7697100885)
2025-03-31 13:25:54 | ERROR | aiogram.dispatcher | dispatcher.py:219 | Failed to fetch updates - TelegramNetworkError: HTTP Client says - ClientConnectorError: Cannot connect to host 95.79.40.128:8081 ssl:default [The semaphore timeout period has expired]
2025-03-31 13:25:54 | WARNING | aiogram.dispatcher | dispatcher.py:221 | Sleep for 5.018997 seconds and try again... (tryings = 146, bot id = 7697100885)
2025-03-31 13:26:20 | ERROR | aiogram.dispatcher | dispatcher.py:219 | Failed to fetch updates - TelegramNetworkError: HTTP Client says - ClientConnectorError: Cannot connect to host 95.79.40.128:8081 ssl:default [The semaphore timeout period has expired]
2025-03-31 13:26:20 | WARNING | aiogram.dispatcher | dispatcher.py:221 | Sleep for 4.932860 seconds and try again... (tryings = 147, bot id = 7697100885)
2025-03-31 13:26:46 | ERROR | aiogram.dispatcher | dispatcher.py:219 | Failed to fetch updates - TelegramNetworkError: HTTP Client says - ClientConnectorError: Cannot connect to host 95.79.40.128:8081 ssl:default [The semaphore timeout period has expired]
2025-03-31 13:26:46 | WARNING | aiogram.dispatcher | dispatcher.py:221 | Sleep for 5.082848 seconds and try again... (tryings = 148, bot id = 7697100885)
2025-03-31 13:27:12 | ERROR | aiogram.dispatcher | dispatcher.py:219 | Failed to fetch updates - TelegramNetworkError: HTTP Client says - ClientConnectorError: Cannot connect to host 95.79.40.128:8081 ssl:default [The semaphore timeout period has expired]
2025-03-31 13:27:12 | WARNING | aiogram.dispatcher | dispatcher.py:221 | Sleep for 4.968768 seconds and try again... (tryings = 149, bot id = 7697100885)
2025-03-31 13:27:38 | ERROR | aiogram.dispatcher | dispatcher.py:219 | Failed to fetch updates - TelegramNetworkError: HTTP Client says - ClientConnectorError: Cannot connect to host 95.79.40.128:8081 ssl:default [The semaphore timeout period has expired]
2025-03-31 13:27:38 | WARNING | aiogram.dispatcher | dispatcher.py:221 | Sleep for 5.132489 seconds and try again... (tryings = 150, bot id = 7697100885)
2025-03-31 13:28:04 | ERROR | aiogram.dispatcher | dispatcher.py:219 | Failed to fetch updates - TelegramNetworkError: HTTP Client says - ClientConnectorError: Cannot connect to host 95.79.40.128:8081 ssl:default [The semaphore timeout period has expired]
2025-03-31 13:28:04 | WARNING | aiogram.dispatcher | dispatcher.py:221 | Sleep for 4.945333 seconds and try again... (tryings = 151, bot id = 7697100885)
2025-03-31 13:28:30 | ERROR | aiogram.dispatcher | dispatcher.py:219 | Failed to fetch updates - TelegramNetworkError: HTTP Client says - ClientConnectorError: Cannot connect to host 95.79.40.128:8081 ssl:default [The semaphore timeout period has expired]
2025-03-31 13:28:30 | WARNING | aiogram.dispatcher | dispatcher.py:221 | Sleep for 4.909417 seconds and try again... (tryings = 152, bot id = 7697100885)
2025-03-31 13:28:56 | ERROR | aiogram.dispatcher | dispatcher.py:219 | Failed to fetch updates - TelegramNetworkError: HTTP Client says - ClientConnectorError: Cannot connect to host 95.79.40.128:8081 ssl:default [The semaphore timeout period has expired]
2025-03-31 13:28:56 | WARNING | aiogram.dispatcher | dispatcher.py:221 | Sleep for 4.971327 seconds and try again... (tryings = 153, bot id = 7697100885)
2025-03-31 13:29:22 | ERROR | aiogram.dispatcher | dispatcher.py:219 | Failed to fetch updates - TelegramNetworkError: HTTP Client says - ClientConnectorError: Cannot connect to host 95.79.40.128:8081 ssl:default [The semaphore timeout period has expired]
2025-03-31 13:29:22 | WARNING | aiogram.dispatcher | dispatcher.py:221 | Sleep for 5.009945 seconds and try again... (tryings = 154, bot id = 7697100885)
2025-03-31 13:29:48 | ERROR | aiogram.dispatcher | dispatcher.py:219 | Failed to fetch updates - TelegramNetworkError: HTTP Client says - ClientConnectorError: Cannot connect to host 95.79.40.128:8081 ssl:default [The semaphore timeout period has expired]
2025-03-31 13:29:48 | WARNING | aiogram.dispatcher | dispatcher.py:221 | Sleep for 4.699126 seconds and try again... (tryings = 155, bot id = 7697100885)
2025-03-31 13:30:14 | ERROR | aiogram.dispatcher | dispatcher.py:219 | Failed to fetch updates - TelegramNetworkError: HTTP Client says - ClientConnectorError: Cannot connect to host 95.79.40.128:8081 ssl:default [The semaphore timeout period has expired]
2025-03-31 13:30:14 | WARNING | aiogram.dispatcher | dispatcher.py:221 | Sleep for 5.061351 seconds and try again... (tryings = 156, bot id = 7697100885)
2025-03-31 13:30:40 | ERROR | aiogram.dispatcher | dispatcher.py:219 | Failed to fetch updates - TelegramNetworkError: HTTP Client says - ClientConnectorError: Cannot connect to host 95.79.40.128:8081 ssl:default [The semaphore timeout period has expired]
2025-03-31 13:30:40 | WARNING | aiogram.dispatcher | dispatcher.py:221 | Sleep for 5.014655 seconds and try again... (tryings = 157, bot id = 7697100885)
2025-03-31 13:31:06 | ERROR | aiogram.dispatcher | dispatcher.py:219 | Failed to fetch updates - TelegramNetworkError: HTTP Client says - ClientConnectorError: Cannot connect to host 95.79.40.128:8081 ssl:default [The semaphore timeout period has expired]
2025-03-31 13:31:06 | WARNING | aiogram.dispatcher | dispatcher.py:221 | Sleep for 4.906989 seconds and try again... (tryings = 158, bot id = 7697100885)
2025-03-31 13:31:32 | ERROR | aiogram.dispatcher | dispatcher.py:219 | Failed to fetch updates - TelegramNetworkError: HTTP Client says - ClientConnectorError: Cannot connect to host 95.79.40.128:8081 ssl:default [The semaphore timeout period has expired]
2025-03-31 13:31:32 | WARNING | aiogram.dispatcher | dispatcher.py:221 | Sleep for 5.089345 seconds and try again... (tryings = 159, bot id = 7697100885)
2025-03-31 13:31:58 | ERROR | aiogram.dispatcher | dispatcher.py:219 | Failed to fetch updates - TelegramNetworkError: HTTP Client says - ClientConnectorError: Cannot connect to host 95.79.40.128:8081 ssl:default [The semaphore timeout period has expired]
2025-03-31 13:31:58 | WARNING | aiogram.dispatcher | dispatcher.py:221 | Sleep for 4.964045 seconds and try again... (tryings = 160, bot id = 7697100885)
2025-03-31 13:32:24 | ERROR | aiogram.dispatcher | dispatcher.py:219 | Failed to fetch updates - TelegramNetworkError: HTTP Client says - ClientConnectorError: Cannot connect to host 95.79.40.128:8081 ssl:default [The semaphore timeout period has expired]
2025-03-31 13:32:24 | WARNING | aiogram.dispatcher | dispatcher.py:221 | Sleep for 5.021995 seconds and try again... (tryings = 161, bot id = 7697100885)
2025-03-31 13:32:50 | ERROR | aiogram.dispatcher | dispatcher.py:219 | Failed to fetch updates - TelegramNetworkError: HTTP Client says - ClientConnectorError: Cannot connect to host 95.79.40.128:8081 ssl:default [The semaphore timeout period has expired]
2025-03-31 13:32:50 | WARNING | aiogram.dispatcher | dispatcher.py:221 | Sleep for 4.974361 seconds and try again... (tryings = 162, bot id = 7697100885)
2025-03-31 13:33:16 | ERROR | aiogram.dispatcher | dispatcher.py:219 | Failed to fetch updates - TelegramNetworkError: HTTP Client says - ClientConnectorError: Cannot connect to host 95.79.40.128:8081 ssl:default [The semaphore timeout period has expired]
2025-03-31 13:33:16 | WARNING | aiogram.dispatcher | dispatcher.py:221 | Sleep for 5.119410 seconds and try again... (tryings = 163, bot id = 7697100885)
2025-03-31 13:33:42 | ERROR | aiogram.dispatcher | dispatcher.py:219 | Failed to fetch updates - TelegramNetworkError: HTTP Client says - ClientConnectorError: Cannot connect to host 95.79.40.128:8081 ssl:default [The semaphore timeout period has expired]
2025-03-31 13:33:42 | WARNING | aiogram.dispatcher | dispatcher.py:221 | Sleep for 5.111039 seconds and try again... (tryings = 164, bot id = 7697100885)
2025-03-31 13:34:08 | ERROR | aiogram.dispatcher | dispatcher.py:219 | Failed to fetch updates - TelegramNetworkError: HTTP Client says - ClientConnectorError: Cannot connect to host 95.79.40.128:8081 ssl:default [The semaphore timeout period has expired]
2025-03-31 13:34:08 | WARNING | aiogram.dispatcher | dispatcher.py:221 | Sleep for 5.066262 seconds and try again... (tryings = 165, bot id = 7697100885)
2025-03-31 13:34:34 | ERROR | aiogram.dispatcher | dispatcher.py:219 | Failed to fetch updates - TelegramNetworkError: HTTP Client says - ClientConnectorError: Cannot connect to host 95.79.40.128:8081 ssl:default [The semaphore timeout period has expired]
2025-03-31 13:34:34 | WARNING | aiogram.dispatcher | dispatcher.py:221 | Sleep for 5.020463 seconds and try again... (tryings = 166, bot id = 7697100885)
2025-03-31 13:35:00 | ERROR | aiogram.dispatcher | dispatcher.py:219 | Failed to fetch updates - TelegramNetworkError: HTTP Client says - ClientConnectorError: Cannot connect to host 95.79.40.128:8081 ssl:default [The semaphore timeout period has expired]
2025-03-31 13:35:00 | WARNING | aiogram.dispatcher | dispatcher.py:221 | Sleep for 4.931947 seconds and try again... (tryings = 167, bot id = 7697100885)
2025-03-31 13:35:26 | ERROR | aiogram.dispatcher | dispatcher.py:219 | Failed to fetch updates - TelegramNetworkError: HTTP Client says - ClientConnectorError: Cannot connect to host 95.79.40.128:8081 ssl:default [The semaphore timeout period has expired]
2025-03-31 13:35:26 | WARNING | aiogram.dispatcher | dispatcher.py:221 | Sleep for 5.043604 seconds and try again... (tryings = 168, bot id = 7697100885)
2025-03-31 13:35:52 | ERROR | aiogram.dispatcher | dispatcher.py:219 | Failed to fetch updates - TelegramNetworkError: HTTP Client says - ClientConnectorError: Cannot connect to host 95.79.40.128:8081 ssl:default [The semaphore timeout period has expired]
2025-03-31 13:35:52 | WARNING | aiogram.dispatcher | dispatcher.py:221 | Sleep for 5.050912 seconds and try again... (tryings = 169, bot id = 7697100885)
2025-03-31 13:36:18 | ERROR | aiogram.dispatcher | dispatcher.py:219 | Failed to fetch updates - TelegramNetworkError: HTTP Client says - ClientConnectorError: Cannot connect to host 95.79.40.128:8081 ssl:default [The semaphore timeout period has expired]
2025-03-31 13:36:18 | WARNING | aiogram.dispatcher | dispatcher.py:221 | Sleep for 5.025972 seconds and try again... (tryings = 170, bot id = 7697100885)
2025-03-31 13:36:44 | ERROR | aiogram.dispatcher | dispatcher.py:219 | Failed to fetch updates - TelegramNetworkError: HTTP Client says - ClientConnectorError: Cannot connect to host 95.79.40.128:8081 ssl:default [The semaphore timeout period has expired]
2025-03-31 13:36:44 | WARNING | aiogram.dispatcher | dispatcher.py:221 | Sleep for 4.855939 seconds and try again... (tryings = 171, bot id = 7697100885)
2025-03-31 13:37:10 | ERROR | aiogram.dispatcher | dispatcher.py:219 | Failed to fetch updates - TelegramNetworkError: HTTP Client says - ClientConnectorError: Cannot connect to host 95.79.40.128:8081 ssl:default [The semaphore timeout period has expired]
2025-03-31 13:37:10 | WARNING | aiogram.dispatcher | dispatcher.py:221 | Sleep for 4.974061 seconds and try again... (tryings = 172, bot id = 7697100885)
2025-03-31 13:37:36 | ERROR | aiogram.dispatcher | dispatcher.py:219 | Failed to fetch updates - TelegramNetworkError: HTTP Client says - ClientConnectorError: Cannot connect to host 95.79.40.128:8081 ssl:default [The semaphore timeout period has expired]
2025-03-31 13:37:36 | WARNING | aiogram.dispatcher | dispatcher.py:221 | Sleep for 5.078164 seconds and try again... (tryings = 173, bot id = 7697100885)
2025-03-31 13:38:02 | ERROR | aiogram.dispatcher | dispatcher.py:219 | Failed to fetch updates - TelegramNetworkError: HTTP Client says - ClientConnectorError: Cannot connect to host 95.79.40.128:8081 ssl:default [The semaphore timeout period has expired]
2025-03-31 13:38:02 | WARNING | aiogram.dispatcher | dispatcher.py:221 | Sleep for 4.908081 seconds and try again... (tryings = 174, bot id = 7697100885)
2025-03-31 13:38:28 | ERROR | aiogram.dispatcher | dispatcher.py:219 | Failed to fetch updates - TelegramNetworkError: HTTP Client says - ClientConnectorError: Cannot connect to host 95.79.40.128:8081 ssl:default [The semaphore timeout period has expired]
2025-03-31 13:38:28 | WARNING | aiogram.dispatcher | dispatcher.py:221 | Sleep for 4.987896 seconds and try again... (tryings = 175, bot id = 7697100885)
2025-03-31 13:38:54 | ERROR | aiogram.dispatcher | dispatcher.py:219 | Failed to fetch updates - TelegramNetworkError: HTTP Client says - ClientConnectorError: Cannot connect to host 95.79.40.128:8081 ssl:default [The semaphore timeout period has expired]
2025-03-31 13:38:54 | WARNING | aiogram.dispatcher | dispatcher.py:221 | Sleep for 5.057451 seconds and try again... (tryings = 176, bot id = 7697100885)
2025-03-31 13:39:20 | ERROR | aiogram.dispatcher | dispatcher.py:219 | Failed to fetch updates - TelegramNetworkError: HTTP Client says - ClientConnectorError: Cannot connect to host 95.79.40.128:8081 ssl:default [The semaphore timeout period has expired]
2025-03-31 13:39:20 | WARNING | aiogram.dispatcher | dispatcher.py:221 | Sleep for 5.054433 seconds and try again... (tryings = 177, bot id = 7697100885)
2025-03-31 13:39:46 | ERROR | aiogram.dispatcher | dispatcher.py:219 | Failed to fetch updates - TelegramNetworkError: HTTP Client says - ClientConnectorError: Cannot connect to host 95.79.40.128:8081 ssl:default [The semaphore timeout period has expired]
2025-03-31 13:39:46 | WARNING | aiogram.dispatcher | dispatcher.py:221 | Sleep for 5.108580 seconds and try again... (tryings = 178, bot id = 7697100885)
2025-03-31 13:40:12 | ERROR | aiogram.dispatcher | dispatcher.py:219 | Failed to fetch updates - TelegramNetworkError: HTTP Client says - ClientConnectorError: Cannot connect to host 95.79.40.128:8081 ssl:default [The semaphore timeout period has expired]
2025-03-31 13:40:12 | WARNING | aiogram.dispatcher | dispatcher.py:221 | Sleep for 4.997830 seconds and try again... (tryings = 179, bot id = 7697100885)
2025-03-31 13:40:38 | ERROR | aiogram.dispatcher | dispatcher.py:219 | Failed to fetch updates - TelegramNetworkError: HTTP Client says - ClientConnectorError: Cannot connect to host 95.79.40.128:8081 ssl:default [The semaphore timeout period has expired]
2025-03-31 13:40:38 | WARNING | aiogram.dispatcher | dispatcher.py:221 | Sleep for 5.088199 seconds and try again... (tryings = 180, bot id = 7697100885)
2025-03-31 13:41:05 | ERROR | aiogram.dispatcher | dispatcher.py:219 | Failed to fetch updates - TelegramNetworkError: HTTP Client says - ClientConnectorError: Cannot connect to host 95.79.40.128:8081 ssl:default [The semaphore timeout period has expired]
2025-03-31 13:41:05 | WARNING | aiogram.dispatcher | dispatcher.py:221 | Sleep for 5.022174 seconds and try again... (tryings = 181, bot id = 7697100885)
2025-03-31 13:41:31 | ERROR | aiogram.dispatcher | dispatcher.py:219 | Failed to fetch updates - TelegramNetworkError: HTTP Client says - ClientConnectorError: Cannot connect to host 95.79.40.128:8081 ssl:default [The semaphore timeout period has expired]
2025-03-31 13:41:31 | WARNING | aiogram.dispatcher | dispatcher.py:221 | Sleep for 4.948859 seconds and try again... (tryings = 182, bot id = 7697100885)
2025-03-31 13:41:56 | ERROR | aiogram.dispatcher | dispatcher.py:219 | Failed to fetch updates - TelegramNetworkError: HTTP Client says - ClientConnectorError: Cannot connect to host 95.79.40.128:8081 ssl:default [The semaphore timeout period has expired]
2025-03-31 13:41:56 | WARNING | aiogram.dispatcher | dispatcher.py:221 | Sleep for 5.034873 seconds and try again... (tryings = 183, bot id = 7697100885)
2025-03-31 13:42:23 | ERROR | aiogram.dispatcher | dispatcher.py:219 | Failed to fetch updates - TelegramNetworkError: HTTP Client says - ClientConnectorError: Cannot connect to host 95.79.40.128:8081 ssl:default [The semaphore timeout period has expired]
2025-03-31 13:42:23 | WARNING | aiogram.dispatcher | dispatcher.py:221 | Sleep for 4.911176 seconds and try again... (tryings = 184, bot id = 7697100885)
2025-03-31 13:42:48 | ERROR | aiogram.dispatcher | dispatcher.py:219 | Failed to fetch updates - TelegramNetworkError: HTTP Client says - ClientConnectorError: Cannot connect to host 95.79.40.128:8081 ssl:default [The semaphore timeout period has expired]
2025-03-31 13:42:48 | WARNING | aiogram.dispatcher | dispatcher.py:221 | Sleep for 5.137414 seconds and try again... (tryings = 185, bot id = 7697100885)
2025-03-31 13:43:15 | ERROR | aiogram.dispatcher | dispatcher.py:219 | Failed to fetch updates - TelegramNetworkError: HTTP Client says - ClientConnectorError: Cannot connect to host 95.79.40.128:8081 ssl:default [The semaphore timeout period has expired]
2025-03-31 13:43:15 | WARNING | aiogram.dispatcher | dispatcher.py:221 | Sleep for 4.986426 seconds and try again... (tryings = 186, bot id = 7697100885)
2025-03-31 13:43:41 | ERROR | aiogram.dispatcher | dispatcher.py:219 | Failed to fetch updates - TelegramNetworkError: HTTP Client says - ClientConnectorError: Cannot connect to host 95.79.40.128:8081 ssl:default [The semaphore timeout period has expired]
2025-03-31 13:43:41 | WARNING | aiogram.dispatcher | dispatcher.py:221 | Sleep for 5.001104 seconds and try again... (tryings = 187, bot id = 7697100885)
2025-03-31 13:44:07 | ERROR | aiogram.dispatcher | dispatcher.py:219 | Failed to fetch updates - TelegramNetworkError: HTTP Client says - ClientConnectorError: Cannot connect to host 95.79.40.128:8081 ssl:default [The semaphore timeout period has expired]
2025-03-31 13:44:07 | WARNING | aiogram.dispatcher | dispatcher.py:221 | Sleep for 5.060751 seconds and try again... (tryings = 188, bot id = 7697100885)
2025-03-31 13:44:33 | ERROR | aiogram.dispatcher | dispatcher.py:219 | Failed to fetch updates - TelegramNetworkError: HTTP Client says - ClientConnectorError: Cannot connect to host 95.79.40.128:8081 ssl:default [The semaphore timeout period has expired]
2025-03-31 13:44:33 | WARNING | aiogram.dispatcher | dispatcher.py:221 | Sleep for 4.867872 seconds and try again... (tryings = 189, bot id = 7697100885)
2025-03-31 13:44:59 | ERROR | aiogram.dispatcher | dispatcher.py:219 | Failed to fetch updates - TelegramNetworkError: HTTP Client says - ClientConnectorError: Cannot connect to host 95.79.40.128:8081 ssl:default [The semaphore timeout period has expired]
2025-03-31 13:44:59 | WARNING | aiogram.dispatcher | dispatcher.py:221 | Sleep for 4.945422 seconds and try again... (tryings = 190, bot id = 7697100885)
2025-03-31 13:45:24 | ERROR | aiogram.dispatcher | dispatcher.py:219 | Failed to fetch updates - TelegramNetworkError: HTTP Client says - ClientConnectorError: Cannot connect to host 95.79.40.128:8081 ssl:default [The semaphore timeout period has expired]
2025-03-31 13:45:24 | WARNING | aiogram.dispatcher | dispatcher.py:221 | Sleep for 4.900235 seconds and try again... (tryings = 191, bot id = 7697100885)
2025-03-31 13:45:50 | ERROR | aiogram.dispatcher | dispatcher.py:219 | Failed to fetch updates - TelegramNetworkError: HTTP Client says - ClientConnectorError: Cannot connect to host 95.79.40.128:8081 ssl:default [The semaphore timeout period has expired]
2025-03-31 13:45:50 | WARNING | aiogram.dispatcher | dispatcher.py:221 | Sleep for 4.965155 seconds and try again... (tryings = 192, bot id = 7697100885)
2025-03-31 13:46:16 | ERROR | aiogram.dispatcher | dispatcher.py:219 | Failed to fetch updates - TelegramNetworkError: HTTP Client says - ClientConnectorError: Cannot connect to host 95.79.40.128:8081 ssl:default [The semaphore timeout period has expired]
2025-03-31 13:46:16 | WARNING | aiogram.dispatcher | dispatcher.py:221 | Sleep for 4.901326 seconds and try again... (tryings = 193, bot id = 7697100885)
2025-03-31 13:46:42 | ERROR | aiogram.dispatcher | dispatcher.py:219 | Failed to fetch updates - TelegramNetworkError: HTTP Client says - ClientConnectorError: Cannot connect to host 95.79.40.128:8081 ssl:default [The semaphore timeout period has expired]
2025-03-31 13:46:42 | WARNING | aiogram.dispatcher | dispatcher.py:221 | Sleep for 4.957087 seconds and try again... (tryings = 194, bot id = 7697100885)
2025-03-31 13:47:08 | ERROR | aiogram.dispatcher | dispatcher.py:219 | Failed to fetch updates - TelegramNetworkError: HTTP Client says - ClientConnectorError: Cannot connect to host 95.79.40.128:8081 ssl:default [The semaphore timeout period has expired]
2025-03-31 13:47:08 | WARNING | aiogram.dispatcher | dispatcher.py:221 | Sleep for 4.938227 seconds and try again... (tryings = 195, bot id = 7697100885)
2025-03-31 13:47:34 | ERROR | aiogram.dispatcher | dispatcher.py:219 | Failed to fetch updates - TelegramNetworkError: HTTP Client says - ClientConnectorError: Cannot connect to host 95.79.40.128:8081 ssl:default [The semaphore timeout period has expired]
2025-03-31 13:47:34 | WARNING | aiogram.dispatcher | dispatcher.py:221 | Sleep for 5.148475 seconds and try again... (tryings = 196, bot id = 7697100885)
2025-03-31 13:48:00 | ERROR | aiogram.dispatcher | dispatcher.py:219 | Failed to fetch updates - TelegramNetworkError: HTTP Client says - ClientConnectorError: Cannot connect to host 95.79.40.128:8081 ssl:default [The semaphore timeout period has expired]
2025-03-31 13:48:00 | WARNING | aiogram.dispatcher | dispatcher.py:221 | Sleep for 4.994890 seconds and try again... (tryings = 197, bot id = 7697100885)
2025-03-31 13:48:26 | ERROR | aiogram.dispatcher | dispatcher.py:219 | Failed to fetch updates - TelegramNetworkError: HTTP Client says - ClientConnectorError: Cannot connect to host 95.79.40.128:8081 ssl:default [The semaphore timeout period has expired]
2025-03-31 13:48:26 | WARNING | aiogram.dispatcher | dispatcher.py:221 | Sleep for 4.781751 seconds and try again... (tryings = 198, bot id = 7697100885)
2025-03-31 13:48:52 | ERROR | aiogram.dispatcher | dispatcher.py:219 | Failed to fetch updates - TelegramNetworkError: HTTP Client says - ClientConnectorError: Cannot connect to host 95.79.40.128:8081 ssl:default [The semaphore timeout period has expired]
2025-03-31 13:48:52 | WARNING | aiogram.dispatcher | dispatcher.py:221 | Sleep for 4.997852 seconds and try again... (tryings = 199, bot id = 7697100885)
2025-03-31 13:49:18 | ERROR | aiogram.dispatcher | dispatcher.py:219 | Failed to fetch updates - TelegramNetworkError: HTTP Client says - ClientConnectorError: Cannot connect to host 95.79.40.128:8081 ssl:default [The semaphore timeout period has expired]
2025-03-31 13:49:18 | WARNING | aiogram.dispatcher | dispatcher.py:221 | Sleep for 4.907230 seconds and try again... (tryings = 200, bot id = 7697100885)
2025-03-31 13:49:44 | ERROR | aiogram.dispatcher | dispatcher.py:219 | Failed to fetch updates - TelegramNetworkError: HTTP Client says - ClientConnectorError: Cannot connect to host 95.79.40.128:8081 ssl:default [The semaphore timeout period has expired]
2025-03-31 13:49:44 | WARNING | aiogram.dispatcher | dispatcher.py:221 | Sleep for 4.877263 seconds and try again... (tryings = 201, bot id = 7697100885)
2025-03-31 13:50:10 | ERROR | aiogram.dispatcher | dispatcher.py:219 | Failed to fetch updates - TelegramNetworkError: HTTP Client says - ClientConnectorError: Cannot connect to host 95.79.40.128:8081 ssl:default [The semaphore timeout period has expired]
2025-03-31 13:50:10 | WARNING | aiogram.dispatcher | dispatcher.py:221 | Sleep for 5.090289 seconds and try again... (tryings = 202, bot id = 7697100885)
2025-03-31 13:50:36 | ERROR | aiogram.dispatcher | dispatcher.py:219 | Failed to fetch updates - TelegramNetworkError: HTTP Client says - ClientConnectorError: Cannot connect to host 95.79.40.128:8081 ssl:default [The semaphore timeout period has expired]
2025-03-31 13:50:36 | WARNING | aiogram.dispatcher | dispatcher.py:221 | Sleep for 5.060896 seconds and try again... (tryings = 203, bot id = 7697100885)
2025-03-31 13:51:02 | ERROR | aiogram.dispatcher | dispatcher.py:219 | Failed to fetch updates - TelegramNetworkError: HTTP Client says - ClientConnectorError: Cannot connect to host 95.79.40.128:8081 ssl:default [The semaphore timeout period has expired]
2025-03-31 13:51:02 | WARNING | aiogram.dispatcher | dispatcher.py:221 | Sleep for 4.946708 seconds and try again... (tryings = 204, bot id = 7697100885)
2025-03-31 13:51:28 | ERROR | aiogram.dispatcher | dispatcher.py:219 | Failed to fetch updates - TelegramNetworkError: HTTP Client says - ClientConnectorError: Cannot connect to host 95.79.40.128:8081 ssl:default [The semaphore timeout period has expired]
2025-03-31 13:51:28 | WARNING | aiogram.dispatcher | dispatcher.py:221 | Sleep for 5.173554 seconds and try again... (tryings = 205, bot id = 7697100885)
2025-03-31 13:51:54 | ERROR | aiogram.dispatcher | dispatcher.py:219 | Failed to fetch updates - TelegramNetworkError: HTTP Client says - ClientConnectorError: Cannot connect to host 95.79.40.128:8081 ssl:default [The semaphore timeout period has expired]
2025-03-31 13:51:54 | WARNING | aiogram.dispatcher | dispatcher.py:221 | Sleep for 4.858769 seconds and try again... (tryings = 206, bot id = 7697100885)
2025-03-31 13:52:20 | ERROR | aiogram.dispatcher | dispatcher.py:219 | Failed to fetch updates - TelegramNetworkError: HTTP Client says - ClientConnectorError: Cannot connect to host 95.79.40.128:8081 ssl:default [The semaphore timeout period has expired]
2025-03-31 13:52:20 | WARNING | aiogram.dispatcher | dispatcher.py:221 | Sleep for 4.964800 seconds and try again... (tryings = 207, bot id = 7697100885)
2025-03-31 13:52:46 | ERROR | aiogram.dispatcher | dispatcher.py:219 | Failed to fetch updates - TelegramNetworkError: HTTP Client says - ClientConnectorError: Cannot connect to host 95.79.40.128:8081 ssl:default [The semaphore timeout period has expired]
2025-03-31 13:52:46 | WARNING | aiogram.dispatcher | dispatcher.py:221 | Sleep for 4.998171 seconds and try again... (tryings = 208, bot id = 7697100885)
2025-03-31 13:53:12 | ERROR | aiogram.dispatcher | dispatcher.py:219 | Failed to fetch updates - TelegramNetworkError: HTTP Client says - ClientConnectorError: Cannot connect to host 95.79.40.128:8081 ssl:default [The semaphore timeout period has expired]
2025-03-31 13:53:12 | WARNING | aiogram.dispatcher | dispatcher.py:221 | Sleep for 4.924408 seconds and try again... (tryings = 209, bot id = 7697100885)
2025-03-31 13:53:38 | ERROR | aiogram.dispatcher | dispatcher.py:219 | Failed to fetch updates - TelegramNetworkError: HTTP Client says - ClientConnectorError: Cannot connect to host 95.79.40.128:8081 ssl:default [The semaphore timeout period has expired]
2025-03-31 13:53:38 | WARNING | aiogram.dispatcher | dispatcher.py:221 | Sleep for 4.851096 seconds and try again... (tryings = 210, bot id = 7697100885)
2025-03-31 13:54:04 | ERROR | aiogram.dispatcher | dispatcher.py:219 | Failed to fetch updates - TelegramNetworkError: HTTP Client says - ClientConnectorError: Cannot connect to host 95.79.40.128:8081 ssl:default [The semaphore timeout period has expired]
2025-03-31 13:54:04 | WARNING | aiogram.dispatcher | dispatcher.py:221 | Sleep for 5.077469 seconds and try again... (tryings = 211, bot id = 7697100885)
2025-03-31 13:54:30 | ERROR | aiogram.dispatcher | dispatcher.py:219 | Failed to fetch updates - TelegramNetworkError: HTTP Client says - ClientConnectorError: Cannot connect to host 95.79.40.128:8081 ssl:default [The semaphore timeout period has expired]
2025-03-31 13:54:30 | WARNING | aiogram.dispatcher | dispatcher.py:221 | Sleep for 4.955459 seconds and try again... (tryings = 212, bot id = 7697100885)
2025-03-31 13:54:56 | ERROR | aiogram.dispatcher | dispatcher.py:219 | Failed to fetch updates - TelegramNetworkError: HTTP Client says - ClientConnectorError: Cannot connect to host 95.79.40.128:8081 ssl:default [The semaphore timeout period has expired]
2025-03-31 13:54:56 | WARNING | aiogram.dispatcher | dispatcher.py:221 | Sleep for 5.024165 seconds and try again... (tryings = 213, bot id = 7697100885)
2025-03-31 13:55:22 | ERROR | aiogram.dispatcher | dispatcher.py:219 | Failed to fetch updates - TelegramNetworkError: HTTP Client says - ClientConnectorError: Cannot connect to host 95.79.40.128:8081 ssl:default [The semaphore timeout period has expired]
2025-03-31 13:55:22 | WARNING | aiogram.dispatcher | dispatcher.py:221 | Sleep for 4.966589 seconds and try again... (tryings = 214, bot id = 7697100885)
2025-03-31 13:55:48 | ERROR | aiogram.dispatcher | dispatcher.py:219 | Failed to fetch updates - TelegramNetworkError: HTTP Client says - ClientConnectorError: Cannot connect to host 95.79.40.128:8081 ssl:default [The semaphore timeout period has expired]
2025-03-31 13:55:48 | WARNING | aiogram.dispatcher | dispatcher.py:221 | Sleep for 4.922545 seconds and try again... (tryings = 215, bot id = 7697100885)
2025-03-31 13:56:14 | ERROR | aiogram.dispatcher | dispatcher.py:219 | Failed to fetch updates - TelegramNetworkError: HTTP Client says - ClientConnectorError: Cannot connect to host 95.79.40.128:8081 ssl:default [The semaphore timeout period has expired]
2025-03-31 13:56:14 | WARNING | aiogram.dispatcher | dispatcher.py:221 | Sleep for 5.044678 seconds and try again... (tryings = 216, bot id = 7697100885)
2025-03-31 13:56:40 | ERROR | aiogram.dispatcher | dispatcher.py:219 | Failed to fetch updates - TelegramNetworkError: HTTP Client says - ClientConnectorError: Cannot connect to host 95.79.40.128:8081 ssl:default [The semaphore timeout period has expired]
2025-03-31 13:56:40 | WARNING | aiogram.dispatcher | dispatcher.py:221 | Sleep for 4.905679 seconds and try again... (tryings = 217, bot id = 7697100885)
2025-03-31 13:57:06 | ERROR | aiogram.dispatcher | dispatcher.py:219 | Failed to fetch updates - TelegramNetworkError: HTTP Client says - ClientConnectorError: Cannot connect to host 95.79.40.128:8081 ssl:default [The semaphore timeout period has expired]
2025-03-31 13:57:06 | WARNING | aiogram.dispatcher | dispatcher.py:221 | Sleep for 4.901209 seconds and try again... (tryings = 218, bot id = 7697100885)
2025-03-31 13:57:32 | ERROR | aiogram.dispatcher | dispatcher.py:219 | Failed to fetch updates - TelegramNetworkError: HTTP Client says - ClientConnectorError: Cannot connect to host 95.79.40.128:8081 ssl:default [The semaphore timeout period has expired]
2025-03-31 13:57:32 | WARNING | aiogram.dispatcher | dispatcher.py:221 | Sleep for 5.134852 seconds and try again... (tryings = 219, bot id = 7697100885)
2025-03-31 13:57:58 | ERROR | aiogram.dispatcher | dispatcher.py:219 | Failed to fetch updates - TelegramNetworkError: HTTP Client says - ClientConnectorError: Cannot connect to host 95.79.40.128:8081 ssl:default [The semaphore timeout period has expired]
2025-03-31 13:57:58 | WARNING | aiogram.dispatcher | dispatcher.py:221 | Sleep for 4.978622 seconds and try again... (tryings = 220, bot id = 7697100885)
2025-03-31 13:58:24 | ERROR | aiogram.dispatcher | dispatcher.py:219 | Failed to fetch updates - TelegramNetworkError: HTTP Client says - ClientConnectorError: Cannot connect to host 95.79.40.128:8081 ssl:default [The semaphore timeout period has expired]
2025-03-31 13:58:24 | WARNING | aiogram.dispatcher | dispatcher.py:221 | Sleep for 5.079614 seconds and try again... (tryings = 221, bot id = 7697100885)
2025-03-31 13:58:50 | ERROR | aiogram.dispatcher | dispatcher.py:219 | Failed to fetch updates - TelegramNetworkError: HTTP Client says - ClientConnectorError: Cannot connect to host 95.79.40.128:8081 ssl:default [The semaphore timeout period has expired]
2025-03-31 13:58:50 | WARNING | aiogram.dispatcher | dispatcher.py:221 | Sleep for 4.953897 seconds and try again... (tryings = 222, bot id = 7697100885)
2025-03-31 13:59:16 | ERROR | aiogram.dispatcher | dispatcher.py:219 | Failed to fetch updates - TelegramNetworkError: HTTP Client says - ClientConnectorError: Cannot connect to host 95.79.40.128:8081 ssl:default [The semaphore timeout period has expired]
2025-03-31 13:59:16 | WARNING | aiogram.dispatcher | dispatcher.py:221 | Sleep for 5.103203 seconds and try again... (tryings = 223, bot id = 7697100885)
2025-03-31 13:59:42 | ERROR | aiogram.dispatcher | dispatcher.py:219 | Failed to fetch updates - TelegramNetworkError: HTTP Client says - ClientConnectorError: Cannot connect to host 95.79.40.128:8081 ssl:default [The semaphore timeout period has expired]
2025-03-31 13:59:42 | WARNING | aiogram.dispatcher | dispatcher.py:221 | Sleep for 4.944008 seconds and try again... (tryings = 224, bot id = 7697100885)
2025-03-31 14:00:08 | ERROR | aiogram.dispatcher | dispatcher.py:219 | Failed to fetch updates - TelegramNetworkError: HTTP Client says - ClientConnectorError: Cannot connect to host 95.79.40.128:8081 ssl:default [The semaphore timeout period has expired]
2025-03-31 14:00:08 | WARNING | aiogram.dispatcher | dispatcher.py:221 | Sleep for 5.205155 seconds and try again... (tryings = 225, bot id = 7697100885)
2025-03-31 14:00:34 | ERROR | aiogram.dispatcher | dispatcher.py:219 | Failed to fetch updates - TelegramNetworkError: HTTP Client says - ClientConnectorError: Cannot connect to host 95.79.40.128:8081 ssl:default [The semaphore timeout period has expired]
2025-03-31 14:00:34 | WARNING | aiogram.dispatcher | dispatcher.py:221 | Sleep for 5.021218 seconds and try again... (tryings = 226, bot id = 7697100885)
2025-03-31 14:01:00 | ERROR | aiogram.dispatcher | dispatcher.py:219 | Failed to fetch updates - TelegramNetworkError: HTTP Client says - ClientConnectorError: Cannot connect to host 95.79.40.128:8081 ssl:default [The semaphore timeout period has expired]
2025-03-31 14:01:00 | WARNING | aiogram.dispatcher | dispatcher.py:221 | Sleep for 5.098680 seconds and try again... (tryings = 227, bot id = 7697100885)
2025-03-31 14:01:26 | ERROR | aiogram.dispatcher | dispatcher.py:219 | Failed to fetch updates - TelegramNetworkError: HTTP Client says - ClientConnectorError: Cannot connect to host 95.79.40.128:8081 ssl:default [The semaphore timeout period has expired]
2025-03-31 14:01:26 | WARNING | aiogram.dispatcher | dispatcher.py:221 | Sleep for 4.853808 seconds and try again... (tryings = 228, bot id = 7697100885)
2025-03-31 14:01:52 | ERROR | aiogram.dispatcher | dispatcher.py:219 | Failed to fetch updates - TelegramNetworkError: HTTP Client says - ClientConnectorError: Cannot connect to host 95.79.40.128:8081 ssl:default [The semaphore timeout period has expired]
2025-03-31 14:01:52 | WARNING | aiogram.dispatcher | dispatcher.py:221 | Sleep for 5.117322 seconds and try again... (tryings = 229, bot id = 7697100885)
2025-03-31 14:02:18 | ERROR | aiogram.dispatcher | dispatcher.py:219 | Failed to fetch updates - TelegramNetworkError: HTTP Client says - ClientConnectorError: Cannot connect to host 95.79.40.128:8081 ssl:default [The semaphore timeout period has expired]
2025-03-31 14:02:18 | WARNING | aiogram.dispatcher | dispatcher.py:221 | Sleep for 4.945969 seconds and try again... (tryings = 230, bot id = 7697100885)
2025-03-31 14:02:44 | ERROR | aiogram.dispatcher | dispatcher.py:219 | Failed to fetch updates - TelegramNetworkError: HTTP Client says - ClientConnectorError: Cannot connect to host 95.79.40.128:8081 ssl:default [The semaphore timeout period has expired]
2025-03-31 14:02:44 | WARNING | aiogram.dispatcher | dispatcher.py:221 | Sleep for 5.031101 seconds and try again... (tryings = 231, bot id = 7697100885)
2025-03-31 14:03:10 | ERROR | aiogram.dispatcher | dispatcher.py:219 | Failed to fetch updates - TelegramNetworkError: HTTP Client says - ClientConnectorError: Cannot connect to host 95.79.40.128:8081 ssl:default [The semaphore timeout period has expired]
2025-03-31 14:03:10 | WARNING | aiogram.dispatcher | dispatcher.py:221 | Sleep for 5.159040 seconds and try again... (tryings = 232, bot id = 7697100885)
2025-03-31 14:03:36 | ERROR | aiogram.dispatcher | dispatcher.py:219 | Failed to fetch updates - TelegramNetworkError: HTTP Client says - ClientConnectorError: Cannot connect to host 95.79.40.128:8081 ssl:default [The semaphore timeout period has expired]
2025-03-31 14:03:36 | WARNING | aiogram.dispatcher | dispatcher.py:221 | Sleep for 5.017060 seconds and try again... (tryings = 233, bot id = 7697100885)
2025-03-31 14:04:03 | ERROR | aiogram.dispatcher | dispatcher.py:219 | Failed to fetch updates - TelegramNetworkError: HTTP Client says - ClientConnectorError: Cannot connect to host 95.79.40.128:8081 ssl:default [The semaphore timeout period has expired]
2025-03-31 14:04:03 | WARNING | aiogram.dispatcher | dispatcher.py:221 | Sleep for 5.000109 seconds and try again... (tryings = 234, bot id = 7697100885)
2025-03-31 14:04:29 | ERROR | aiogram.dispatcher | dispatcher.py:219 | Failed to fetch updates - TelegramNetworkError: HTTP Client says - ClientConnectorError: Cannot connect to host 95.79.40.128:8081 ssl:default [The semaphore timeout period has expired]
2025-03-31 14:04:29 | WARNING | aiogram.dispatcher | dispatcher.py:221 | Sleep for 5.032139 seconds and try again... (tryings = 235, bot id = 7697100885)
2025-03-31 14:04:55 | ERROR | aiogram.dispatcher | dispatcher.py:219 | Failed to fetch updates - TelegramNetworkError: HTTP Client says - ClientConnectorError: Cannot connect to host 95.79.40.128:8081 ssl:default [The semaphore timeout period has expired]
2025-03-31 14:04:55 | WARNING | aiogram.dispatcher | dispatcher.py:221 | Sleep for 4.809501 seconds and try again... (tryings = 236, bot id = 7697100885)
2025-03-31 14:05:20 | ERROR | aiogram.dispatcher | dispatcher.py:219 | Failed to fetch updates - TelegramNetworkError: HTTP Client says - ClientConnectorError: Cannot connect to host 95.79.40.128:8081 ssl:default [The semaphore timeout period has expired]
2025-03-31 14:05:20 | WARNING | aiogram.dispatcher | dispatcher.py:221 | Sleep for 4.928011 seconds and try again... (tryings = 237, bot id = 7697100885)
2025-03-31 14:05:46 | ERROR | aiogram.dispatcher | dispatcher.py:219 | Failed to fetch updates - TelegramNetworkError: HTTP Client says - ClientConnectorError: Cannot connect to host 95.79.40.128:8081 ssl:default [The semaphore timeout period has expired]
2025-03-31 14:05:46 | WARNING | aiogram.dispatcher | dispatcher.py:221 | Sleep for 5.063138 seconds and try again... (tryings = 238, bot id = 7697100885)
2025-03-31 14:06:12 | ERROR | aiogram.dispatcher | dispatcher.py:219 | Failed to fetch updates - TelegramNetworkError: HTTP Client says - ClientConnectorError: Cannot connect to host 95.79.40.128:8081 ssl:default [The semaphore timeout period has expired]
2025-03-31 14:06:12 | WARNING | aiogram.dispatcher | dispatcher.py:221 | Sleep for 4.966193 seconds and try again... (tryings = 239, bot id = 7697100885)
2025-03-31 14:06:38 | ERROR | aiogram.dispatcher | dispatcher.py:219 | Failed to fetch updates - TelegramNetworkError: HTTP Client says - ClientConnectorError: Cannot connect to host 95.79.40.128:8081 ssl:default [The semaphore timeout period has expired]
2025-03-31 14:06:38 | WARNING | aiogram.dispatcher | dispatcher.py:221 | Sleep for 5.048237 seconds and try again... (tryings = 240, bot id = 7697100885)
2025-03-31 14:07:04 | ERROR | aiogram.dispatcher | dispatcher.py:219 | Failed to fetch updates - TelegramNetworkError: HTTP Client says - ClientConnectorError: Cannot connect to host 95.79.40.128:8081 ssl:default [The semaphore timeout period has expired]
2025-03-31 14:07:04 | WARNING | aiogram.dispatcher | dispatcher.py:221 | Sleep for 5.001170 seconds and try again... (tryings = 241, bot id = 7697100885)
2025-03-31 14:07:30 | ERROR | aiogram.dispatcher | dispatcher.py:219 | Failed to fetch updates - TelegramNetworkError: HTTP Client says - ClientConnectorError: Cannot connect to host 95.79.40.128:8081 ssl:default [The semaphore timeout period has expired]
2025-03-31 14:07:30 | WARNING | aiogram.dispatcher | dispatcher.py:221 | Sleep for 4.964154 seconds and try again... (tryings = 242, bot id = 7697100885)
2025-03-31 14:07:56 | ERROR | aiogram.dispatcher | dispatcher.py:219 | Failed to fetch updates - TelegramNetworkError: HTTP Client says - ClientConnectorError: Cannot connect to host 95.79.40.128:8081 ssl:default [The semaphore timeout period has expired]
2025-03-31 14:07:56 | WARNING | aiogram.dispatcher | dispatcher.py:221 | Sleep for 5.111858 seconds and try again... (tryings = 243, bot id = 7697100885)
2025-03-31 14:08:23 | ERROR | aiogram.dispatcher | dispatcher.py:219 | Failed to fetch updates - TelegramNetworkError: HTTP Client says - ClientConnectorError: Cannot connect to host 95.79.40.128:8081 ssl:default [The semaphore timeout period has expired]
2025-03-31 14:08:23 | WARNING | aiogram.dispatcher | dispatcher.py:221 | Sleep for 5.096846 seconds and try again... (tryings = 244, bot id = 7697100885)
2025-03-31 14:08:49 | ERROR | aiogram.dispatcher | dispatcher.py:219 | Failed to fetch updates - TelegramNetworkError: HTTP Client says - ClientConnectorError: Cannot connect to host 95.79.40.128:8081 ssl:default [The semaphore timeout period has expired]
2025-03-31 14:08:49 | WARNING | aiogram.dispatcher | dispatcher.py:221 | Sleep for 4.977109 seconds and try again... (tryings = 245, bot id = 7697100885)
2025-03-31 14:09:15 | ERROR | aiogram.dispatcher | dispatcher.py:219 | Failed to fetch updates - TelegramNetworkError: HTTP Client says - ClientConnectorError: Cannot connect to host 95.79.40.128:8081 ssl:default [The semaphore timeout period has expired]
2025-03-31 14:09:15 | WARNING | aiogram.dispatcher | dispatcher.py:221 | Sleep for 4.984457 seconds and try again... (tryings = 246, bot id = 7697100885)
2025-03-31 14:09:41 | ERROR | aiogram.dispatcher | dispatcher.py:219 | Failed to fetch updates - TelegramNetworkError: HTTP Client says - ClientConnectorError: Cannot connect to host 95.79.40.128:8081 ssl:default [The semaphore timeout period has expired]
2025-03-31 14:09:41 | WARNING | aiogram.dispatcher | dispatcher.py:221 | Sleep for 5.033294 seconds and try again... (tryings = 247, bot id = 7697100885)
2025-03-31 14:10:07 | ERROR | aiogram.dispatcher | dispatcher.py:219 | Failed to fetch updates - TelegramNetworkError: HTTP Client says - ClientConnectorError: Cannot connect to host 95.79.40.128:8081 ssl:default [The semaphore timeout period has expired]
2025-03-31 14:10:07 | WARNING | aiogram.dispatcher | dispatcher.py:221 | Sleep for 4.903854 seconds and try again... (tryings = 248, bot id = 7697100885)
2025-03-31 14:10:33 | ERROR | aiogram.dispatcher | dispatcher.py:219 | Failed to fetch updates - TelegramNetworkError: HTTP Client says - ClientConnectorError: Cannot connect to host 95.79.40.128:8081 ssl:default [The semaphore timeout period has expired]
2025-03-31 14:10:33 | WARNING | aiogram.dispatcher | dispatcher.py:221 | Sleep for 5.037093 seconds and try again... (tryings = 249, bot id = 7697100885)
2025-03-31 14:10:59 | ERROR | aiogram.dispatcher | dispatcher.py:219 | Failed to fetch updates - TelegramNetworkError: HTTP Client says - ClientConnectorError: Cannot connect to host 95.79.40.128:8081 ssl:default [The semaphore timeout period has expired]
2025-03-31 14:10:59 | WARNING | aiogram.dispatcher | dispatcher.py:221 | Sleep for 5.073155 seconds and try again... (tryings = 250, bot id = 7697100885)
2025-03-31 14:11:25 | ERROR | aiogram.dispatcher | dispatcher.py:219 | Failed to fetch updates - TelegramNetworkError: HTTP Client says - ClientConnectorError: Cannot connect to host 95.79.40.128:8081 ssl:default [The semaphore timeout period has expired]
2025-03-31 14:11:25 | WARNING | aiogram.dispatcher | dispatcher.py:221 | Sleep for 5.098970 seconds and try again... (tryings = 251, bot id = 7697100885)
2025-03-31 14:11:51 | ERROR | aiogram.dispatcher | dispatcher.py:219 | Failed to fetch updates - TelegramNetworkError: HTTP Client says - ClientConnectorError: Cannot connect to host 95.79.40.128:8081 ssl:default [The semaphore timeout period has expired]
2025-03-31 14:11:51 | WARNING | aiogram.dispatcher | dispatcher.py:221 | Sleep for 5.113167 seconds and try again... (tryings = 252, bot id = 7697100885)
2025-03-31 14:12:17 | ERROR | aiogram.dispatcher | dispatcher.py:219 | Failed to fetch updates - TelegramNetworkError: HTTP Client says - ClientConnectorError: Cannot connect to host 95.79.40.128:8081 ssl:default [The semaphore timeout period has expired]
2025-03-31 14:12:17 | WARNING | aiogram.dispatcher | dispatcher.py:221 | Sleep for 4.903150 seconds and try again... (tryings = 253, bot id = 7697100885)
2025-03-31 14:12:43 | ERROR | aiogram.dispatcher | dispatcher.py:219 | Failed to fetch updates - TelegramNetworkError: HTTP Client says - ClientConnectorError: Cannot connect to host 95.79.40.128:8081 ssl:default [The semaphore timeout period has expired]
2025-03-31 14:12:43 | WARNING | aiogram.dispatcher | dispatcher.py:221 | Sleep for 5.094163 seconds and try again... (tryings = 254, bot id = 7697100885)
2025-03-31 14:13:09 | ERROR | aiogram.dispatcher | dispatcher.py:219 | Failed to fetch updates - TelegramNetworkError: HTTP Client says - ClientConnectorError: Cannot connect to host 95.79.40.128:8081 ssl:default [The semaphore timeout period has expired]
2025-03-31 14:13:09 | WARNING | aiogram.dispatcher | dispatcher.py:221 | Sleep for 4.932778 seconds and try again... (tryings = 255, bot id = 7697100885)
2025-03-31 14:13:35 | ERROR | aiogram.dispatcher | dispatcher.py:219 | Failed to fetch updates - TelegramNetworkError: HTTP Client says - ClientConnectorError: Cannot connect to host 95.79.40.128:8081 ssl:default [The semaphore timeout period has expired]
2025-03-31 14:13:35 | WARNING | aiogram.dispatcher | dispatcher.py:221 | Sleep for 4.795682 seconds and try again... (tryings = 256, bot id = 7697100885)
2025-03-31 14:14:01 | ERROR | aiogram.dispatcher | dispatcher.py:219 | Failed to fetch updates - TelegramNetworkError: HTTP Client says - ClientConnectorError: Cannot connect to host 95.79.40.128:8081 ssl:default [The semaphore timeout period has expired]
2025-03-31 14:14:01 | WARNING | aiogram.dispatcher | dispatcher.py:221 | Sleep for 4.963995 seconds and try again... (tryings = 257, bot id = 7697100885)
2025-03-31 14:14:27 | ERROR | aiogram.dispatcher | dispatcher.py:219 | Failed to fetch updates - TelegramNetworkError: HTTP Client says - ClientConnectorError: Cannot connect to host 95.79.40.128:8081 ssl:default [The semaphore timeout period has expired]
2025-03-31 14:14:27 | WARNING | aiogram.dispatcher | dispatcher.py:221 | Sleep for 5.072748 seconds and try again... (tryings = 258, bot id = 7697100885)
2025-03-31 14:14:53 | ERROR | aiogram.dispatcher | dispatcher.py:219 | Failed to fetch updates - TelegramNetworkError: HTTP Client says - ClientConnectorError: Cannot connect to host 95.79.40.128:8081 ssl:default [The semaphore timeout period has expired]
2025-03-31 14:14:53 | WARNING | aiogram.dispatcher | dispatcher.py:221 | Sleep for 5.072060 seconds and try again... (tryings = 259, bot id = 7697100885)
2025-03-31 14:15:19 | ERROR | aiogram.dispatcher | dispatcher.py:219 | Failed to fetch updates - TelegramNetworkError: HTTP Client says - ClientConnectorError: Cannot connect to host 95.79.40.128:8081 ssl:default [The semaphore timeout period has expired]
2025-03-31 14:15:19 | WARNING | aiogram.dispatcher | dispatcher.py:221 | Sleep for 4.859891 seconds and try again... (tryings = 260, bot id = 7697100885)
2025-03-31 14:15:45 | ERROR | aiogram.dispatcher | dispatcher.py:219 | Failed to fetch updates - TelegramNetworkError: HTTP Client says - ClientConnectorError: Cannot connect to host 95.79.40.128:8081 ssl:default [The semaphore timeout period has expired]
2025-03-31 14:15:45 | WARNING | aiogram.dispatcher | dispatcher.py:221 | Sleep for 5.223518 seconds and try again... (tryings = 261, bot id = 7697100885)
2025-03-31 14:16:11 | ERROR | aiogram.dispatcher | dispatcher.py:219 | Failed to fetch updates - TelegramNetworkError: HTTP Client says - ClientConnectorError: Cannot connect to host 95.79.40.128:8081 ssl:default [The semaphore timeout period has expired]
2025-03-31 14:16:11 | WARNING | aiogram.dispatcher | dispatcher.py:221 | Sleep for 4.908689 seconds and try again... (tryings = 262, bot id = 7697100885)
2025-03-31 14:16:37 | ERROR | aiogram.dispatcher | dispatcher.py:219 | Failed to fetch updates - TelegramNetworkError: HTTP Client says - ClientConnectorError: Cannot connect to host 95.79.40.128:8081 ssl:default [The semaphore timeout period has expired]
2025-03-31 14:16:37 | WARNING | aiogram.dispatcher | dispatcher.py:221 | Sleep for 5.055961 seconds and try again... (tryings = 263, bot id = 7697100885)
2025-03-31 14:17:03 | ERROR | aiogram.dispatcher | dispatcher.py:219 | Failed to fetch updates - TelegramNetworkError: HTTP Client says - ClientConnectorError: Cannot connect to host 95.79.40.128:8081 ssl:default [The semaphore timeout period has expired]
2025-03-31 14:17:03 | WARNING | aiogram.dispatcher | dispatcher.py:221 | Sleep for 4.869381 seconds and try again... (tryings = 264, bot id = 7697100885)
2025-03-31 14:17:29 | ERROR | aiogram.dispatcher | dispatcher.py:219 | Failed to fetch updates - TelegramNetworkError: HTTP Client says - ClientConnectorError: Cannot connect to host 95.79.40.128:8081 ssl:default [The semaphore timeout period has expired]
2025-03-31 14:17:29 | WARNING | aiogram.dispatcher | dispatcher.py:221 | Sleep for 5.005649 seconds and try again... (tryings = 265, bot id = 7697100885)
2025-03-31 14:17:55 | ERROR | aiogram.dispatcher | dispatcher.py:219 | Failed to fetch updates - TelegramNetworkError: HTTP Client says - ClientConnectorError: Cannot connect to host 95.79.40.128:8081 ssl:default [The semaphore timeout period has expired]
2025-03-31 14:17:55 | WARNING | aiogram.dispatcher | dispatcher.py:221 | Sleep for 4.905732 seconds and try again... (tryings = 266, bot id = 7697100885)
2025-03-31 14:18:21 | ERROR | aiogram.dispatcher | dispatcher.py:219 | Failed to fetch updates - TelegramNetworkError: HTTP Client says - ClientConnectorError: Cannot connect to host 95.79.40.128:8081 ssl:default [The semaphore timeout period has expired]
2025-03-31 14:18:21 | WARNING | aiogram.dispatcher | dispatcher.py:221 | Sleep for 5.044056 seconds and try again... (tryings = 267, bot id = 7697100885)
2025-03-31 14:18:47 | ERROR | aiogram.dispatcher | dispatcher.py:219 | Failed to fetch updates - TelegramNetworkError: HTTP Client says - ClientConnectorError: Cannot connect to host 95.79.40.128:8081 ssl:default [The semaphore timeout period has expired]
2025-03-31 14:18:47 | WARNING | aiogram.dispatcher | dispatcher.py:221 | Sleep for 5.073743 seconds and try again... (tryings = 268, bot id = 7697100885)
2025-03-31 14:19:13 | ERROR | aiogram.dispatcher | dispatcher.py:219 | Failed to fetch updates - TelegramNetworkError: HTTP Client says - ClientConnectorError: Cannot connect to host 95.79.40.128:8081 ssl:default [The semaphore timeout period has expired]
2025-03-31 14:19:13 | WARNING | aiogram.dispatcher | dispatcher.py:221 | Sleep for 5.151441 seconds and try again... (tryings = 269, bot id = 7697100885)
2025-03-31 14:19:39 | ERROR | aiogram.dispatcher | dispatcher.py:219 | Failed to fetch updates - TelegramNetworkError: HTTP Client says - ClientConnectorError: Cannot connect to host 95.79.40.128:8081 ssl:default [The semaphore timeout period has expired]
2025-03-31 14:19:39 | WARNING | aiogram.dispatcher | dispatcher.py:221 | Sleep for 5.087207 seconds and try again... (tryings = 270, bot id = 7697100885)
2025-03-31 14:20:05 | ERROR | aiogram.dispatcher | dispatcher.py:219 | Failed to fetch updates - TelegramNetworkError: HTTP Client says - ClientConnectorError: Cannot connect to host 95.79.40.128:8081 ssl:default [The semaphore timeout period has expired]
2025-03-31 14:20:05 | WARNING | aiogram.dispatcher | dispatcher.py:221 | Sleep for 5.149930 seconds and try again... (tryings = 271, bot id = 7697100885)
2025-03-31 14:20:31 | ERROR | aiogram.dispatcher | dispatcher.py:219 | Failed to fetch updates - TelegramNetworkError: HTTP Client says - ClientConnectorError: Cannot connect to host 95.79.40.128:8081 ssl:default [The semaphore timeout period has expired]
2025-03-31 14:20:31 | WARNING | aiogram.dispatcher | dispatcher.py:221 | Sleep for 5.226540 seconds and try again... (tryings = 272, bot id = 7697100885)
2025-03-31 14:20:57 | ERROR | aiogram.dispatcher | dispatcher.py:219 | Failed to fetch updates - TelegramNetworkError: HTTP Client says - ClientConnectorError: Cannot connect to host 95.79.40.128:8081 ssl:default [The semaphore timeout period has expired]
2025-03-31 14:20:57 | WARNING | aiogram.dispatcher | dispatcher.py:221 | Sleep for 5.027943 seconds and try again... (tryings = 273, bot id = 7697100885)
2025-03-31 14:21:23 | ERROR | aiogram.dispatcher | dispatcher.py:219 | Failed to fetch updates - TelegramNetworkError: HTTP Client says - ClientConnectorError: Cannot connect to host 95.79.40.128:8081 ssl:default [The semaphore timeout period has expired]
2025-03-31 14:21:23 | WARNING | aiogram.dispatcher | dispatcher.py:221 | Sleep for 5.091392 seconds and try again... (tryings = 274, bot id = 7697100885)
2025-03-31 14:21:50 | ERROR | aiogram.dispatcher | dispatcher.py:219 | Failed to fetch updates - TelegramNetworkError: HTTP Client says - ClientConnectorError: Cannot connect to host 95.79.40.128:8081 ssl:default [The semaphore timeout period has expired]
2025-03-31 14:21:50 | WARNING | aiogram.dispatcher | dispatcher.py:221 | Sleep for 5.070118 seconds and try again... (tryings = 275, bot id = 7697100885)
2025-03-31 14:22:16 | ERROR | aiogram.dispatcher | dispatcher.py:219 | Failed to fetch updates - TelegramNetworkError: HTTP Client says - ClientConnectorError: Cannot connect to host 95.79.40.128:8081 ssl:default [The semaphore timeout period has expired]
2025-03-31 14:22:16 | WARNING | aiogram.dispatcher | dispatcher.py:221 | Sleep for 5.023109 seconds and try again... (tryings = 276, bot id = 7697100885)
2025-03-31 14:22:42 | ERROR | aiogram.dispatcher | dispatcher.py:219 | Failed to fetch updates - TelegramNetworkError: HTTP Client says - ClientConnectorError: Cannot connect to host 95.79.40.128:8081 ssl:default [The semaphore timeout period has expired]
2025-03-31 14:22:42 | WARNING | aiogram.dispatcher | dispatcher.py:221 | Sleep for 5.029800 seconds and try again... (tryings = 277, bot id = 7697100885)
2025-03-31 14:23:08 | ERROR | aiogram.dispatcher | dispatcher.py:219 | Failed to fetch updates - TelegramNetworkError: HTTP Client says - ClientConnectorError: Cannot connect to host 95.79.40.128:8081 ssl:default [The semaphore timeout period has expired]
2025-03-31 14:23:08 | WARNING | aiogram.dispatcher | dispatcher.py:221 | Sleep for 4.994441 seconds and try again... (tryings = 278, bot id = 7697100885)
2025-03-31 14:23:34 | ERROR | aiogram.dispatcher | dispatcher.py:219 | Failed to fetch updates - TelegramNetworkError: HTTP Client says - ClientConnectorError: Cannot connect to host 95.79.40.128:8081 ssl:default [The semaphore timeout period has expired]
2025-03-31 14:23:34 | WARNING | aiogram.dispatcher | dispatcher.py:221 | Sleep for 4.968897 seconds and try again... (tryings = 279, bot id = 7697100885)
2025-03-31 14:24:00 | ERROR | aiogram.dispatcher | dispatcher.py:219 | Failed to fetch updates - TelegramNetworkError: HTTP Client says - ClientConnectorError: Cannot connect to host 95.79.40.128:8081 ssl:default [The semaphore timeout period has expired]
2025-03-31 14:24:00 | WARNING | aiogram.dispatcher | dispatcher.py:221 | Sleep for 4.972619 seconds and try again... (tryings = 280, bot id = 7697100885)
2025-03-31 14:24:26 | ERROR | aiogram.dispatcher | dispatcher.py:219 | Failed to fetch updates - TelegramNetworkError: HTTP Client says - ClientConnectorError: Cannot connect to host 95.79.40.128:8081 ssl:default [The semaphore timeout period has expired]
2025-03-31 14:24:26 | WARNING | aiogram.dispatcher | dispatcher.py:221 | Sleep for 4.812522 seconds and try again... (tryings = 281, bot id = 7697100885)
2025-03-31 14:24:51 | ERROR | aiogram.dispatcher | dispatcher.py:219 | Failed to fetch updates - TelegramNetworkError: HTTP Client says - ClientConnectorError: Cannot connect to host 95.79.40.128:8081 ssl:default [The semaphore timeout period has expired]
2025-03-31 14:24:51 | WARNING | aiogram.dispatcher | dispatcher.py:221 | Sleep for 5.089818 seconds and try again... (tryings = 282, bot id = 7697100885)
2025-03-31 14:25:18 | ERROR | aiogram.dispatcher | dispatcher.py:219 | Failed to fetch updates - TelegramNetworkError: HTTP Client says - ClientConnectorError: Cannot connect to host 95.79.40.128:8081 ssl:default [The semaphore timeout period has expired]
2025-03-31 14:25:18 | WARNING | aiogram.dispatcher | dispatcher.py:221 | Sleep for 5.001683 seconds and try again... (tryings = 283, bot id = 7697100885)
2025-03-31 14:25:44 | ERROR | aiogram.dispatcher | dispatcher.py:219 | Failed to fetch updates - TelegramNetworkError: HTTP Client says - ClientConnectorError: Cannot connect to host 95.79.40.128:8081 ssl:default [The semaphore timeout period has expired]
2025-03-31 14:25:44 | WARNING | aiogram.dispatcher | dispatcher.py:221 | Sleep for 5.011658 seconds and try again... (tryings = 284, bot id = 7697100885)
2025-03-31 14:26:10 | ERROR | aiogram.dispatcher | dispatcher.py:219 | Failed to fetch updates - TelegramNetworkError: HTTP Client says - ClientConnectorError: Cannot connect to host 95.79.40.128:8081 ssl:default [The semaphore timeout period has expired]
2025-03-31 14:26:10 | WARNING | aiogram.dispatcher | dispatcher.py:221 | Sleep for 4.936239 seconds and try again... (tryings = 285, bot id = 7697100885)
2025-03-31 14:26:36 | ERROR | aiogram.dispatcher | dispatcher.py:219 | Failed to fetch updates - TelegramNetworkError: HTTP Client says - ClientConnectorError: Cannot connect to host 95.79.40.128:8081 ssl:default [The semaphore timeout period has expired]
2025-03-31 14:26:36 | WARNING | aiogram.dispatcher | dispatcher.py:221 | Sleep for 5.090851 seconds and try again... (tryings = 286, bot id = 7697100885)
2025-03-31 14:27:02 | ERROR | aiogram.dispatcher | dispatcher.py:219 | Failed to fetch updates - TelegramNetworkError: HTTP Client says - ClientConnectorError: Cannot connect to host 95.79.40.128:8081 ssl:default [The semaphore timeout period has expired]
2025-03-31 14:27:02 | WARNING | aiogram.dispatcher | dispatcher.py:221 | Sleep for 4.912051 seconds and try again... (tryings = 287, bot id = 7697100885)
2025-03-31 14:27:28 | ERROR | aiogram.dispatcher | dispatcher.py:219 | Failed to fetch updates - TelegramNetworkError: HTTP Client says - ClientConnectorError: Cannot connect to host 95.79.40.128:8081 ssl:default [The semaphore timeout period has expired]
2025-03-31 14:27:28 | WARNING | aiogram.dispatcher | dispatcher.py:221 | Sleep for 4.951682 seconds and try again... (tryings = 288, bot id = 7697100885)
2025-03-31 14:27:53 | ERROR | aiogram.dispatcher | dispatcher.py:219 | Failed to fetch updates - TelegramNetworkError: HTTP Client says - ClientConnectorError: Cannot connect to host 95.79.40.128:8081 ssl:default [The semaphore timeout period has expired]
2025-03-31 14:27:53 | WARNING | aiogram.dispatcher | dispatcher.py:221 | Sleep for 4.936016 seconds and try again... (tryings = 289, bot id = 7697100885)
2025-03-31 14:28:19 | ERROR | aiogram.dispatcher | dispatcher.py:219 | Failed to fetch updates - TelegramNetworkError: HTTP Client says - ClientConnectorError: Cannot connect to host 95.79.40.128:8081 ssl:default [The semaphore timeout period has expired]
2025-03-31 14:28:19 | WARNING | aiogram.dispatcher | dispatcher.py:221 | Sleep for 4.816791 seconds and try again... (tryings = 290, bot id = 7697100885)
2025-03-31 14:28:45 | ERROR | aiogram.dispatcher | dispatcher.py:219 | Failed to fetch updates - TelegramNetworkError: HTTP Client says - ClientConnectorError: Cannot connect to host 95.79.40.128:8081 ssl:default [The semaphore timeout period has expired]
2025-03-31 14:28:45 | WARNING | aiogram.dispatcher | dispatcher.py:221 | Sleep for 4.974714 seconds and try again... (tryings = 291, bot id = 7697100885)
2025-03-31 14:29:11 | ERROR | aiogram.dispatcher | dispatcher.py:219 | Failed to fetch updates - TelegramNetworkError: HTTP Client says - ClientConnectorError: Cannot connect to host 95.79.40.128:8081 ssl:default [The semaphore timeout period has expired]
2025-03-31 14:29:11 | WARNING | aiogram.dispatcher | dispatcher.py:221 | Sleep for 5.142405 seconds and try again... (tryings = 292, bot id = 7697100885)
2025-03-31 14:29:37 | ERROR | aiogram.dispatcher | dispatcher.py:219 | Failed to fetch updates - TelegramNetworkError: HTTP Client says - ClientConnectorError: Cannot connect to host 95.79.40.128:8081 ssl:default [The semaphore timeout period has expired]
2025-03-31 14:29:37 | WARNING | aiogram.dispatcher | dispatcher.py:221 | Sleep for 4.994736 seconds and try again... (tryings = 293, bot id = 7697100885)
2025-03-31 14:30:03 | ERROR | aiogram.dispatcher | dispatcher.py:219 | Failed to fetch updates - TelegramNetworkError: HTTP Client says - ClientConnectorError: Cannot connect to host 95.79.40.128:8081 ssl:default [The semaphore timeout period has expired]
2025-03-31 14:30:03 | WARNING | aiogram.dispatcher | dispatcher.py:221 | Sleep for 5.024243 seconds and try again... (tryings = 294, bot id = 7697100885)
2025-03-31 14:30:29 | ERROR | aiogram.dispatcher | dispatcher.py:219 | Failed to fetch updates - TelegramNetworkError: HTTP Client says - ClientConnectorError: Cannot connect to host 95.79.40.128:8081 ssl:default [The semaphore timeout period has expired]
2025-03-31 14:30:29 | WARNING | aiogram.dispatcher | dispatcher.py:221 | Sleep for 5.196985 seconds and try again... (tryings = 295, bot id = 7697100885)
2025-03-31 14:30:56 | ERROR | aiogram.dispatcher | dispatcher.py:219 | Failed to fetch updates - TelegramNetworkError: HTTP Client says - ClientConnectorError: Cannot connect to host 95.79.40.128:8081 ssl:default [The semaphore timeout period has expired]
2025-03-31 14:30:56 | WARNING | aiogram.dispatcher | dispatcher.py:221 | Sleep for 4.881159 seconds and try again... (tryings = 296, bot id = 7697100885)
2025-03-31 14:31:22 | ERROR | aiogram.dispatcher | dispatcher.py:219 | Failed to fetch updates - TelegramNetworkError: HTTP Client says - ClientConnectorError: Cannot connect to host 95.79.40.128:8081 ssl:default [The semaphore timeout period has expired]
2025-03-31 14:31:22 | WARNING | aiogram.dispatcher | dispatcher.py:221 | Sleep for 5.051239 seconds and try again... (tryings = 297, bot id = 7697100885)
2025-03-31 14:31:48 | ERROR | aiogram.dispatcher | dispatcher.py:219 | Failed to fetch updates - TelegramNetworkError: HTTP Client says - ClientConnectorError: Cannot connect to host 95.79.40.128:8081 ssl:default [The semaphore timeout period has expired]
2025-03-31 14:31:48 | WARNING | aiogram.dispatcher | dispatcher.py:221 | Sleep for 5.008668 seconds and try again... (tryings = 298, bot id = 7697100885)
2025-03-31 14:32:14 | ERROR | aiogram.dispatcher | dispatcher.py:219 | Failed to fetch updates - TelegramNetworkError: HTTP Client says - ClientConnectorError: Cannot connect to host 95.79.40.128:8081 ssl:default [The semaphore timeout period has expired]
2025-03-31 14:32:14 | WARNING | aiogram.dispatcher | dispatcher.py:221 | Sleep for 5.021456 seconds and try again... (tryings = 299, bot id = 7697100885)
2025-03-31 14:32:40 | ERROR | aiogram.dispatcher | dispatcher.py:219 | Failed to fetch updates - TelegramNetworkError: HTTP Client says - ClientConnectorError: Cannot connect to host 95.79.40.128:8081 ssl:default [The semaphore timeout period has expired]
2025-03-31 14:32:40 | WARNING | aiogram.dispatcher | dispatcher.py:221 | Sleep for 4.988515 seconds and try again... (tryings = 300, bot id = 7697100885)
2025-03-31 14:33:06 | ERROR | aiogram.dispatcher | dispatcher.py:219 | Failed to fetch updates - TelegramNetworkError: HTTP Client says - ClientConnectorError: Cannot connect to host 95.79.40.128:8081 ssl:default [The semaphore timeout period has expired]
2025-03-31 14:33:06 | WARNING | aiogram.dispatcher | dispatcher.py:221 | Sleep for 4.966948 seconds and try again... (tryings = 301, bot id = 7697100885)
2025-03-31 14:33:32 | ERROR | aiogram.dispatcher | dispatcher.py:219 | Failed to fetch updates - TelegramNetworkError: HTTP Client says - ClientConnectorError: Cannot connect to host 95.79.40.128:8081 ssl:default [The semaphore timeout period has expired]
2025-03-31 14:33:32 | WARNING | aiogram.dispatcher | dispatcher.py:221 | Sleep for 4.957442 seconds and try again... (tryings = 302, bot id = 7697100885)
2025-03-31 14:33:58 | ERROR | aiogram.dispatcher | dispatcher.py:219 | Failed to fetch updates - TelegramNetworkError: HTTP Client says - ClientConnectorError: Cannot connect to host 95.79.40.128:8081 ssl:default [The semaphore timeout period has expired]
2025-03-31 14:33:58 | WARNING | aiogram.dispatcher | dispatcher.py:221 | Sleep for 4.980918 seconds and try again... (tryings = 303, bot id = 7697100885)
2025-03-31 14:34:24 | ERROR | aiogram.dispatcher | dispatcher.py:219 | Failed to fetch updates - TelegramNetworkError: HTTP Client says - ClientConnectorError: Cannot connect to host 95.79.40.128:8081 ssl:default [The semaphore timeout period has expired]
2025-03-31 14:34:24 | WARNING | aiogram.dispatcher | dispatcher.py:221 | Sleep for 5.119651 seconds and try again... (tryings = 304, bot id = 7697100885)
2025-03-31 14:34:50 | ERROR | aiogram.dispatcher | dispatcher.py:219 | Failed to fetch updates - TelegramNetworkError: HTTP Client says - ClientConnectorError: Cannot connect to host 95.79.40.128:8081 ssl:default [The semaphore timeout period has expired]
2025-03-31 14:34:50 | WARNING | aiogram.dispatcher | dispatcher.py:221 | Sleep for 5.027421 seconds and try again... (tryings = 305, bot id = 7697100885)
2025-03-31 14:35:16 | ERROR | aiogram.dispatcher | dispatcher.py:219 | Failed to fetch updates - TelegramNetworkError: HTTP Client says - ClientConnectorError: Cannot connect to host 95.79.40.128:8081 ssl:default [The semaphore timeout period has expired]
2025-03-31 14:35:16 | WARNING | aiogram.dispatcher | dispatcher.py:221 | Sleep for 5.120371 seconds and try again... (tryings = 306, bot id = 7697100885)
2025-03-31 14:35:42 | ERROR | aiogram.dispatcher | dispatcher.py:219 | Failed to fetch updates - TelegramNetworkError: HTTP Client says - ClientConnectorError: Cannot connect to host 95.79.40.128:8081 ssl:default [The semaphore timeout period has expired]
2025-03-31 14:35:42 | WARNING | aiogram.dispatcher | dispatcher.py:221 | Sleep for 5.137372 seconds and try again... (tryings = 307, bot id = 7697100885)
2025-04-01 23:17:34 | ERROR | aiogram.dispatcher | dispatcher.py:219 | Failed to fetch updates - TelegramNetworkError: HTTP Client says - ServerDisconnectedError: Server disconnected
2025-04-01 23:17:34 | WARNING | aiogram.dispatcher | dispatcher.py:221 | Sleep for 1.000000 seconds and try again... (tryings = 0, bot id = 7697100885)
2025-04-02 12:53:04 | WARNING | bot | commands.py:25 | Failed to delete old calendar message: Telegram server says - Bad Request: message to delete not found
2025-04-02 13:17:51 | WARNING | bot | commands.py:25 | Failed to delete old calendar message: Telegram server says - Bad Request: message to delete not found
2025-04-02 13:22:43 | ERROR | aiogram.dispatcher | dispatcher.py:219 | Failed to fetch updates - TelegramNetworkError: HTTP Client says - ServerDisconnectedError: Server disconnected
2025-04-02 13:22:43 | WARNING | aiogram.dispatcher | dispatcher.py:221 | Sleep for 1.000000 seconds and try again... (tryings = 0, bot id = 7697100885)
2025-04-02 14:06:34 | ERROR | aiogram.dispatcher | dispatcher.py:219 | Failed to fetch updates - TelegramNetworkError: HTTP Client says - ServerDisconnectedError: Server disconnected
2025-04-02 14:06:34 | WARNING | aiogram.dispatcher | dispatcher.py:221 | Sleep for 1.000000 seconds and try again... (tryings = 0, bot id = 7697100885)
2025-04-03 01:17:20 | ERROR | bot | reminders.py:128 | Ошибка в основном цикле напоминаний: unable to open database file
2025-04-03 01:17:26 | ERROR | aiogram.dispatcher | dispatcher.py:219 | Failed to fetch updates - TelegramNetworkError: HTTP Client says - ServerDisconnectedError: Server disconnected
2025-04-03 01:17:26 | WARNING | aiogram.dispatcher | dispatcher.py:221 | Sleep for 1.000000 seconds and try again... (tryings = 0, bot id = 7855463694)
2025-04-03 01:18:38 | WARNING | bot | commands.py:190 | Unauthorized access attempt by telegram_id=120334532
2025-04-03 01:18:50 | ERROR | aiogram.dispatcher | dispatcher.py:219 | Failed to fetch updates - TelegramNetworkError: HTTP Client says - ServerDisconnectedError: Server disconnected
2025-04-03 01:18:50 | WARNING | aiogram.dispatcher | dispatcher.py:221 | Sleep for 1.000000 seconds and try again... (tryings = 0, bot id = 7855463694)
2025-04-03 01:19:29 | WARNING | bot | commands.py:190 | Unauthorized access attempt by telegram_id=120334532
2025-04-03 01:19:45 | ERROR | aiogram.dispatcher | dispatcher.py:219 | Failed to fetch updates - TelegramNetworkError: HTTP Client says - ServerDisconnectedError: Server disconnected
2025-04-03 01:19:45 | WARNING | aiogram.dispatcher | dispatcher.py:221 | Sleep for 1.000000 seconds and try again... (tryings = 0, bot id = 7855463694)
2025-04-03 01:21:28 | WARNING | bot | commands.py:133 | Unauthorized access attempt by telegram_id=120334532
2025-04-03 01:21:51 | ERROR | aiogram.dispatcher | dispatcher.py:219 | Failed to fetch updates - TelegramNetworkError: HTTP Client says - ServerDisconnectedError: Server disconnected
2025-04-03 01:21:51 | WARNING | aiogram.dispatcher | dispatcher.py:221 | Sleep for 1.000000 seconds and try again... (tryings = 0, bot id = 7855463694)
2025-04-03 01:22:53 | WARNING | bot | commands.py:133 | Unauthorized access attempt by telegram_id=120334532
2025-04-03 01:22:57 | ERROR | aiogram.dispatcher | dispatcher.py:219 | Failed to fetch updates - TelegramNetworkError: HTTP Client says - ServerDisconnectedError: Server disconnected
2025-04-03 01:22:57 | WARNING | aiogram.dispatcher | dispatcher.py:221 | Sleep for 1.000000 seconds and try again... (tryings = 0, bot id = 7855463694)
2025-04-03 01:24:01 | CRITICAL | bot | main.py:119 | Bot crashed: HTTP Client says - ClientConnectorError: Cannot connect to host 95.79.40.128:8081 ssl:default [Connect call failed ('95.79.40.128', 8081)]
Traceback (most recent call last):
  File "/home/kreonike/python_advanced/lib/python3.11/site-packages/aiohttp/connector.py", line 1116, in _wrap_create_connection
    sock = await aiohappyeyeballs.start_connection(
           ^^^^^^^^^^^^^^^^^^^^^^^^^^^^^^^^^^^^^^^^
  File "/home/kreonike/python_advanced/lib/python3.11/site-packages/aiohappyeyeballs/impl.py", line 122, in start_connection
    raise first_exception
  File "/home/kreonike/python_advanced/lib/python3.11/site-packages/aiohappyeyeballs/impl.py", line 73, in start_connection
    sock = await _connect_sock(
           ^^^^^^^^^^^^^^^^^^^^
  File "/home/kreonike/python_advanced/lib/python3.11/site-packages/aiohappyeyeballs/impl.py", line 208, in _connect_sock
    await loop.sock_connect(sock, address)
  File "/usr/lib/python3.11/asyncio/selector_events.py", line 634, in sock_connect
    return await fut
           ^^^^^^^^^
  File "/usr/lib/python3.11/asyncio/selector_events.py", line 674, in _sock_connect_cb
    raise OSError(err, f'Connect call failed {address}')
ConnectionRefusedError: [Errno 111] Connect call failed ('95.79.40.128', 8081)

The above exception was the direct cause of the following exception:

Traceback (most recent call last):
  File "/home/kreonike/python_advanced/lib/python3.11/site-packages/aiogram/client/session/aiohttp.py", line 177, in make_request
    async with session.post(
  File "/home/kreonike/python_advanced/lib/python3.11/site-packages/aiohttp/client.py", line 1425, in __aenter__
    self._resp: _RetType = await self._coro
                           ^^^^^^^^^^^^^^^^
  File "/home/kreonike/python_advanced/lib/python3.11/site-packages/aiohttp/client.py", line 703, in _request
    conn = await self._connector.connect(
           ^^^^^^^^^^^^^^^^^^^^^^^^^^^^^^
  File "/home/kreonike/python_advanced/lib/python3.11/site-packages/aiohttp/connector.py", line 548, in connect
    proto = await self._create_connection(req, traces, timeout)
            ^^^^^^^^^^^^^^^^^^^^^^^^^^^^^^^^^^^^^^^^^^^^^^^^^^^
  File "/home/kreonike/python_advanced/lib/python3.11/site-packages/aiohttp/connector.py", line 1056, in _create_connection
    _, proto = await self._create_direct_connection(req, traces, timeout)
               ^^^^^^^^^^^^^^^^^^^^^^^^^^^^^^^^^^^^^^^^^^^^^^^^^^^^^^^^^^
  File "/home/kreonike/python_advanced/lib/python3.11/site-packages/aiohttp/connector.py", line 1414, in _create_direct_connection
    raise last_exc
  File "/home/kreonike/python_advanced/lib/python3.11/site-packages/aiohttp/connector.py", line 1383, in _create_direct_connection
    transp, proto = await self._wrap_create_connection(
                    ^^^^^^^^^^^^^^^^^^^^^^^^^^^^^^^^^^^
  File "/home/kreonike/python_advanced/lib/python3.11/site-packages/aiohttp/connector.py", line 1135, in _wrap_create_connection
    raise client_error(req.connection_key, exc) from exc
aiohttp.client_exceptions.ClientConnectorError: Cannot connect to host 95.79.40.128:8081 ssl:default [Connect call failed ('95.79.40.128', 8081)]

During handling of the above exception, another exception occurred:

Traceback (most recent call last):
  File "/home/kreonike/python_advanced/todo/bot/main.py", line 117, in <module>
    asyncio.run(main())
  File "/usr/lib/python3.11/asyncio/runners.py", line 190, in run
    return runner.run(main)
           ^^^^^^^^^^^^^^^^
  File "/usr/lib/python3.11/asyncio/runners.py", line 118, in run
    return self._loop.run_until_complete(task)
           ^^^^^^^^^^^^^^^^^^^^^^^^^^^^^^^^^^^
  File "/usr/lib/python3.11/asyncio/base_events.py", line 653, in run_until_complete
    return future.result()
           ^^^^^^^^^^^^^^^
  File "/home/kreonike/python_advanced/todo/bot/main.py", line 109, in main
    await asyncio.gather(
  File "/home/kreonike/python_advanced/lib/python3.11/site-packages/aiogram/dispatcher/dispatcher.py", line 551, in start_polling
    await asyncio.gather(*done)
  File "/home/kreonike/python_advanced/lib/python3.11/site-packages/aiogram/dispatcher/dispatcher.py", line 340, in _polling
    user: User = await bot.me()
                 ^^^^^^^^^^^^^^
  File "/home/kreonike/python_advanced/lib/python3.11/site-packages/aiogram/client/bot.py", line 325, in me
    self._me = await self.get_me()
               ^^^^^^^^^^^^^^^^^^^
  File "/home/kreonike/python_advanced/lib/python3.11/site-packages/aiogram/client/bot.py", line 1751, in get_me
    return await self(call, request_timeout=request_timeout)
           ^^^^^^^^^^^^^^^^^^^^^^^^^^^^^^^^^^^^^^^^^^^^^^^^^
  File "/home/kreonike/python_advanced/lib/python3.11/site-packages/aiogram/client/bot.py", line 453, in __call__
    return await self.session(self, method, timeout=request_timeout)
           ^^^^^^^^^^^^^^^^^^^^^^^^^^^^^^^^^^^^^^^^^^^^^^^^^^^^^^^^^
  File "/home/kreonike/python_advanced/lib/python3.11/site-packages/aiogram/client/session/base.py", line 254, in __call__
    return cast(TelegramType, await middleware(bot, method))
                              ^^^^^^^^^^^^^^^^^^^^^^^^^^^^^
  File "/home/kreonike/python_advanced/lib/python3.11/site-packages/aiogram/client/session/aiohttp.py", line 184, in make_request
    raise TelegramNetworkError(method=method, message=f"{type(e).__name__}: {e}")
aiogram.exceptions.TelegramNetworkError: HTTP Client says - ClientConnectorError: Cannot connect to host 95.79.40.128:8081 ssl:default [Connect call failed ('95.79.40.128', 8081)]
2025-04-03 01:24:41 | WARNING | bot | commands.py:133 | Unauthorized access attempt by telegram_id=120334532
2025-04-03 01:25:17 | WARNING | bot | commands.py:133 | Unauthorized access attempt by telegram_id=120334532
2025-04-03 01:25:19 | WARNING | bot | commands.py:133 | Unauthorized access attempt by telegram_id=120334532
2025-04-03 01:25:20 | WARNING | bot | commands.py:133 | Unauthorized access attempt by telegram_id=120334532
2025-04-03 01:25:27 | WARNING | aiogram.dispatcher | dispatcher.py:455 | Received SIGINT signal
2025-04-03 01:29:29 | ERROR | bot | reminders.py:128 | Ошибка в основном цикле напоминаний: unable to open database file
2025-04-03 01:29:33 | WARNING | aiogram.dispatcher | dispatcher.py:455 | Received SIGINT signal
2025-04-03 01:37:45 | WARNING | aiogram.dispatcher | dispatcher.py:455 | Received SIGINT signal
2025-04-03 01:37:49 | CRITICAL | bot | main.py:119 | Bot crashed: '<=' not supported between instances of 'str' and 'int'
Traceback (most recent call last):
  File "/home/kreonike/python_advanced/todo/bot/main.py", line 117, in <module>
    asyncio.run(main())
  File "/usr/lib/python3.11/asyncio/runners.py", line 190, in run
    return runner.run(main)
           ^^^^^^^^^^^^^^^^
  File "/usr/lib/python3.11/asyncio/runners.py", line 118, in run
    return self._loop.run_until_complete(task)
           ^^^^^^^^^^^^^^^^^^^^^^^^^^^^^^^^^^^
  File "/usr/lib/python3.11/asyncio/base_events.py", line 653, in run_until_complete
    return future.result()
           ^^^^^^^^^^^^^^^
  File "/home/kreonike/python_advanced/todo/bot/main.py", line 109, in main
    await asyncio.gather(
  File "/home/kreonike/python_advanced/todo/bot/utils/reminders.py", line 132, in check_reminders
    await asyncio.sleep(interval)
  File "/usr/lib/python3.11/asyncio/tasks.py", line 629, in sleep
    if delay <= 0:
       ^^^^^^^^^^
TypeError: '<=' not supported between instances of 'str' and 'int'
2025-04-03 01:42:47 | WARNING | bot | reminders.py:85 | Invalid interval value: ./database/tasks.db, using default 30
2025-04-03 01:48:48 | WARNING | aiogram.dispatcher | dispatcher.py:455 | Received SIGINT signal
2025-04-03 01:48:57 | WARNING | bot | reminders.py:59 | Invalid interval value: ./database/tasks.db, using default 30
2025-04-03 01:58:47 | WARNING | aiogram.dispatcher | dispatcher.py:455 | Received SIGINT signal
2025-04-03 01:59:13 | WARNING | bot | reminders.py:59 | Invalid interval value: ./database/tasks.db, using default 30
2025-04-03 02:05:03 | WARNING | aiogram.dispatcher | dispatcher.py:455 | Received SIGINT signal
2025-04-03 02:05:32 | ERROR | bot | main.py:97 | Database initialization error: Not an executable object: "SELECT name FROM sqlite_master WHERE type='table'"
Traceback (most recent call last):
  File "/home/kreonike/python_advanced/lib/python3.11/site-packages/sqlalchemy/engine/base.py", line 1412, in execute
    meth = statement._execute_on_connection
           ^^^^^^^^^^^^^^^^^^^^^^^^^^^^^^^^
AttributeError: 'str' object has no attribute '_execute_on_connection'

The above exception was the direct cause of the following exception:

Traceback (most recent call last):
  File "/home/kreonike/python_advanced/todo/bot/main.py", line 93, in init_db
    tables = conn.execute("SELECT name FROM sqlite_master WHERE type='table'").fetchall()
             ^^^^^^^^^^^^^^^^^^^^^^^^^^^^^^^^^^^^^^^^^^^^^^^^^^^^^^^^^^^^^^^^^
  File "/home/kreonike/python_advanced/lib/python3.11/site-packages/sqlalchemy/engine/base.py", line 1414, in execute
    raise exc.ObjectNotExecutableError(statement) from err
sqlalchemy.exc.ObjectNotExecutableError: Not an executable object: "SELECT name FROM sqlite_master WHERE type='table'"
2025-04-03 02:05:32 | CRITICAL | bot | main.py:137 | Bot crashed: Not an executable object: "SELECT name FROM sqlite_master WHERE type='table'"
Traceback (most recent call last):
  File "/home/kreonike/python_advanced/lib/python3.11/site-packages/sqlalchemy/engine/base.py", line 1412, in execute
    meth = statement._execute_on_connection
           ^^^^^^^^^^^^^^^^^^^^^^^^^^^^^^^^
AttributeError: 'str' object has no attribute '_execute_on_connection'

The above exception was the direct cause of the following exception:

Traceback (most recent call last):
  File "/home/kreonike/python_advanced/todo/bot/main.py", line 135, in <module>
    asyncio.run(main())
  File "/usr/lib/python3.11/asyncio/runners.py", line 190, in run
    return runner.run(main)
           ^^^^^^^^^^^^^^^^
  File "/usr/lib/python3.11/asyncio/runners.py", line 118, in run
    return self._loop.run_until_complete(task)
           ^^^^^^^^^^^^^^^^^^^^^^^^^^^^^^^^^^^
  File "/usr/lib/python3.11/asyncio/base_events.py", line 653, in run_until_complete
    return future.result()
           ^^^^^^^^^^^^^^^
  File "/home/kreonike/python_advanced/todo/bot/main.py", line 120, in main
    await init_db()
  File "/home/kreonike/python_advanced/todo/bot/main.py", line 93, in init_db
    tables = conn.execute("SELECT name FROM sqlite_master WHERE type='table'").fetchall()
             ^^^^^^^^^^^^^^^^^^^^^^^^^^^^^^^^^^^^^^^^^^^^^^^^^^^^^^^^^^^^^^^^^
  File "/home/kreonike/python_advanced/lib/python3.11/site-packages/sqlalchemy/engine/base.py", line 1414, in execute
    raise exc.ObjectNotExecutableError(statement) from err
sqlalchemy.exc.ObjectNotExecutableError: Not an executable object: "SELECT name FROM sqlite_master WHERE type='table'"
2025-04-04 15:13:22 | ERROR | bot | main.py:97 | Database initialization error: Not an executable object: "SELECT name FROM sqlite_master WHERE type='table'"
Traceback (most recent call last):
  File "/home/kreonike/python_advanced/lib/python3.11/site-packages/sqlalchemy/engine/base.py", line 1412, in execute
    meth = statement._execute_on_connection
           ^^^^^^^^^^^^^^^^^^^^^^^^^^^^^^^^
AttributeError: 'str' object has no attribute '_execute_on_connection'

The above exception was the direct cause of the following exception:

Traceback (most recent call last):
  File "/home/kreonike/python_advanced/todo/bot/main.py", line 93, in init_db
    tables = conn.execute("SELECT name FROM sqlite_master WHERE type='table'").fetchall()
             ^^^^^^^^^^^^^^^^^^^^^^^^^^^^^^^^^^^^^^^^^^^^^^^^^^^^^^^^^^^^^^^^^
  File "/home/kreonike/python_advanced/lib/python3.11/site-packages/sqlalchemy/engine/base.py", line 1414, in execute
    raise exc.ObjectNotExecutableError(statement) from err
sqlalchemy.exc.ObjectNotExecutableError: Not an executable object: "SELECT name FROM sqlite_master WHERE type='table'"
2025-04-04 15:13:22 | CRITICAL | bot | main.py:137 | Bot crashed: Not an executable object: "SELECT name FROM sqlite_master WHERE type='table'"
Traceback (most recent call last):
  File "/home/kreonike/python_advanced/lib/python3.11/site-packages/sqlalchemy/engine/base.py", line 1412, in execute
    meth = statement._execute_on_connection
           ^^^^^^^^^^^^^^^^^^^^^^^^^^^^^^^^
AttributeError: 'str' object has no attribute '_execute_on_connection'

The above exception was the direct cause of the following exception:

Traceback (most recent call last):
  File "/home/kreonike/python_advanced/todo/bot/main.py", line 135, in <module>
    asyncio.run(main())
  File "/usr/lib/python3.11/asyncio/runners.py", line 190, in run
    return runner.run(main)
           ^^^^^^^^^^^^^^^^
  File "/usr/lib/python3.11/asyncio/runners.py", line 118, in run
    return self._loop.run_until_complete(task)
           ^^^^^^^^^^^^^^^^^^^^^^^^^^^^^^^^^^^
  File "/usr/lib/python3.11/asyncio/base_events.py", line 653, in run_until_complete
    return future.result()
           ^^^^^^^^^^^^^^^
  File "/home/kreonike/python_advanced/todo/bot/main.py", line 120, in main
    await init_db()
  File "/home/kreonike/python_advanced/todo/bot/main.py", line 93, in init_db
    tables = conn.execute("SELECT name FROM sqlite_master WHERE type='table'").fetchall()
             ^^^^^^^^^^^^^^^^^^^^^^^^^^^^^^^^^^^^^^^^^^^^^^^^^^^^^^^^^^^^^^^^^
  File "/home/kreonike/python_advanced/lib/python3.11/site-packages/sqlalchemy/engine/base.py", line 1414, in execute
    raise exc.ObjectNotExecutableError(statement) from err
sqlalchemy.exc.ObjectNotExecutableError: Not an executable object: "SELECT name FROM sqlite_master WHERE type='table'"
2025-04-04 15:13:54 | ERROR | bot | main.py:97 | Database initialization error: Not an executable object: "SELECT name FROM sqlite_master WHERE type='table'"
Traceback (most recent call last):
  File "/home/kreonike/python_advanced/lib/python3.11/site-packages/sqlalchemy/engine/base.py", line 1412, in execute
    meth = statement._execute_on_connection
           ^^^^^^^^^^^^^^^^^^^^^^^^^^^^^^^^
AttributeError: 'str' object has no attribute '_execute_on_connection'

The above exception was the direct cause of the following exception:

Traceback (most recent call last):
  File "/home/kreonike/python_advanced/todo/bot/main.py", line 93, in init_db
    tables = conn.execute("SELECT name FROM sqlite_master WHERE type='table'").fetchall()
             ^^^^^^^^^^^^^^^^^^^^^^^^^^^^^^^^^^^^^^^^^^^^^^^^^^^^^^^^^^^^^^^^^
  File "/home/kreonike/python_advanced/lib/python3.11/site-packages/sqlalchemy/engine/base.py", line 1414, in execute
    raise exc.ObjectNotExecutableError(statement) from err
sqlalchemy.exc.ObjectNotExecutableError: Not an executable object: "SELECT name FROM sqlite_master WHERE type='table'"
2025-04-04 15:13:54 | CRITICAL | bot | main.py:137 | Bot crashed: Not an executable object: "SELECT name FROM sqlite_master WHERE type='table'"
Traceback (most recent call last):
  File "/home/kreonike/python_advanced/lib/python3.11/site-packages/sqlalchemy/engine/base.py", line 1412, in execute
    meth = statement._execute_on_connection
           ^^^^^^^^^^^^^^^^^^^^^^^^^^^^^^^^
AttributeError: 'str' object has no attribute '_execute_on_connection'

The above exception was the direct cause of the following exception:

Traceback (most recent call last):
  File "/home/kreonike/python_advanced/todo/bot/main.py", line 135, in <module>
    asyncio.run(main())
  File "/usr/lib/python3.11/asyncio/runners.py", line 190, in run
    return runner.run(main)
           ^^^^^^^^^^^^^^^^
  File "/usr/lib/python3.11/asyncio/runners.py", line 118, in run
    return self._loop.run_until_complete(task)
           ^^^^^^^^^^^^^^^^^^^^^^^^^^^^^^^^^^^
  File "/usr/lib/python3.11/asyncio/base_events.py", line 653, in run_until_complete
    return future.result()
           ^^^^^^^^^^^^^^^
  File "/home/kreonike/python_advanced/todo/bot/main.py", line 120, in main
    await init_db()
  File "/home/kreonike/python_advanced/todo/bot/main.py", line 93, in init_db
    tables = conn.execute("SELECT name FROM sqlite_master WHERE type='table'").fetchall()
             ^^^^^^^^^^^^^^^^^^^^^^^^^^^^^^^^^^^^^^^^^^^^^^^^^^^^^^^^^^^^^^^^^
  File "/home/kreonike/python_advanced/lib/python3.11/site-packages/sqlalchemy/engine/base.py", line 1414, in execute
    raise exc.ObjectNotExecutableError(statement) from err
sqlalchemy.exc.ObjectNotExecutableError: Not an executable object: "SELECT name FROM sqlite_master WHERE type='table'"
2025-04-04 15:15:02 | ERROR | bot | main.py:97 | Database initialization error: Not an executable object: "SELECT name FROM sqlite_master WHERE type='table'"
Traceback (most recent call last):
  File "/home/kreonike/python_advanced/lib/python3.11/site-packages/sqlalchemy/engine/base.py", line 1412, in execute
    meth = statement._execute_on_connection
           ^^^^^^^^^^^^^^^^^^^^^^^^^^^^^^^^
AttributeError: 'str' object has no attribute '_execute_on_connection'

The above exception was the direct cause of the following exception:

Traceback (most recent call last):
  File "/home/kreonike/python_advanced/todo/bot/main.py", line 93, in init_db
    tables = conn.execute("SELECT name FROM sqlite_master WHERE type='table'").fetchall()
             ^^^^^^^^^^^^^^^^^^^^^^^^^^^^^^^^^^^^^^^^^^^^^^^^^^^^^^^^^^^^^^^^^
  File "/home/kreonike/python_advanced/lib/python3.11/site-packages/sqlalchemy/engine/base.py", line 1414, in execute
    raise exc.ObjectNotExecutableError(statement) from err
sqlalchemy.exc.ObjectNotExecutableError: Not an executable object: "SELECT name FROM sqlite_master WHERE type='table'"
2025-04-04 15:15:02 | CRITICAL | bot | main.py:137 | Bot crashed: Not an executable object: "SELECT name FROM sqlite_master WHERE type='table'"
Traceback (most recent call last):
  File "/home/kreonike/python_advanced/lib/python3.11/site-packages/sqlalchemy/engine/base.py", line 1412, in execute
    meth = statement._execute_on_connection
           ^^^^^^^^^^^^^^^^^^^^^^^^^^^^^^^^
AttributeError: 'str' object has no attribute '_execute_on_connection'

The above exception was the direct cause of the following exception:

Traceback (most recent call last):
  File "/home/kreonike/python_advanced/todo/bot/main.py", line 135, in <module>
    asyncio.run(main())
  File "/usr/lib/python3.11/asyncio/runners.py", line 190, in run
    return runner.run(main)
           ^^^^^^^^^^^^^^^^
  File "/usr/lib/python3.11/asyncio/runners.py", line 118, in run
    return self._loop.run_until_complete(task)
           ^^^^^^^^^^^^^^^^^^^^^^^^^^^^^^^^^^^
  File "/usr/lib/python3.11/asyncio/base_events.py", line 653, in run_until_complete
    return future.result()
           ^^^^^^^^^^^^^^^
  File "/home/kreonike/python_advanced/todo/bot/main.py", line 120, in main
    await init_db()
  File "/home/kreonike/python_advanced/todo/bot/main.py", line 93, in init_db
    tables = conn.execute("SELECT name FROM sqlite_master WHERE type='table'").fetchall()
             ^^^^^^^^^^^^^^^^^^^^^^^^^^^^^^^^^^^^^^^^^^^^^^^^^^^^^^^^^^^^^^^^^
  File "/home/kreonike/python_advanced/lib/python3.11/site-packages/sqlalchemy/engine/base.py", line 1414, in execute
    raise exc.ObjectNotExecutableError(statement) from err
sqlalchemy.exc.ObjectNotExecutableError: Not an executable object: "SELECT name FROM sqlite_master WHERE type='table'"
2025-04-04 15:17:36 | ERROR | bot | main.py:97 | Database initialization error: Not an executable object: "SELECT name FROM sqlite_master WHERE type='table'"
Traceback (most recent call last):
  File "/home/kreonike/python_advanced/lib/python3.11/site-packages/sqlalchemy/engine/base.py", line 1412, in execute
    meth = statement._execute_on_connection
           ^^^^^^^^^^^^^^^^^^^^^^^^^^^^^^^^
AttributeError: 'str' object has no attribute '_execute_on_connection'

The above exception was the direct cause of the following exception:

Traceback (most recent call last):
  File "/home/kreonike/python_advanced/todo/bot/main.py", line 93, in init_db
    tables = conn.execute("SELECT name FROM sqlite_master WHERE type='table'").fetchall()
             ^^^^^^^^^^^^^^^^^^^^^^^^^^^^^^^^^^^^^^^^^^^^^^^^^^^^^^^^^^^^^^^^^
  File "/home/kreonike/python_advanced/lib/python3.11/site-packages/sqlalchemy/engine/base.py", line 1414, in execute
    raise exc.ObjectNotExecutableError(statement) from err
sqlalchemy.exc.ObjectNotExecutableError: Not an executable object: "SELECT name FROM sqlite_master WHERE type='table'"
2025-04-04 15:17:36 | CRITICAL | bot | main.py:137 | Bot crashed: Not an executable object: "SELECT name FROM sqlite_master WHERE type='table'"
Traceback (most recent call last):
  File "/home/kreonike/python_advanced/lib/python3.11/site-packages/sqlalchemy/engine/base.py", line 1412, in execute
    meth = statement._execute_on_connection
           ^^^^^^^^^^^^^^^^^^^^^^^^^^^^^^^^
AttributeError: 'str' object has no attribute '_execute_on_connection'

The above exception was the direct cause of the following exception:

Traceback (most recent call last):
  File "/home/kreonike/python_advanced/todo/bot/main.py", line 135, in <module>
    asyncio.run(main())
  File "/usr/lib/python3.11/asyncio/runners.py", line 190, in run
    return runner.run(main)
           ^^^^^^^^^^^^^^^^
  File "/usr/lib/python3.11/asyncio/runners.py", line 118, in run
    return self._loop.run_until_complete(task)
           ^^^^^^^^^^^^^^^^^^^^^^^^^^^^^^^^^^^
  File "/usr/lib/python3.11/asyncio/base_events.py", line 653, in run_until_complete
    return future.result()
           ^^^^^^^^^^^^^^^
  File "/home/kreonike/python_advanced/todo/bot/main.py", line 120, in main
    await init_db()
  File "/home/kreonike/python_advanced/todo/bot/main.py", line 93, in init_db
    tables = conn.execute("SELECT name FROM sqlite_master WHERE type='table'").fetchall()
             ^^^^^^^^^^^^^^^^^^^^^^^^^^^^^^^^^^^^^^^^^^^^^^^^^^^^^^^^^^^^^^^^^
  File "/home/kreonike/python_advanced/lib/python3.11/site-packages/sqlalchemy/engine/base.py", line 1414, in execute
    raise exc.ObjectNotExecutableError(statement) from err
sqlalchemy.exc.ObjectNotExecutableError: Not an executable object: "SELECT name FROM sqlite_master WHERE type='table'"
2025-04-04 15:18:03 | ERROR | bot | main.py:97 | Database initialization error: Not an executable object: "SELECT name FROM sqlite_master WHERE type='table'"
Traceback (most recent call last):
  File "/home/kreonike/python_advanced/lib/python3.11/site-packages/sqlalchemy/engine/base.py", line 1412, in execute
    meth = statement._execute_on_connection
           ^^^^^^^^^^^^^^^^^^^^^^^^^^^^^^^^
AttributeError: 'str' object has no attribute '_execute_on_connection'

The above exception was the direct cause of the following exception:

Traceback (most recent call last):
  File "/home/kreonike/python_advanced/todo/bot/main.py", line 93, in init_db
    tables = conn.execute("SELECT name FROM sqlite_master WHERE type='table'").fetchall()
             ^^^^^^^^^^^^^^^^^^^^^^^^^^^^^^^^^^^^^^^^^^^^^^^^^^^^^^^^^^^^^^^^^
  File "/home/kreonike/python_advanced/lib/python3.11/site-packages/sqlalchemy/engine/base.py", line 1414, in execute
    raise exc.ObjectNotExecutableError(statement) from err
sqlalchemy.exc.ObjectNotExecutableError: Not an executable object: "SELECT name FROM sqlite_master WHERE type='table'"
2025-04-04 15:18:03 | CRITICAL | bot | main.py:137 | Bot crashed: Not an executable object: "SELECT name FROM sqlite_master WHERE type='table'"
Traceback (most recent call last):
  File "/home/kreonike/python_advanced/lib/python3.11/site-packages/sqlalchemy/engine/base.py", line 1412, in execute
    meth = statement._execute_on_connection
           ^^^^^^^^^^^^^^^^^^^^^^^^^^^^^^^^
AttributeError: 'str' object has no attribute '_execute_on_connection'

The above exception was the direct cause of the following exception:

Traceback (most recent call last):
  File "/home/kreonike/python_advanced/todo/bot/main.py", line 135, in <module>
    asyncio.run(main())
  File "/usr/lib/python3.11/asyncio/runners.py", line 190, in run
    return runner.run(main)
           ^^^^^^^^^^^^^^^^
  File "/usr/lib/python3.11/asyncio/runners.py", line 118, in run
    return self._loop.run_until_complete(task)
           ^^^^^^^^^^^^^^^^^^^^^^^^^^^^^^^^^^^
  File "/usr/lib/python3.11/asyncio/base_events.py", line 653, in run_until_complete
    return future.result()
           ^^^^^^^^^^^^^^^
  File "/home/kreonike/python_advanced/todo/bot/main.py", line 120, in main
    await init_db()
  File "/home/kreonike/python_advanced/todo/bot/main.py", line 93, in init_db
    tables = conn.execute("SELECT name FROM sqlite_master WHERE type='table'").fetchall()
             ^^^^^^^^^^^^^^^^^^^^^^^^^^^^^^^^^^^^^^^^^^^^^^^^^^^^^^^^^^^^^^^^^
  File "/home/kreonike/python_advanced/lib/python3.11/site-packages/sqlalchemy/engine/base.py", line 1414, in execute
    raise exc.ObjectNotExecutableError(statement) from err
sqlalchemy.exc.ObjectNotExecutableError: Not an executable object: "SELECT name FROM sqlite_master WHERE type='table'"
2025-04-04 15:19:11 | ERROR | bot | main.py:97 | Database initialization error: Not an executable object: "SELECT name FROM sqlite_master WHERE type='table'"
Traceback (most recent call last):
  File "/home/kreonike/python_advanced/lib/python3.11/site-packages/sqlalchemy/engine/base.py", line 1412, in execute
    meth = statement._execute_on_connection
           ^^^^^^^^^^^^^^^^^^^^^^^^^^^^^^^^
AttributeError: 'str' object has no attribute '_execute_on_connection'

The above exception was the direct cause of the following exception:

Traceback (most recent call last):
  File "/home/kreonike/python_advanced/todo/bot/main.py", line 93, in init_db
    tables = conn.execute("SELECT name FROM sqlite_master WHERE type='table'").fetchall()
             ^^^^^^^^^^^^^^^^^^^^^^^^^^^^^^^^^^^^^^^^^^^^^^^^^^^^^^^^^^^^^^^^^
  File "/home/kreonike/python_advanced/lib/python3.11/site-packages/sqlalchemy/engine/base.py", line 1414, in execute
    raise exc.ObjectNotExecutableError(statement) from err
sqlalchemy.exc.ObjectNotExecutableError: Not an executable object: "SELECT name FROM sqlite_master WHERE type='table'"
2025-04-04 15:19:11 | CRITICAL | bot | main.py:137 | Bot crashed: Not an executable object: "SELECT name FROM sqlite_master WHERE type='table'"
Traceback (most recent call last):
  File "/home/kreonike/python_advanced/lib/python3.11/site-packages/sqlalchemy/engine/base.py", line 1412, in execute
    meth = statement._execute_on_connection
           ^^^^^^^^^^^^^^^^^^^^^^^^^^^^^^^^
AttributeError: 'str' object has no attribute '_execute_on_connection'

The above exception was the direct cause of the following exception:

Traceback (most recent call last):
  File "/home/kreonike/python_advanced/todo/bot/main.py", line 135, in <module>
    asyncio.run(main())
  File "/usr/lib/python3.11/asyncio/runners.py", line 190, in run
    return runner.run(main)
           ^^^^^^^^^^^^^^^^
  File "/usr/lib/python3.11/asyncio/runners.py", line 118, in run
    return self._loop.run_until_complete(task)
           ^^^^^^^^^^^^^^^^^^^^^^^^^^^^^^^^^^^
  File "/usr/lib/python3.11/asyncio/base_events.py", line 653, in run_until_complete
    return future.result()
           ^^^^^^^^^^^^^^^
  File "/home/kreonike/python_advanced/todo/bot/main.py", line 120, in main
    await init_db()
  File "/home/kreonike/python_advanced/todo/bot/main.py", line 93, in init_db
    tables = conn.execute("SELECT name FROM sqlite_master WHERE type='table'").fetchall()
             ^^^^^^^^^^^^^^^^^^^^^^^^^^^^^^^^^^^^^^^^^^^^^^^^^^^^^^^^^^^^^^^^^
  File "/home/kreonike/python_advanced/lib/python3.11/site-packages/sqlalchemy/engine/base.py", line 1414, in execute
    raise exc.ObjectNotExecutableError(statement) from err
sqlalchemy.exc.ObjectNotExecutableError: Not an executable object: "SELECT name FROM sqlite_master WHERE type='table'"
2025-04-04 15:20:37 | ERROR | bot | main.py:97 | Database initialization error: Not an executable object: "SELECT name FROM sqlite_master WHERE type='table'"
Traceback (most recent call last):
  File "/home/kreonike/python_advanced/lib/python3.11/site-packages/sqlalchemy/engine/base.py", line 1412, in execute
    meth = statement._execute_on_connection
           ^^^^^^^^^^^^^^^^^^^^^^^^^^^^^^^^
AttributeError: 'str' object has no attribute '_execute_on_connection'

The above exception was the direct cause of the following exception:

Traceback (most recent call last):
  File "/home/kreonike/python_advanced/todo/bot/main.py", line 93, in init_db
    tables = conn.execute("SELECT name FROM sqlite_master WHERE type='table'").fetchall()
             ^^^^^^^^^^^^^^^^^^^^^^^^^^^^^^^^^^^^^^^^^^^^^^^^^^^^^^^^^^^^^^^^^
  File "/home/kreonike/python_advanced/lib/python3.11/site-packages/sqlalchemy/engine/base.py", line 1414, in execute
    raise exc.ObjectNotExecutableError(statement) from err
sqlalchemy.exc.ObjectNotExecutableError: Not an executable object: "SELECT name FROM sqlite_master WHERE type='table'"
2025-04-04 15:20:37 | CRITICAL | bot | main.py:137 | Bot crashed: Not an executable object: "SELECT name FROM sqlite_master WHERE type='table'"
Traceback (most recent call last):
  File "/home/kreonike/python_advanced/lib/python3.11/site-packages/sqlalchemy/engine/base.py", line 1412, in execute
    meth = statement._execute_on_connection
           ^^^^^^^^^^^^^^^^^^^^^^^^^^^^^^^^
AttributeError: 'str' object has no attribute '_execute_on_connection'

The above exception was the direct cause of the following exception:

Traceback (most recent call last):
  File "/home/kreonike/python_advanced/todo/bot/main.py", line 135, in <module>
    asyncio.run(main())
  File "/usr/lib/python3.11/asyncio/runners.py", line 190, in run
    return runner.run(main)
           ^^^^^^^^^^^^^^^^
  File "/usr/lib/python3.11/asyncio/runners.py", line 118, in run
    return self._loop.run_until_complete(task)
           ^^^^^^^^^^^^^^^^^^^^^^^^^^^^^^^^^^^
  File "/usr/lib/python3.11/asyncio/base_events.py", line 653, in run_until_complete
    return future.result()
           ^^^^^^^^^^^^^^^
  File "/home/kreonike/python_advanced/todo/bot/main.py", line 120, in main
    await init_db()
  File "/home/kreonike/python_advanced/todo/bot/main.py", line 93, in init_db
    tables = conn.execute("SELECT name FROM sqlite_master WHERE type='table'").fetchall()
             ^^^^^^^^^^^^^^^^^^^^^^^^^^^^^^^^^^^^^^^^^^^^^^^^^^^^^^^^^^^^^^^^^
  File "/home/kreonike/python_advanced/lib/python3.11/site-packages/sqlalchemy/engine/base.py", line 1414, in execute
    raise exc.ObjectNotExecutableError(statement) from err
sqlalchemy.exc.ObjectNotExecutableError: Not an executable object: "SELECT name FROM sqlite_master WHERE type='table'"
2025-04-08 19:37:46 | ERROR | bot | main.py:97 | Database initialization error: (sqlite3.OperationalError) unable to open database file
(Background on this error at: https://sqlalche.me/e/20/e3q8)
Traceback (most recent call last):
  File "C:\Users\kreon\Dropbox\python_advanced_final\.venv\Lib\site-packages\sqlalchemy\engine\base.py", line 146, in __init__
    self._dbapi_connection = engine.raw_connection()
                             ^^^^^^^^^^^^^^^^^^^^^^^
  File "C:\Users\kreon\Dropbox\python_advanced_final\.venv\Lib\site-packages\sqlalchemy\engine\base.py", line 3298, in raw_connection
    return self.pool.connect()
           ^^^^^^^^^^^^^^^^^^^
  File "C:\Users\kreon\Dropbox\python_advanced_final\.venv\Lib\site-packages\sqlalchemy\pool\base.py", line 449, in connect
    return _ConnectionFairy._checkout(self)
           ^^^^^^^^^^^^^^^^^^^^^^^^^^^^^^^^
  File "C:\Users\kreon\Dropbox\python_advanced_final\.venv\Lib\site-packages\sqlalchemy\pool\base.py", line 1264, in _checkout
    fairy = _ConnectionRecord.checkout(pool)
            ^^^^^^^^^^^^^^^^^^^^^^^^^^^^^^^^
  File "C:\Users\kreon\Dropbox\python_advanced_final\.venv\Lib\site-packages\sqlalchemy\pool\base.py", line 713, in checkout
    rec = pool._do_get()
          ^^^^^^^^^^^^^^
  File "C:\Users\kreon\Dropbox\python_advanced_final\.venv\Lib\site-packages\sqlalchemy\pool\impl.py", line 179, in _do_get
    with util.safe_reraise():
         ^^^^^^^^^^^^^^^^^^^
  File "C:\Users\kreon\Dropbox\python_advanced_final\.venv\Lib\site-packages\sqlalchemy\util\langhelpers.py", line 146, in __exit__
    raise exc_value.with_traceback(exc_tb)
  File "C:\Users\kreon\Dropbox\python_advanced_final\.venv\Lib\site-packages\sqlalchemy\pool\impl.py", line 177, in _do_get
    return self._create_connection()
           ^^^^^^^^^^^^^^^^^^^^^^^^^
  File "C:\Users\kreon\Dropbox\python_advanced_final\.venv\Lib\site-packages\sqlalchemy\pool\base.py", line 390, in _create_connection
    return _ConnectionRecord(self)
           ^^^^^^^^^^^^^^^^^^^^^^^
  File "C:\Users\kreon\Dropbox\python_advanced_final\.venv\Lib\site-packages\sqlalchemy\pool\base.py", line 675, in __init__
    self.__connect()
  File "C:\Users\kreon\Dropbox\python_advanced_final\.venv\Lib\site-packages\sqlalchemy\pool\base.py", line 901, in __connect
    with util.safe_reraise():
         ^^^^^^^^^^^^^^^^^^^
  File "C:\Users\kreon\Dropbox\python_advanced_final\.venv\Lib\site-packages\sqlalchemy\util\langhelpers.py", line 146, in __exit__
    raise exc_value.with_traceback(exc_tb)
  File "C:\Users\kreon\Dropbox\python_advanced_final\.venv\Lib\site-packages\sqlalchemy\pool\base.py", line 897, in __connect
    self.dbapi_connection = connection = pool._invoke_creator(self)
                                         ^^^^^^^^^^^^^^^^^^^^^^^^^^
  File "C:\Users\kreon\Dropbox\python_advanced_final\.venv\Lib\site-packages\sqlalchemy\engine\create.py", line 646, in connect
    return dialect.connect(*cargs, **cparams)
           ^^^^^^^^^^^^^^^^^^^^^^^^^^^^^^^^^^
  File "C:\Users\kreon\Dropbox\python_advanced_final\.venv\Lib\site-packages\sqlalchemy\engine\default.py", line 625, in connect
    return self.loaded_dbapi.connect(*cargs, **cparams)  # type: ignore[no-any-return]  # NOQA: E501
           ^^^^^^^^^^^^^^^^^^^^^^^^^^^^^^^^^^^^^^^^^^^^
sqlite3.OperationalError: unable to open database file

The above exception was the direct cause of the following exception:

Traceback (most recent call last):
  File "C:\Users\kreon\Dropbox\python_advanced_final\bot\main.py", line 87, in init_db
    Base.metadata.create_all(engine)
  File "C:\Users\kreon\Dropbox\python_advanced_final\.venv\Lib\site-packages\sqlalchemy\sql\schema.py", line 5925, in create_all
    bind._run_ddl_visitor(
  File "C:\Users\kreon\Dropbox\python_advanced_final\.venv\Lib\site-packages\sqlalchemy\engine\base.py", line 3248, in _run_ddl_visitor
    with self.begin() as conn:
         ^^^^^^^^^^^^
  File "C:\Python312\Lib\contextlib.py", line 137, in __enter__
    return next(self.gen)
           ^^^^^^^^^^^^^^
  File "C:\Users\kreon\Dropbox\python_advanced_final\.venv\Lib\site-packages\sqlalchemy\engine\base.py", line 3238, in begin
    with self.connect() as conn:
         ^^^^^^^^^^^^^^
  File "C:\Users\kreon\Dropbox\python_advanced_final\.venv\Lib\site-packages\sqlalchemy\engine\base.py", line 3274, in connect
    return self._connection_cls(self)
           ^^^^^^^^^^^^^^^^^^^^^^^^^^
  File "C:\Users\kreon\Dropbox\python_advanced_final\.venv\Lib\site-packages\sqlalchemy\engine\base.py", line 148, in __init__
    Connection._handle_dbapi_exception_noconnection(
  File "C:\Users\kreon\Dropbox\python_advanced_final\.venv\Lib\site-packages\sqlalchemy\engine\base.py", line 2439, in _handle_dbapi_exception_noconnection
    raise sqlalchemy_exception.with_traceback(exc_info[2]) from e
  File "C:\Users\kreon\Dropbox\python_advanced_final\.venv\Lib\site-packages\sqlalchemy\engine\base.py", line 146, in __init__
    self._dbapi_connection = engine.raw_connection()
                             ^^^^^^^^^^^^^^^^^^^^^^^
  File "C:\Users\kreon\Dropbox\python_advanced_final\.venv\Lib\site-packages\sqlalchemy\engine\base.py", line 3298, in raw_connection
    return self.pool.connect()
           ^^^^^^^^^^^^^^^^^^^
  File "C:\Users\kreon\Dropbox\python_advanced_final\.venv\Lib\site-packages\sqlalchemy\pool\base.py", line 449, in connect
    return _ConnectionFairy._checkout(self)
           ^^^^^^^^^^^^^^^^^^^^^^^^^^^^^^^^
  File "C:\Users\kreon\Dropbox\python_advanced_final\.venv\Lib\site-packages\sqlalchemy\pool\base.py", line 1264, in _checkout
    fairy = _ConnectionRecord.checkout(pool)
            ^^^^^^^^^^^^^^^^^^^^^^^^^^^^^^^^
  File "C:\Users\kreon\Dropbox\python_advanced_final\.venv\Lib\site-packages\sqlalchemy\pool\base.py", line 713, in checkout
    rec = pool._do_get()
          ^^^^^^^^^^^^^^
  File "C:\Users\kreon\Dropbox\python_advanced_final\.venv\Lib\site-packages\sqlalchemy\pool\impl.py", line 179, in _do_get
    with util.safe_reraise():
         ^^^^^^^^^^^^^^^^^^^
  File "C:\Users\kreon\Dropbox\python_advanced_final\.venv\Lib\site-packages\sqlalchemy\util\langhelpers.py", line 146, in __exit__
    raise exc_value.with_traceback(exc_tb)
  File "C:\Users\kreon\Dropbox\python_advanced_final\.venv\Lib\site-packages\sqlalchemy\pool\impl.py", line 177, in _do_get
    return self._create_connection()
           ^^^^^^^^^^^^^^^^^^^^^^^^^
  File "C:\Users\kreon\Dropbox\python_advanced_final\.venv\Lib\site-packages\sqlalchemy\pool\base.py", line 390, in _create_connection
    return _ConnectionRecord(self)
           ^^^^^^^^^^^^^^^^^^^^^^^
  File "C:\Users\kreon\Dropbox\python_advanced_final\.venv\Lib\site-packages\sqlalchemy\pool\base.py", line 675, in __init__
    self.__connect()
  File "C:\Users\kreon\Dropbox\python_advanced_final\.venv\Lib\site-packages\sqlalchemy\pool\base.py", line 901, in __connect
    with util.safe_reraise():
         ^^^^^^^^^^^^^^^^^^^
  File "C:\Users\kreon\Dropbox\python_advanced_final\.venv\Lib\site-packages\sqlalchemy\util\langhelpers.py", line 146, in __exit__
    raise exc_value.with_traceback(exc_tb)
  File "C:\Users\kreon\Dropbox\python_advanced_final\.venv\Lib\site-packages\sqlalchemy\pool\base.py", line 897, in __connect
    self.dbapi_connection = connection = pool._invoke_creator(self)
                                         ^^^^^^^^^^^^^^^^^^^^^^^^^^
  File "C:\Users\kreon\Dropbox\python_advanced_final\.venv\Lib\site-packages\sqlalchemy\engine\create.py", line 646, in connect
    return dialect.connect(*cargs, **cparams)
           ^^^^^^^^^^^^^^^^^^^^^^^^^^^^^^^^^^
  File "C:\Users\kreon\Dropbox\python_advanced_final\.venv\Lib\site-packages\sqlalchemy\engine\default.py", line 625, in connect
    return self.loaded_dbapi.connect(*cargs, **cparams)  # type: ignore[no-any-return]  # NOQA: E501
           ^^^^^^^^^^^^^^^^^^^^^^^^^^^^^^^^^^^^^^^^^^^^
sqlalchemy.exc.OperationalError: (sqlite3.OperationalError) unable to open database file
(Background on this error at: https://sqlalche.me/e/20/e3q8)
2025-04-08 19:37:46 | CRITICAL | bot | main.py:137 | Bot crashed: (sqlite3.OperationalError) unable to open database file
(Background on this error at: https://sqlalche.me/e/20/e3q8)
Traceback (most recent call last):
  File "C:\Users\kreon\Dropbox\python_advanced_final\.venv\Lib\site-packages\sqlalchemy\engine\base.py", line 146, in __init__
    self._dbapi_connection = engine.raw_connection()
                             ^^^^^^^^^^^^^^^^^^^^^^^
  File "C:\Users\kreon\Dropbox\python_advanced_final\.venv\Lib\site-packages\sqlalchemy\engine\base.py", line 3298, in raw_connection
    return self.pool.connect()
           ^^^^^^^^^^^^^^^^^^^
  File "C:\Users\kreon\Dropbox\python_advanced_final\.venv\Lib\site-packages\sqlalchemy\pool\base.py", line 449, in connect
    return _ConnectionFairy._checkout(self)
           ^^^^^^^^^^^^^^^^^^^^^^^^^^^^^^^^
  File "C:\Users\kreon\Dropbox\python_advanced_final\.venv\Lib\site-packages\sqlalchemy\pool\base.py", line 1264, in _checkout
    fairy = _ConnectionRecord.checkout(pool)
            ^^^^^^^^^^^^^^^^^^^^^^^^^^^^^^^^
  File "C:\Users\kreon\Dropbox\python_advanced_final\.venv\Lib\site-packages\sqlalchemy\pool\base.py", line 713, in checkout
    rec = pool._do_get()
          ^^^^^^^^^^^^^^
  File "C:\Users\kreon\Dropbox\python_advanced_final\.venv\Lib\site-packages\sqlalchemy\pool\impl.py", line 179, in _do_get
    with util.safe_reraise():
         ^^^^^^^^^^^^^^^^^^^
  File "C:\Users\kreon\Dropbox\python_advanced_final\.venv\Lib\site-packages\sqlalchemy\util\langhelpers.py", line 146, in __exit__
    raise exc_value.with_traceback(exc_tb)
  File "C:\Users\kreon\Dropbox\python_advanced_final\.venv\Lib\site-packages\sqlalchemy\pool\impl.py", line 177, in _do_get
    return self._create_connection()
           ^^^^^^^^^^^^^^^^^^^^^^^^^
  File "C:\Users\kreon\Dropbox\python_advanced_final\.venv\Lib\site-packages\sqlalchemy\pool\base.py", line 390, in _create_connection
    return _ConnectionRecord(self)
           ^^^^^^^^^^^^^^^^^^^^^^^
  File "C:\Users\kreon\Dropbox\python_advanced_final\.venv\Lib\site-packages\sqlalchemy\pool\base.py", line 675, in __init__
    self.__connect()
  File "C:\Users\kreon\Dropbox\python_advanced_final\.venv\Lib\site-packages\sqlalchemy\pool\base.py", line 901, in __connect
    with util.safe_reraise():
         ^^^^^^^^^^^^^^^^^^^
  File "C:\Users\kreon\Dropbox\python_advanced_final\.venv\Lib\site-packages\sqlalchemy\util\langhelpers.py", line 146, in __exit__
    raise exc_value.with_traceback(exc_tb)
  File "C:\Users\kreon\Dropbox\python_advanced_final\.venv\Lib\site-packages\sqlalchemy\pool\base.py", line 897, in __connect
    self.dbapi_connection = connection = pool._invoke_creator(self)
                                         ^^^^^^^^^^^^^^^^^^^^^^^^^^
  File "C:\Users\kreon\Dropbox\python_advanced_final\.venv\Lib\site-packages\sqlalchemy\engine\create.py", line 646, in connect
    return dialect.connect(*cargs, **cparams)
           ^^^^^^^^^^^^^^^^^^^^^^^^^^^^^^^^^^
  File "C:\Users\kreon\Dropbox\python_advanced_final\.venv\Lib\site-packages\sqlalchemy\engine\default.py", line 625, in connect
    return self.loaded_dbapi.connect(*cargs, **cparams)  # type: ignore[no-any-return]  # NOQA: E501
           ^^^^^^^^^^^^^^^^^^^^^^^^^^^^^^^^^^^^^^^^^^^^
sqlite3.OperationalError: unable to open database file

The above exception was the direct cause of the following exception:

Traceback (most recent call last):
  File "C:\Users\kreon\Dropbox\python_advanced_final\bot\main.py", line 135, in <module>
    asyncio.run(main())
  File "C:\Python312\Lib\asyncio\runners.py", line 194, in run
    return runner.run(main)
           ^^^^^^^^^^^^^^^^
  File "C:\Python312\Lib\asyncio\runners.py", line 118, in run
    return self._loop.run_until_complete(task)
           ^^^^^^^^^^^^^^^^^^^^^^^^^^^^^^^^^^^
  File "C:\Python312\Lib\asyncio\base_events.py", line 686, in run_until_complete
    return future.result()
           ^^^^^^^^^^^^^^^
  File "C:\Users\kreon\Dropbox\python_advanced_final\bot\main.py", line 120, in main
    await init_db()
  File "C:\Users\kreon\Dropbox\python_advanced_final\bot\main.py", line 87, in init_db
    Base.metadata.create_all(engine)
  File "C:\Users\kreon\Dropbox\python_advanced_final\.venv\Lib\site-packages\sqlalchemy\sql\schema.py", line 5925, in create_all
    bind._run_ddl_visitor(
  File "C:\Users\kreon\Dropbox\python_advanced_final\.venv\Lib\site-packages\sqlalchemy\engine\base.py", line 3248, in _run_ddl_visitor
    with self.begin() as conn:
         ^^^^^^^^^^^^
  File "C:\Python312\Lib\contextlib.py", line 137, in __enter__
    return next(self.gen)
           ^^^^^^^^^^^^^^
  File "C:\Users\kreon\Dropbox\python_advanced_final\.venv\Lib\site-packages\sqlalchemy\engine\base.py", line 3238, in begin
    with self.connect() as conn:
         ^^^^^^^^^^^^^^
  File "C:\Users\kreon\Dropbox\python_advanced_final\.venv\Lib\site-packages\sqlalchemy\engine\base.py", line 3274, in connect
    return self._connection_cls(self)
           ^^^^^^^^^^^^^^^^^^^^^^^^^^
  File "C:\Users\kreon\Dropbox\python_advanced_final\.venv\Lib\site-packages\sqlalchemy\engine\base.py", line 148, in __init__
    Connection._handle_dbapi_exception_noconnection(
  File "C:\Users\kreon\Dropbox\python_advanced_final\.venv\Lib\site-packages\sqlalchemy\engine\base.py", line 2439, in _handle_dbapi_exception_noconnection
    raise sqlalchemy_exception.with_traceback(exc_info[2]) from e
  File "C:\Users\kreon\Dropbox\python_advanced_final\.venv\Lib\site-packages\sqlalchemy\engine\base.py", line 146, in __init__
    self._dbapi_connection = engine.raw_connection()
                             ^^^^^^^^^^^^^^^^^^^^^^^
  File "C:\Users\kreon\Dropbox\python_advanced_final\.venv\Lib\site-packages\sqlalchemy\engine\base.py", line 3298, in raw_connection
    return self.pool.connect()
           ^^^^^^^^^^^^^^^^^^^
  File "C:\Users\kreon\Dropbox\python_advanced_final\.venv\Lib\site-packages\sqlalchemy\pool\base.py", line 449, in connect
    return _ConnectionFairy._checkout(self)
           ^^^^^^^^^^^^^^^^^^^^^^^^^^^^^^^^
  File "C:\Users\kreon\Dropbox\python_advanced_final\.venv\Lib\site-packages\sqlalchemy\pool\base.py", line 1264, in _checkout
    fairy = _ConnectionRecord.checkout(pool)
            ^^^^^^^^^^^^^^^^^^^^^^^^^^^^^^^^
  File "C:\Users\kreon\Dropbox\python_advanced_final\.venv\Lib\site-packages\sqlalchemy\pool\base.py", line 713, in checkout
    rec = pool._do_get()
          ^^^^^^^^^^^^^^
  File "C:\Users\kreon\Dropbox\python_advanced_final\.venv\Lib\site-packages\sqlalchemy\pool\impl.py", line 179, in _do_get
    with util.safe_reraise():
         ^^^^^^^^^^^^^^^^^^^
  File "C:\Users\kreon\Dropbox\python_advanced_final\.venv\Lib\site-packages\sqlalchemy\util\langhelpers.py", line 146, in __exit__
    raise exc_value.with_traceback(exc_tb)
  File "C:\Users\kreon\Dropbox\python_advanced_final\.venv\Lib\site-packages\sqlalchemy\pool\impl.py", line 177, in _do_get
    return self._create_connection()
           ^^^^^^^^^^^^^^^^^^^^^^^^^
  File "C:\Users\kreon\Dropbox\python_advanced_final\.venv\Lib\site-packages\sqlalchemy\pool\base.py", line 390, in _create_connection
    return _ConnectionRecord(self)
           ^^^^^^^^^^^^^^^^^^^^^^^
  File "C:\Users\kreon\Dropbox\python_advanced_final\.venv\Lib\site-packages\sqlalchemy\pool\base.py", line 675, in __init__
    self.__connect()
  File "C:\Users\kreon\Dropbox\python_advanced_final\.venv\Lib\site-packages\sqlalchemy\pool\base.py", line 901, in __connect
    with util.safe_reraise():
         ^^^^^^^^^^^^^^^^^^^
  File "C:\Users\kreon\Dropbox\python_advanced_final\.venv\Lib\site-packages\sqlalchemy\util\langhelpers.py", line 146, in __exit__
    raise exc_value.with_traceback(exc_tb)
  File "C:\Users\kreon\Dropbox\python_advanced_final\.venv\Lib\site-packages\sqlalchemy\pool\base.py", line 897, in __connect
    self.dbapi_connection = connection = pool._invoke_creator(self)
                                         ^^^^^^^^^^^^^^^^^^^^^^^^^^
  File "C:\Users\kreon\Dropbox\python_advanced_final\.venv\Lib\site-packages\sqlalchemy\engine\create.py", line 646, in connect
    return dialect.connect(*cargs, **cparams)
           ^^^^^^^^^^^^^^^^^^^^^^^^^^^^^^^^^^
  File "C:\Users\kreon\Dropbox\python_advanced_final\.venv\Lib\site-packages\sqlalchemy\engine\default.py", line 625, in connect
    return self.loaded_dbapi.connect(*cargs, **cparams)  # type: ignore[no-any-return]  # NOQA: E501
           ^^^^^^^^^^^^^^^^^^^^^^^^^^^^^^^^^^^^^^^^^^^^
sqlalchemy.exc.OperationalError: (sqlite3.OperationalError) unable to open database file
(Background on this error at: https://sqlalche.me/e/20/e3q8)
2025-04-08 19:41:01 | ERROR | bot | main.py:79 | DB_PATH environment variable not set
2025-04-08 19:41:01 | CRITICAL | bot | main.py:137 | Bot crashed: DB_PATH environment variable not set
Traceback (most recent call last):
  File "C:\Users\kreon\Dropbox\python_advanced_final\bot\main.py", line 135, in <module>
    asyncio.run(main())
  File "C:\Python312\Lib\asyncio\runners.py", line 194, in run
    return runner.run(main)
           ^^^^^^^^^^^^^^^^
  File "C:\Python312\Lib\asyncio\runners.py", line 118, in run
    return self._loop.run_until_complete(task)
           ^^^^^^^^^^^^^^^^^^^^^^^^^^^^^^^^^^^
  File "C:\Python312\Lib\asyncio\base_events.py", line 686, in run_until_complete
    return future.result()
           ^^^^^^^^^^^^^^^
  File "C:\Users\kreon\Dropbox\python_advanced_final\bot\main.py", line 120, in main
    await init_db()
  File "C:\Users\kreon\Dropbox\python_advanced_final\bot\main.py", line 80, in init_db
    raise ValueError("DB_PATH environment variable not set")
ValueError: DB_PATH environment variable not set
2025-04-08 19:43:33 | ERROR | bot | main.py:94 | Database initialization error: Not an executable object: "SELECT name FROM sqlite_master WHERE type='table'"
Traceback (most recent call last):
  File "C:\Users\kreon\Dropbox\python_advanced_final\.venv\Lib\site-packages\sqlalchemy\engine\base.py", line 1412, in execute
    meth = statement._execute_on_connection
           ^^^^^^^^^^^^^^^^^^^^^^^^^^^^^^^^
AttributeError: 'str' object has no attribute '_execute_on_connection'

The above exception was the direct cause of the following exception:

Traceback (most recent call last):
  File "C:\Users\kreon\Dropbox\python_advanced_final\bot\main.py", line 90, in init_db
    tables = conn.execute("SELECT name FROM sqlite_master WHERE type='table'").fetchall()
             ^^^^^^^^^^^^^^^^^^^^^^^^^^^^^^^^^^^^^^^^^^^^^^^^^^^^^^^^^^^^^^^^^
  File "C:\Users\kreon\Dropbox\python_advanced_final\.venv\Lib\site-packages\sqlalchemy\engine\base.py", line 1414, in execute
    raise exc.ObjectNotExecutableError(statement) from err
sqlalchemy.exc.ObjectNotExecutableError: Not an executable object: "SELECT name FROM sqlite_master WHERE type='table'"
2025-04-08 19:43:33 | CRITICAL | bot | main.py:133 | Bot crashed: Not an executable object: "SELECT name FROM sqlite_master WHERE type='table'"
Traceback (most recent call last):
  File "C:\Users\kreon\Dropbox\python_advanced_final\.venv\Lib\site-packages\sqlalchemy\engine\base.py", line 1412, in execute
    meth = statement._execute_on_connection
           ^^^^^^^^^^^^^^^^^^^^^^^^^^^^^^^^
AttributeError: 'str' object has no attribute '_execute_on_connection'

The above exception was the direct cause of the following exception:

Traceback (most recent call last):
  File "C:\Users\kreon\Dropbox\python_advanced_final\bot\main.py", line 131, in <module>
    asyncio.run(main())
  File "C:\Python312\Lib\asyncio\runners.py", line 194, in run
    return runner.run(main)
           ^^^^^^^^^^^^^^^^
  File "C:\Python312\Lib\asyncio\runners.py", line 118, in run
    return self._loop.run_until_complete(task)
           ^^^^^^^^^^^^^^^^^^^^^^^^^^^^^^^^^^^
  File "C:\Python312\Lib\asyncio\base_events.py", line 686, in run_until_complete
    return future.result()
           ^^^^^^^^^^^^^^^
  File "C:\Users\kreon\Dropbox\python_advanced_final\bot\main.py", line 116, in main
    await init_db()
  File "C:\Users\kreon\Dropbox\python_advanced_final\bot\main.py", line 90, in init_db
    tables = conn.execute("SELECT name FROM sqlite_master WHERE type='table'").fetchall()
             ^^^^^^^^^^^^^^^^^^^^^^^^^^^^^^^^^^^^^^^^^^^^^^^^^^^^^^^^^^^^^^^^^
  File "C:\Users\kreon\Dropbox\python_advanced_final\.venv\Lib\site-packages\sqlalchemy\engine\base.py", line 1414, in execute
    raise exc.ObjectNotExecutableError(statement) from err
sqlalchemy.exc.ObjectNotExecutableError: Not an executable object: "SELECT name FROM sqlite_master WHERE type='table'"
2025-04-08 19:45:59 | WARNING | bot | reminders.py:59 | Invalid interval value: <sqlalchemy.orm.session.Session object at 0x000001FCE102A780>, using default 30
2025-04-08 19:45:59 | CRITICAL | bot | config.py:27 | Database connection failed: 'str' object has no attribute 'parent'
2025-04-08 19:45:59 | ERROR | bot | reminders.py:116 | Unexpected error in reminders loop: 'str' object has no attribute 'parent'
2025-04-08 19:45:59 | CRITICAL | bot | main.py:136 | Bot crashed: HTTP Client says - ClientConnectorError: Cannot connect to host 0.0.0.0:8081 ssl:default [The format of the specified network name is invalid]
Traceback (most recent call last):
  File "C:\Users\kreon\Dropbox\python_advanced_final\.venv\Lib\site-packages\aiohttp\connector.py", line 1116, in _wrap_create_connection
    sock = await aiohappyeyeballs.start_connection(
           ^^^^^^^^^^^^^^^^^^^^^^^^^^^^^^^^^^^^^^^^
  File "C:\Users\kreon\Dropbox\python_advanced_final\.venv\Lib\site-packages\aiohappyeyeballs\impl.py", line 122, in start_connection
    raise first_exception
  File "C:\Users\kreon\Dropbox\python_advanced_final\.venv\Lib\site-packages\aiohappyeyeballs\impl.py", line 73, in start_connection
    sock = await _connect_sock(
           ^^^^^^^^^^^^^^^^^^^^
  File "C:\Users\kreon\Dropbox\python_advanced_final\.venv\Lib\site-packages\aiohappyeyeballs\impl.py", line 208, in _connect_sock
    await loop.sock_connect(sock, address)
  File "C:\Python312\Lib\asyncio\proactor_events.py", line 729, in sock_connect
    return await self._proactor.connect(sock, address)
           ^^^^^^^^^^^^^^^^^^^^^^^^^^^^^^^^^^^^^^^^^^^
  File "C:\Python312\Lib\asyncio\windows_events.py", line 803, in _poll
    value = callback(transferred, key, ov)
            ^^^^^^^^^^^^^^^^^^^^^^^^^^^^^^
  File "C:\Python312\Lib\asyncio\windows_events.py", line 599, in finish_connect
    ov.getresult()
OSError: [WinError 1214] The format of the specified network name is invalid

The above exception was the direct cause of the following exception:

Traceback (most recent call last):
  File "C:\Users\kreon\Dropbox\python_advanced_final\.venv\Lib\site-packages\aiogram\client\session\aiohttp.py", line 177, in make_request
    async with session.post(
               ^^^^^^^^^^^^^
  File "C:\Users\kreon\Dropbox\python_advanced_final\.venv\Lib\site-packages\aiohttp\client.py", line 1425, in __aenter__
    self._resp: _RetType = await self._coro
                           ^^^^^^^^^^^^^^^^
  File "C:\Users\kreon\Dropbox\python_advanced_final\.venv\Lib\site-packages\aiohttp\client.py", line 703, in _request
    conn = await self._connector.connect(
           ^^^^^^^^^^^^^^^^^^^^^^^^^^^^^^
  File "C:\Users\kreon\Dropbox\python_advanced_final\.venv\Lib\site-packages\aiohttp\connector.py", line 548, in connect
    proto = await self._create_connection(req, traces, timeout)
            ^^^^^^^^^^^^^^^^^^^^^^^^^^^^^^^^^^^^^^^^^^^^^^^^^^^
  File "C:\Users\kreon\Dropbox\python_advanced_final\.venv\Lib\site-packages\aiohttp\connector.py", line 1056, in _create_connection
    _, proto = await self._create_direct_connection(req, traces, timeout)
               ^^^^^^^^^^^^^^^^^^^^^^^^^^^^^^^^^^^^^^^^^^^^^^^^^^^^^^^^^^
  File "C:\Users\kreon\Dropbox\python_advanced_final\.venv\Lib\site-packages\aiohttp\connector.py", line 1414, in _create_direct_connection
    raise last_exc
  File "C:\Users\kreon\Dropbox\python_advanced_final\.venv\Lib\site-packages\aiohttp\connector.py", line 1383, in _create_direct_connection
    transp, proto = await self._wrap_create_connection(
                    ^^^^^^^^^^^^^^^^^^^^^^^^^^^^^^^^^^^
  File "C:\Users\kreon\Dropbox\python_advanced_final\.venv\Lib\site-packages\aiohttp\connector.py", line 1135, in _wrap_create_connection
    raise client_error(req.connection_key, exc) from exc
aiohttp.client_exceptions.ClientConnectorError: Cannot connect to host 0.0.0.0:8081 ssl:default [The format of the specified network name is invalid]

During handling of the above exception, another exception occurred:

Traceback (most recent call last):
  File "C:\Users\kreon\Dropbox\python_advanced_final\bot\main.py", line 134, in <module>
    asyncio.run(main())
  File "C:\Python312\Lib\asyncio\runners.py", line 194, in run
    return runner.run(main)
           ^^^^^^^^^^^^^^^^
  File "C:\Python312\Lib\asyncio\runners.py", line 118, in run
    return self._loop.run_until_complete(task)
           ^^^^^^^^^^^^^^^^^^^^^^^^^^^^^^^^^^^
  File "C:\Python312\Lib\asyncio\base_events.py", line 686, in run_until_complete
    return future.result()
           ^^^^^^^^^^^^^^^
  File "C:\Users\kreon\Dropbox\python_advanced_final\bot\main.py", line 126, in main
    await asyncio.gather(
  File "C:\Users\kreon\Dropbox\python_advanced_final\.venv\Lib\site-packages\aiogram\dispatcher\dispatcher.py", line 551, in start_polling
    await asyncio.gather(*done)
  File "C:\Users\kreon\Dropbox\python_advanced_final\.venv\Lib\site-packages\aiogram\dispatcher\dispatcher.py", line 340, in _polling
    user: User = await bot.me()
                 ^^^^^^^^^^^^^^
  File "C:\Users\kreon\Dropbox\python_advanced_final\.venv\Lib\site-packages\aiogram\client\bot.py", line 325, in me
    self._me = await self.get_me()
               ^^^^^^^^^^^^^^^^^^^
  File "C:\Users\kreon\Dropbox\python_advanced_final\.venv\Lib\site-packages\aiogram\client\bot.py", line 1751, in get_me
    return await self(call, request_timeout=request_timeout)
           ^^^^^^^^^^^^^^^^^^^^^^^^^^^^^^^^^^^^^^^^^^^^^^^^^
  File "C:\Users\kreon\Dropbox\python_advanced_final\.venv\Lib\site-packages\aiogram\client\bot.py", line 453, in __call__
    return await self.session(self, method, timeout=request_timeout)
           ^^^^^^^^^^^^^^^^^^^^^^^^^^^^^^^^^^^^^^^^^^^^^^^^^^^^^^^^^
  File "C:\Users\kreon\Dropbox\python_advanced_final\.venv\Lib\site-packages\aiogram\client\session\base.py", line 254, in __call__
    return cast(TelegramType, await middleware(bot, method))
                              ^^^^^^^^^^^^^^^^^^^^^^^^^^^^^
  File "C:\Users\kreon\Dropbox\python_advanced_final\.venv\Lib\site-packages\aiogram\client\session\aiohttp.py", line 184, in make_request
    raise TelegramNetworkError(method=method, message=f"{type(e).__name__}: {e}")
aiogram.exceptions.TelegramNetworkError: HTTP Client says - ClientConnectorError: Cannot connect to host 0.0.0.0:8081 ssl:default [The format of the specified network name is invalid]
2025-04-08 19:47:07 | WARNING | bot | reminders.py:59 | Invalid interval value: <sqlalchemy.orm.session.Session object at 0x000001F524A3AB10>, using default 30
2025-04-08 19:47:07 | CRITICAL | bot | config.py:27 | Database connection failed: 'str' object has no attribute 'parent'
2025-04-08 19:47:07 | ERROR | bot | reminders.py:116 | Unexpected error in reminders loop: 'str' object has no attribute 'parent'
2025-04-08 19:47:37 | CRITICAL | bot | config.py:27 | Database connection failed: 'str' object has no attribute 'parent'
2025-04-08 19:47:37 | ERROR | bot | reminders.py:116 | Unexpected error in reminders loop: 'str' object has no attribute 'parent'
2025-04-08 19:48:07 | CRITICAL | bot | config.py:27 | Database connection failed: 'str' object has no attribute 'parent'
2025-04-08 19:48:07 | ERROR | bot | reminders.py:116 | Unexpected error in reminders loop: 'str' object has no attribute 'parent'
2025-04-08 19:48:37 | CRITICAL | bot | config.py:27 | Database connection failed: 'str' object has no attribute 'parent'
2025-04-08 19:48:37 | ERROR | bot | reminders.py:116 | Unexpected error in reminders loop: 'str' object has no attribute 'parent'
2025-04-08 19:49:07 | CRITICAL | bot | config.py:27 | Database connection failed: 'str' object has no attribute 'parent'
2025-04-08 19:49:07 | ERROR | bot | reminders.py:116 | Unexpected error in reminders loop: 'str' object has no attribute 'parent'
2025-04-08 19:49:37 | CRITICAL | bot | config.py:27 | Database connection failed: 'str' object has no attribute 'parent'
2025-04-08 19:49:37 | ERROR | bot | reminders.py:116 | Unexpected error in reminders loop: 'str' object has no attribute 'parent'
2025-04-08 19:50:07 | CRITICAL | bot | config.py:27 | Database connection failed: 'str' object has no attribute 'parent'
2025-04-08 19:50:07 | ERROR | bot | reminders.py:116 | Unexpected error in reminders loop: 'str' object has no attribute 'parent'
2025-04-08 19:50:37 | CRITICAL | bot | config.py:27 | Database connection failed: 'str' object has no attribute 'parent'
2025-04-08 19:50:37 | ERROR | bot | reminders.py:116 | Unexpected error in reminders loop: 'str' object has no attribute 'parent'
2025-04-08 19:51:07 | CRITICAL | bot | config.py:27 | Database connection failed: 'str' object has no attribute 'parent'
2025-04-08 19:51:07 | ERROR | bot | reminders.py:116 | Unexpected error in reminders loop: 'str' object has no attribute 'parent'
2025-04-08 19:51:37 | CRITICAL | bot | config.py:27 | Database connection failed: 'str' object has no attribute 'parent'
2025-04-08 19:51:37 | ERROR | bot | reminders.py:116 | Unexpected error in reminders loop: 'str' object has no attribute 'parent'
2025-04-08 19:52:07 | CRITICAL | bot | config.py:27 | Database connection failed: 'str' object has no attribute 'parent'
2025-04-08 19:52:07 | ERROR | bot | reminders.py:116 | Unexpected error in reminders loop: 'str' object has no attribute 'parent'
2025-04-08 19:52:37 | CRITICAL | bot | config.py:27 | Database connection failed: 'str' object has no attribute 'parent'
2025-04-08 19:52:37 | ERROR | bot | reminders.py:116 | Unexpected error in reminders loop: 'str' object has no attribute 'parent'
2025-04-08 19:53:07 | CRITICAL | bot | config.py:27 | Database connection failed: 'str' object has no attribute 'parent'
2025-04-08 19:53:07 | ERROR | bot | reminders.py:116 | Unexpected error in reminders loop: 'str' object has no attribute 'parent'
2025-04-08 19:53:37 | CRITICAL | bot | config.py:27 | Database connection failed: 'str' object has no attribute 'parent'
2025-04-08 19:53:37 | ERROR | bot | reminders.py:116 | Unexpected error in reminders loop: 'str' object has no attribute 'parent'
2025-04-08 19:54:07 | CRITICAL | bot | config.py:27 | Database connection failed: 'str' object has no attribute 'parent'
2025-04-08 19:54:07 | ERROR | bot | reminders.py:116 | Unexpected error in reminders loop: 'str' object has no attribute 'parent'
2025-04-08 19:54:37 | CRITICAL | bot | config.py:27 | Database connection failed: 'str' object has no attribute 'parent'
2025-04-08 19:54:37 | ERROR | bot | reminders.py:116 | Unexpected error in reminders loop: 'str' object has no attribute 'parent'
2025-04-08 19:55:07 | CRITICAL | bot | config.py:27 | Database connection failed: 'str' object has no attribute 'parent'
2025-04-08 19:55:07 | ERROR | bot | reminders.py:116 | Unexpected error in reminders loop: 'str' object has no attribute 'parent'
2025-04-08 19:55:37 | CRITICAL | bot | config.py:27 | Database connection failed: 'str' object has no attribute 'parent'
2025-04-08 19:55:37 | ERROR | bot | reminders.py:116 | Unexpected error in reminders loop: 'str' object has no attribute 'parent'
2025-04-08 19:56:07 | CRITICAL | bot | config.py:27 | Database connection failed: 'str' object has no attribute 'parent'
2025-04-08 19:56:07 | ERROR | bot | reminders.py:116 | Unexpected error in reminders loop: 'str' object has no attribute 'parent'
2025-04-08 19:56:37 | CRITICAL | bot | config.py:27 | Database connection failed: 'str' object has no attribute 'parent'
2025-04-08 19:56:37 | ERROR | bot | reminders.py:116 | Unexpected error in reminders loop: 'str' object has no attribute 'parent'
2025-04-08 19:57:07 | CRITICAL | bot | config.py:27 | Database connection failed: 'str' object has no attribute 'parent'
2025-04-08 19:57:07 | ERROR | bot | reminders.py:116 | Unexpected error in reminders loop: 'str' object has no attribute 'parent'
2025-04-08 19:57:37 | CRITICAL | bot | config.py:27 | Database connection failed: 'str' object has no attribute 'parent'
2025-04-08 19:57:37 | ERROR | bot | reminders.py:116 | Unexpected error in reminders loop: 'str' object has no attribute 'parent'
2025-04-08 19:58:07 | CRITICAL | bot | config.py:27 | Database connection failed: 'str' object has no attribute 'parent'
2025-04-08 19:58:07 | ERROR | bot | reminders.py:116 | Unexpected error in reminders loop: 'str' object has no attribute 'parent'
2025-04-08 19:58:37 | CRITICAL | bot | config.py:27 | Database connection failed: 'str' object has no attribute 'parent'
2025-04-08 19:58:37 | ERROR | bot | reminders.py:116 | Unexpected error in reminders loop: 'str' object has no attribute 'parent'
2025-04-08 19:59:07 | CRITICAL | bot | config.py:27 | Database connection failed: 'str' object has no attribute 'parent'
2025-04-08 19:59:07 | ERROR | bot | reminders.py:116 | Unexpected error in reminders loop: 'str' object has no attribute 'parent'
2025-04-08 19:59:37 | CRITICAL | bot | config.py:27 | Database connection failed: 'str' object has no attribute 'parent'
2025-04-08 19:59:37 | ERROR | bot | reminders.py:116 | Unexpected error in reminders loop: 'str' object has no attribute 'parent'
2025-04-08 20:00:07 | CRITICAL | bot | config.py:27 | Database connection failed: 'str' object has no attribute 'parent'
2025-04-08 20:00:07 | ERROR | bot | reminders.py:116 | Unexpected error in reminders loop: 'str' object has no attribute 'parent'
2025-04-08 20:00:37 | CRITICAL | bot | config.py:27 | Database connection failed: 'str' object has no attribute 'parent'
2025-04-08 20:00:37 | ERROR | bot | reminders.py:116 | Unexpected error in reminders loop: 'str' object has no attribute 'parent'
2025-04-08 20:01:07 | CRITICAL | bot | config.py:27 | Database connection failed: 'str' object has no attribute 'parent'
2025-04-08 20:01:07 | ERROR | bot | reminders.py:116 | Unexpected error in reminders loop: 'str' object has no attribute 'parent'
2025-04-08 20:01:37 | CRITICAL | bot | config.py:27 | Database connection failed: 'str' object has no attribute 'parent'
2025-04-08 20:01:37 | ERROR | bot | reminders.py:116 | Unexpected error in reminders loop: 'str' object has no attribute 'parent'
2025-04-08 20:02:07 | CRITICAL | bot | config.py:27 | Database connection failed: 'str' object has no attribute 'parent'
2025-04-08 20:02:07 | ERROR | bot | reminders.py:116 | Unexpected error in reminders loop: 'str' object has no attribute 'parent'
2025-04-08 20:02:37 | CRITICAL | bot | config.py:27 | Database connection failed: 'str' object has no attribute 'parent'
2025-04-08 20:02:37 | ERROR | bot | reminders.py:116 | Unexpected error in reminders loop: 'str' object has no attribute 'parent'
2025-04-08 20:03:07 | CRITICAL | bot | config.py:27 | Database connection failed: 'str' object has no attribute 'parent'
2025-04-08 20:03:07 | ERROR | bot | reminders.py:116 | Unexpected error in reminders loop: 'str' object has no attribute 'parent'
2025-04-08 20:03:37 | CRITICAL | bot | config.py:27 | Database connection failed: 'str' object has no attribute 'parent'
2025-04-08 20:03:37 | ERROR | bot | reminders.py:116 | Unexpected error in reminders loop: 'str' object has no attribute 'parent'
2025-04-08 20:04:07 | CRITICAL | bot | config.py:27 | Database connection failed: 'str' object has no attribute 'parent'
2025-04-08 20:04:07 | ERROR | bot | reminders.py:116 | Unexpected error in reminders loop: 'str' object has no attribute 'parent'
2025-04-08 20:04:37 | CRITICAL | bot | config.py:27 | Database connection failed: 'str' object has no attribute 'parent'
2025-04-08 20:04:37 | ERROR | bot | reminders.py:116 | Unexpected error in reminders loop: 'str' object has no attribute 'parent'
2025-04-08 20:05:07 | CRITICAL | bot | config.py:27 | Database connection failed: 'str' object has no attribute 'parent'
2025-04-08 20:05:07 | ERROR | bot | reminders.py:116 | Unexpected error in reminders loop: 'str' object has no attribute 'parent'
2025-04-08 20:05:37 | CRITICAL | bot | config.py:27 | Database connection failed: 'str' object has no attribute 'parent'
2025-04-08 20:05:37 | ERROR | bot | reminders.py:116 | Unexpected error in reminders loop: 'str' object has no attribute 'parent'
2025-04-08 20:06:07 | CRITICAL | bot | config.py:27 | Database connection failed: 'str' object has no attribute 'parent'
2025-04-08 20:06:07 | ERROR | bot | reminders.py:116 | Unexpected error in reminders loop: 'str' object has no attribute 'parent'
2025-04-08 20:06:37 | CRITICAL | bot | config.py:27 | Database connection failed: 'str' object has no attribute 'parent'
2025-04-08 20:06:37 | ERROR | bot | reminders.py:116 | Unexpected error in reminders loop: 'str' object has no attribute 'parent'
2025-04-08 20:07:07 | CRITICAL | bot | config.py:27 | Database connection failed: 'str' object has no attribute 'parent'
2025-04-08 20:07:07 | ERROR | bot | reminders.py:116 | Unexpected error in reminders loop: 'str' object has no attribute 'parent'
2025-04-08 20:07:24 | CRITICAL | bot | config.py:27 | Database connection failed: 'str' object has no attribute 'parent'
2025-04-08 20:07:24 | ERROR | bot | db.py:16 | Error fetching user_id for telegram_id=120334532: 'str' object has no attribute 'parent'
Traceback (most recent call last):
  File "C:\Users\kreon\Dropbox\python_advanced_final\bot\utils\db.py", line 10, in get_user_id_by_telegram_id
    with get_db_connection() as conn:
         ^^^^^^^^^^^^^^^^^^^
  File "C:\Users\kreon\Dropbox\python_advanced_final\bot\config\config.py", line 16, in get_db_connection
    os.makedirs(DB_PATH.parent, exist_ok=True)
                ^^^^^^^^^^^^^^
AttributeError: 'str' object has no attribute 'parent'
2025-04-08 20:07:24 | WARNING | bot | commands.py:190 | Unauthorized access attempt by telegram_id=120334532
2025-04-08 20:07:37 | CRITICAL | bot | config.py:27 | Database connection failed: 'str' object has no attribute 'parent'
2025-04-08 20:07:37 | ERROR | bot | db.py:16 | Error fetching user_id for telegram_id=120334532: 'str' object has no attribute 'parent'
Traceback (most recent call last):
  File "C:\Users\kreon\Dropbox\python_advanced_final\bot\utils\db.py", line 10, in get_user_id_by_telegram_id
    with get_db_connection() as conn:
         ^^^^^^^^^^^^^^^^^^^
  File "C:\Users\kreon\Dropbox\python_advanced_final\bot\config\config.py", line 16, in get_db_connection
    os.makedirs(DB_PATH.parent, exist_ok=True)
                ^^^^^^^^^^^^^^
AttributeError: 'str' object has no attribute 'parent'
2025-04-08 20:07:37 | CRITICAL | bot | config.py:27 | Database connection failed: 'str' object has no attribute 'parent'
2025-04-08 20:07:37 | ERROR | bot | reminders.py:116 | Unexpected error in reminders loop: 'str' object has no attribute 'parent'
2025-04-08 20:08:07 | CRITICAL | bot | config.py:27 | Database connection failed: 'str' object has no attribute 'parent'
2025-04-08 20:08:07 | ERROR | bot | reminders.py:116 | Unexpected error in reminders loop: 'str' object has no attribute 'parent'
2025-04-08 20:08:37 | CRITICAL | bot | config.py:27 | Database connection failed: 'str' object has no attribute 'parent'
2025-04-08 20:08:37 | ERROR | bot | reminders.py:116 | Unexpected error in reminders loop: 'str' object has no attribute 'parent'
2025-04-08 20:08:46 | CRITICAL | bot | config.py:27 | Database connection failed: 'str' object has no attribute 'parent'
2025-04-08 20:08:46 | ERROR | bot | db.py:16 | Error fetching user_id for telegram_id=120334532: 'str' object has no attribute 'parent'
Traceback (most recent call last):
  File "C:\Users\kreon\Dropbox\python_advanced_final\bot\utils\db.py", line 10, in get_user_id_by_telegram_id
    with get_db_connection() as conn:
         ^^^^^^^^^^^^^^^^^^^
  File "C:\Users\kreon\Dropbox\python_advanced_final\bot\config\config.py", line 16, in get_db_connection
    os.makedirs(DB_PATH.parent, exist_ok=True)
                ^^^^^^^^^^^^^^
AttributeError: 'str' object has no attribute 'parent'
2025-04-08 20:09:07 | CRITICAL | bot | config.py:27 | Database connection failed: 'str' object has no attribute 'parent'
2025-04-08 20:09:07 | ERROR | bot | reminders.py:116 | Unexpected error in reminders loop: 'str' object has no attribute 'parent'
2025-04-08 20:09:37 | CRITICAL | bot | config.py:27 | Database connection failed: 'str' object has no attribute 'parent'
2025-04-08 20:09:37 | ERROR | bot | reminders.py:116 | Unexpected error in reminders loop: 'str' object has no attribute 'parent'
2025-04-08 20:10:07 | CRITICAL | bot | config.py:27 | Database connection failed: 'str' object has no attribute 'parent'
2025-04-08 20:10:07 | ERROR | bot | reminders.py:116 | Unexpected error in reminders loop: 'str' object has no attribute 'parent'
2025-04-08 20:10:37 | CRITICAL | bot | config.py:27 | Database connection failed: 'str' object has no attribute 'parent'
2025-04-08 20:10:37 | ERROR | bot | reminders.py:116 | Unexpected error in reminders loop: 'str' object has no attribute 'parent'
2025-04-08 20:11:07 | CRITICAL | bot | config.py:27 | Database connection failed: 'str' object has no attribute 'parent'
2025-04-08 20:11:07 | ERROR | bot | reminders.py:116 | Unexpected error in reminders loop: 'str' object has no attribute 'parent'
2025-04-08 20:11:37 | CRITICAL | bot | config.py:27 | Database connection failed: 'str' object has no attribute 'parent'
2025-04-08 20:11:37 | ERROR | bot | reminders.py:116 | Unexpected error in reminders loop: 'str' object has no attribute 'parent'
2025-04-08 20:12:07 | CRITICAL | bot | config.py:27 | Database connection failed: 'str' object has no attribute 'parent'
2025-04-08 20:12:07 | ERROR | bot | reminders.py:116 | Unexpected error in reminders loop: 'str' object has no attribute 'parent'
2025-04-08 20:12:37 | CRITICAL | bot | config.py:27 | Database connection failed: 'str' object has no attribute 'parent'
2025-04-08 20:12:37 | ERROR | bot | reminders.py:116 | Unexpected error in reminders loop: 'str' object has no attribute 'parent'
2025-04-08 20:13:07 | CRITICAL | bot | config.py:27 | Database connection failed: 'str' object has no attribute 'parent'
2025-04-08 20:13:07 | ERROR | bot | reminders.py:116 | Unexpected error in reminders loop: 'str' object has no attribute 'parent'
2025-04-08 20:13:37 | CRITICAL | bot | config.py:27 | Database connection failed: 'str' object has no attribute 'parent'
2025-04-08 20:13:37 | ERROR | bot | reminders.py:116 | Unexpected error in reminders loop: 'str' object has no attribute 'parent'
2025-04-08 20:14:07 | CRITICAL | bot | config.py:27 | Database connection failed: 'str' object has no attribute 'parent'
2025-04-08 20:14:07 | ERROR | bot | reminders.py:116 | Unexpected error in reminders loop: 'str' object has no attribute 'parent'
2025-04-08 20:14:37 | CRITICAL | bot | config.py:27 | Database connection failed: 'str' object has no attribute 'parent'
2025-04-08 20:14:37 | ERROR | bot | reminders.py:116 | Unexpected error in reminders loop: 'str' object has no attribute 'parent'
2025-04-08 20:15:07 | CRITICAL | bot | config.py:27 | Database connection failed: 'str' object has no attribute 'parent'
2025-04-08 20:15:07 | ERROR | bot | reminders.py:116 | Unexpected error in reminders loop: 'str' object has no attribute 'parent'
2025-04-08 20:15:37 | CRITICAL | bot | config.py:27 | Database connection failed: 'str' object has no attribute 'parent'
2025-04-08 20:15:37 | ERROR | bot | reminders.py:116 | Unexpected error in reminders loop: 'str' object has no attribute 'parent'
2025-04-08 20:16:07 | CRITICAL | bot | config.py:27 | Database connection failed: 'str' object has no attribute 'parent'
2025-04-08 20:16:07 | ERROR | bot | reminders.py:116 | Unexpected error in reminders loop: 'str' object has no attribute 'parent'
2025-04-08 20:16:37 | CRITICAL | bot | config.py:27 | Database connection failed: 'str' object has no attribute 'parent'
2025-04-08 20:16:37 | ERROR | bot | reminders.py:116 | Unexpected error in reminders loop: 'str' object has no attribute 'parent'
2025-04-08 20:17:07 | CRITICAL | bot | config.py:27 | Database connection failed: 'str' object has no attribute 'parent'
2025-04-08 20:17:07 | ERROR | bot | reminders.py:116 | Unexpected error in reminders loop: 'str' object has no attribute 'parent'
2025-04-08 20:17:37 | CRITICAL | bot | config.py:27 | Database connection failed: 'str' object has no attribute 'parent'
2025-04-08 20:17:37 | ERROR | bot | reminders.py:116 | Unexpected error in reminders loop: 'str' object has no attribute 'parent'
2025-04-08 20:18:07 | CRITICAL | bot | config.py:27 | Database connection failed: 'str' object has no attribute 'parent'
2025-04-08 20:18:07 | ERROR | bot | reminders.py:116 | Unexpected error in reminders loop: 'str' object has no attribute 'parent'
2025-04-08 20:18:37 | CRITICAL | bot | config.py:27 | Database connection failed: 'str' object has no attribute 'parent'
2025-04-08 20:18:37 | ERROR | bot | reminders.py:116 | Unexpected error in reminders loop: 'str' object has no attribute 'parent'
2025-04-08 20:19:07 | CRITICAL | bot | config.py:27 | Database connection failed: 'str' object has no attribute 'parent'
2025-04-08 20:19:07 | ERROR | bot | reminders.py:116 | Unexpected error in reminders loop: 'str' object has no attribute 'parent'
2025-04-08 20:19:37 | CRITICAL | bot | config.py:27 | Database connection failed: 'str' object has no attribute 'parent'
2025-04-08 20:19:37 | ERROR | bot | reminders.py:116 | Unexpected error in reminders loop: 'str' object has no attribute 'parent'
2025-04-08 20:20:07 | CRITICAL | bot | config.py:27 | Database connection failed: 'str' object has no attribute 'parent'
2025-04-08 20:20:07 | ERROR | bot | reminders.py:116 | Unexpected error in reminders loop: 'str' object has no attribute 'parent'
2025-04-08 20:20:37 | CRITICAL | bot | config.py:27 | Database connection failed: 'str' object has no attribute 'parent'
2025-04-08 20:20:37 | ERROR | bot | reminders.py:116 | Unexpected error in reminders loop: 'str' object has no attribute 'parent'
2025-04-08 20:21:07 | CRITICAL | bot | config.py:27 | Database connection failed: 'str' object has no attribute 'parent'
2025-04-08 20:21:07 | ERROR | bot | reminders.py:116 | Unexpected error in reminders loop: 'str' object has no attribute 'parent'
2025-04-08 20:21:37 | CRITICAL | bot | config.py:27 | Database connection failed: 'str' object has no attribute 'parent'
2025-04-08 20:21:37 | ERROR | bot | reminders.py:116 | Unexpected error in reminders loop: 'str' object has no attribute 'parent'
2025-04-08 20:22:07 | CRITICAL | bot | config.py:27 | Database connection failed: 'str' object has no attribute 'parent'
2025-04-08 20:22:07 | ERROR | bot | reminders.py:116 | Unexpected error in reminders loop: 'str' object has no attribute 'parent'
2025-04-08 20:22:37 | CRITICAL | bot | config.py:27 | Database connection failed: 'str' object has no attribute 'parent'
2025-04-08 20:22:37 | ERROR | bot | reminders.py:116 | Unexpected error in reminders loop: 'str' object has no attribute 'parent'
2025-04-08 20:23:07 | CRITICAL | bot | config.py:27 | Database connection failed: 'str' object has no attribute 'parent'
2025-04-08 20:23:07 | ERROR | bot | reminders.py:116 | Unexpected error in reminders loop: 'str' object has no attribute 'parent'
2025-04-08 20:23:37 | CRITICAL | bot | config.py:27 | Database connection failed: 'str' object has no attribute 'parent'
2025-04-08 20:23:37 | ERROR | bot | reminders.py:116 | Unexpected error in reminders loop: 'str' object has no attribute 'parent'
2025-04-08 20:24:07 | CRITICAL | bot | config.py:27 | Database connection failed: 'str' object has no attribute 'parent'
2025-04-08 20:24:07 | ERROR | bot | reminders.py:116 | Unexpected error in reminders loop: 'str' object has no attribute 'parent'
2025-04-08 20:24:37 | CRITICAL | bot | config.py:27 | Database connection failed: 'str' object has no attribute 'parent'
2025-04-08 20:24:37 | ERROR | bot | reminders.py:116 | Unexpected error in reminders loop: 'str' object has no attribute 'parent'
2025-04-08 20:25:07 | CRITICAL | bot | config.py:27 | Database connection failed: 'str' object has no attribute 'parent'
2025-04-08 20:25:07 | ERROR | bot | reminders.py:116 | Unexpected error in reminders loop: 'str' object has no attribute 'parent'
2025-04-08 20:25:37 | CRITICAL | bot | config.py:27 | Database connection failed: 'str' object has no attribute 'parent'
2025-04-08 20:25:37 | ERROR | bot | reminders.py:116 | Unexpected error in reminders loop: 'str' object has no attribute 'parent'
2025-04-08 20:26:07 | CRITICAL | bot | config.py:27 | Database connection failed: 'str' object has no attribute 'parent'
2025-04-08 20:26:07 | ERROR | bot | reminders.py:116 | Unexpected error in reminders loop: 'str' object has no attribute 'parent'
2025-04-08 20:26:37 | CRITICAL | bot | config.py:27 | Database connection failed: 'str' object has no attribute 'parent'
2025-04-08 20:26:37 | ERROR | bot | reminders.py:116 | Unexpected error in reminders loop: 'str' object has no attribute 'parent'
2025-04-08 20:27:07 | CRITICAL | bot | config.py:27 | Database connection failed: 'str' object has no attribute 'parent'
2025-04-08 20:27:07 | ERROR | bot | reminders.py:116 | Unexpected error in reminders loop: 'str' object has no attribute 'parent'
2025-04-08 20:27:37 | CRITICAL | bot | config.py:27 | Database connection failed: 'str' object has no attribute 'parent'
2025-04-08 20:27:37 | ERROR | bot | reminders.py:116 | Unexpected error in reminders loop: 'str' object has no attribute 'parent'
2025-04-08 20:28:07 | CRITICAL | bot | config.py:27 | Database connection failed: 'str' object has no attribute 'parent'
2025-04-08 20:28:07 | ERROR | bot | reminders.py:116 | Unexpected error in reminders loop: 'str' object has no attribute 'parent'
2025-04-08 20:28:37 | CRITICAL | bot | config.py:27 | Database connection failed: 'str' object has no attribute 'parent'
2025-04-08 20:28:37 | ERROR | bot | reminders.py:116 | Unexpected error in reminders loop: 'str' object has no attribute 'parent'
2025-04-08 20:29:07 | CRITICAL | bot | config.py:27 | Database connection failed: 'str' object has no attribute 'parent'
2025-04-08 20:29:07 | ERROR | bot | reminders.py:116 | Unexpected error in reminders loop: 'str' object has no attribute 'parent'
2025-04-08 20:29:37 | CRITICAL | bot | config.py:27 | Database connection failed: 'str' object has no attribute 'parent'
2025-04-08 20:29:37 | ERROR | bot | reminders.py:116 | Unexpected error in reminders loop: 'str' object has no attribute 'parent'
2025-04-08 20:30:07 | CRITICAL | bot | config.py:27 | Database connection failed: 'str' object has no attribute 'parent'
2025-04-08 20:30:07 | ERROR | bot | reminders.py:116 | Unexpected error in reminders loop: 'str' object has no attribute 'parent'
2025-04-08 20:30:37 | CRITICAL | bot | config.py:27 | Database connection failed: 'str' object has no attribute 'parent'
2025-04-08 20:30:37 | ERROR | bot | reminders.py:116 | Unexpected error in reminders loop: 'str' object has no attribute 'parent'
2025-04-08 20:31:07 | CRITICAL | bot | config.py:27 | Database connection failed: 'str' object has no attribute 'parent'
2025-04-08 20:31:07 | ERROR | bot | reminders.py:116 | Unexpected error in reminders loop: 'str' object has no attribute 'parent'
2025-04-08 20:31:37 | CRITICAL | bot | config.py:27 | Database connection failed: 'str' object has no attribute 'parent'
2025-04-08 20:31:37 | ERROR | bot | reminders.py:116 | Unexpected error in reminders loop: 'str' object has no attribute 'parent'
2025-04-08 20:32:07 | CRITICAL | bot | config.py:27 | Database connection failed: 'str' object has no attribute 'parent'
2025-04-08 20:32:07 | ERROR | bot | reminders.py:116 | Unexpected error in reminders loop: 'str' object has no attribute 'parent'
2025-04-08 20:32:37 | CRITICAL | bot | config.py:27 | Database connection failed: 'str' object has no attribute 'parent'
2025-04-08 20:32:37 | ERROR | bot | reminders.py:116 | Unexpected error in reminders loop: 'str' object has no attribute 'parent'
2025-04-08 20:33:07 | CRITICAL | bot | config.py:27 | Database connection failed: 'str' object has no attribute 'parent'
2025-04-08 20:33:07 | ERROR | bot | reminders.py:116 | Unexpected error in reminders loop: 'str' object has no attribute 'parent'
2025-04-08 20:33:37 | CRITICAL | bot | config.py:27 | Database connection failed: 'str' object has no attribute 'parent'
2025-04-08 20:33:37 | ERROR | bot | reminders.py:116 | Unexpected error in reminders loop: 'str' object has no attribute 'parent'
2025-04-08 20:34:07 | CRITICAL | bot | config.py:27 | Database connection failed: 'str' object has no attribute 'parent'
2025-04-08 20:34:07 | ERROR | bot | reminders.py:116 | Unexpected error in reminders loop: 'str' object has no attribute 'parent'
2025-04-08 20:34:37 | CRITICAL | bot | config.py:27 | Database connection failed: 'str' object has no attribute 'parent'
2025-04-08 20:34:37 | ERROR | bot | reminders.py:116 | Unexpected error in reminders loop: 'str' object has no attribute 'parent'
2025-04-08 20:35:07 | CRITICAL | bot | config.py:27 | Database connection failed: 'str' object has no attribute 'parent'
2025-04-08 20:35:07 | ERROR | bot | reminders.py:116 | Unexpected error in reminders loop: 'str' object has no attribute 'parent'
2025-04-08 20:35:37 | CRITICAL | bot | config.py:27 | Database connection failed: 'str' object has no attribute 'parent'
2025-04-08 20:35:37 | ERROR | bot | reminders.py:116 | Unexpected error in reminders loop: 'str' object has no attribute 'parent'
2025-04-08 20:36:07 | CRITICAL | bot | config.py:27 | Database connection failed: 'str' object has no attribute 'parent'
2025-04-08 20:36:07 | ERROR | bot | reminders.py:116 | Unexpected error in reminders loop: 'str' object has no attribute 'parent'
2025-04-08 20:36:37 | CRITICAL | bot | config.py:27 | Database connection failed: 'str' object has no attribute 'parent'
2025-04-08 20:36:37 | ERROR | bot | reminders.py:116 | Unexpected error in reminders loop: 'str' object has no attribute 'parent'
2025-04-08 20:37:07 | CRITICAL | bot | config.py:27 | Database connection failed: 'str' object has no attribute 'parent'
2025-04-08 20:37:07 | ERROR | bot | reminders.py:116 | Unexpected error in reminders loop: 'str' object has no attribute 'parent'
2025-04-08 20:37:37 | CRITICAL | bot | config.py:27 | Database connection failed: 'str' object has no attribute 'parent'
2025-04-08 20:37:37 | ERROR | bot | reminders.py:116 | Unexpected error in reminders loop: 'str' object has no attribute 'parent'
2025-04-08 20:38:07 | CRITICAL | bot | config.py:27 | Database connection failed: 'str' object has no attribute 'parent'
2025-04-08 20:38:07 | ERROR | bot | reminders.py:116 | Unexpected error in reminders loop: 'str' object has no attribute 'parent'
2025-04-08 20:38:37 | CRITICAL | bot | config.py:27 | Database connection failed: 'str' object has no attribute 'parent'
2025-04-08 20:38:37 | ERROR | bot | reminders.py:116 | Unexpected error in reminders loop: 'str' object has no attribute 'parent'
2025-04-08 20:39:07 | CRITICAL | bot | config.py:27 | Database connection failed: 'str' object has no attribute 'parent'
2025-04-08 20:39:07 | ERROR | bot | reminders.py:116 | Unexpected error in reminders loop: 'str' object has no attribute 'parent'
2025-04-08 20:39:37 | CRITICAL | bot | config.py:27 | Database connection failed: 'str' object has no attribute 'parent'
2025-04-08 20:39:37 | ERROR | bot | reminders.py:116 | Unexpected error in reminders loop: 'str' object has no attribute 'parent'
2025-04-08 20:40:07 | CRITICAL | bot | config.py:27 | Database connection failed: 'str' object has no attribute 'parent'
2025-04-08 20:40:07 | ERROR | bot | reminders.py:116 | Unexpected error in reminders loop: 'str' object has no attribute 'parent'
2025-04-08 20:40:37 | CRITICAL | bot | config.py:27 | Database connection failed: 'str' object has no attribute 'parent'
2025-04-08 20:40:37 | ERROR | bot | reminders.py:116 | Unexpected error in reminders loop: 'str' object has no attribute 'parent'
2025-04-08 20:41:07 | CRITICAL | bot | config.py:27 | Database connection failed: 'str' object has no attribute 'parent'
2025-04-08 20:41:07 | ERROR | bot | reminders.py:116 | Unexpected error in reminders loop: 'str' object has no attribute 'parent'
2025-04-08 20:41:23 | ERROR | aiogram.dispatcher | dispatcher.py:219 | Failed to fetch updates - TelegramNetworkError: HTTP Client says - ServerDisconnectedError: Server disconnected
2025-04-08 20:41:23 | WARNING | aiogram.dispatcher | dispatcher.py:221 | Sleep for 1.000000 seconds and try again... (tryings = 0, bot id = 7855463694)
2025-04-08 20:42:21 | WARNING | bot | reminders.py:59 | Invalid interval value: <sqlalchemy.orm.session.Session object at 0x000001AB43D727B0>, using default 30
2025-04-08 20:42:21 | CRITICAL | bot | config.py:27 | Database connection failed: 'str' object has no attribute 'parent'
2025-04-08 20:42:21 | ERROR | bot | reminders.py:116 | Unexpected error in reminders loop: 'str' object has no attribute 'parent'
2025-04-08 20:42:35 | ERROR | aiogram.dispatcher | dispatcher.py:219 | Failed to fetch updates - TelegramNetworkError: HTTP Client says - ServerDisconnectedError: Server disconnected
2025-04-08 20:42:35 | WARNING | aiogram.dispatcher | dispatcher.py:221 | Sleep for 1.000000 seconds and try again... (tryings = 0, bot id = 7855463694)
2025-04-08 20:43:52 | ERROR | bot | main.py:95 | Database initialization error: Not an executable object: "SELECT name FROM sqlite_master WHERE type='table'"
Traceback (most recent call last):
  File "C:\Users\kreon\Dropbox\python_advanced_final\.venv\Lib\site-packages\sqlalchemy\engine\base.py", line 1412, in execute
    meth = statement._execute_on_connection
           ^^^^^^^^^^^^^^^^^^^^^^^^^^^^^^^^
AttributeError: 'str' object has no attribute '_execute_on_connection'

The above exception was the direct cause of the following exception:

Traceback (most recent call last):
  File "C:\Users\kreon\Dropbox\python_advanced_final\bot\main.py", line 91, in init_db
    tables = conn.execute("SELECT name FROM sqlite_master WHERE type='table'").fetchall()
             ^^^^^^^^^^^^^^^^^^^^^^^^^^^^^^^^^^^^^^^^^^^^^^^^^^^^^^^^^^^^^^^^^
  File "C:\Users\kreon\Dropbox\python_advanced_final\.venv\Lib\site-packages\sqlalchemy\engine\base.py", line 1414, in execute
    raise exc.ObjectNotExecutableError(statement) from err
sqlalchemy.exc.ObjectNotExecutableError: Not an executable object: "SELECT name FROM sqlite_master WHERE type='table'"
2025-04-08 20:43:52 | CRITICAL | bot | main.py:134 | Bot crashed: Not an executable object: "SELECT name FROM sqlite_master WHERE type='table'"
Traceback (most recent call last):
  File "C:\Users\kreon\Dropbox\python_advanced_final\.venv\Lib\site-packages\sqlalchemy\engine\base.py", line 1412, in execute
    meth = statement._execute_on_connection
           ^^^^^^^^^^^^^^^^^^^^^^^^^^^^^^^^
AttributeError: 'str' object has no attribute '_execute_on_connection'

The above exception was the direct cause of the following exception:

Traceback (most recent call last):
  File "C:\Users\kreon\Dropbox\python_advanced_final\bot\main.py", line 132, in <module>
    asyncio.run(main())
  File "C:\Python312\Lib\asyncio\runners.py", line 194, in run
    return runner.run(main)
           ^^^^^^^^^^^^^^^^
  File "C:\Python312\Lib\asyncio\runners.py", line 118, in run
    return self._loop.run_until_complete(task)
           ^^^^^^^^^^^^^^^^^^^^^^^^^^^^^^^^^^^
  File "C:\Python312\Lib\asyncio\base_events.py", line 686, in run_until_complete
    return future.result()
           ^^^^^^^^^^^^^^^
  File "C:\Users\kreon\Dropbox\python_advanced_final\bot\main.py", line 117, in main
    await init_db()
  File "C:\Users\kreon\Dropbox\python_advanced_final\bot\main.py", line 91, in init_db
    tables = conn.execute("SELECT name FROM sqlite_master WHERE type='table'").fetchall()
             ^^^^^^^^^^^^^^^^^^^^^^^^^^^^^^^^^^^^^^^^^^^^^^^^^^^^^^^^^^^^^^^^^
  File "C:\Users\kreon\Dropbox\python_advanced_final\.venv\Lib\site-packages\sqlalchemy\engine\base.py", line 1414, in execute
    raise exc.ObjectNotExecutableError(statement) from err
sqlalchemy.exc.ObjectNotExecutableError: Not an executable object: "SELECT name FROM sqlite_master WHERE type='table'"
2025-04-08 20:44:35 | ERROR | bot | main.py:96 | Database initialization error: Not an executable object: "SELECT name FROM sqlite_master WHERE type='table'"
Traceback (most recent call last):
  File "C:\Users\kreon\Dropbox\python_advanced_final\.venv\Lib\site-packages\sqlalchemy\engine\base.py", line 1412, in execute
    meth = statement._execute_on_connection
           ^^^^^^^^^^^^^^^^^^^^^^^^^^^^^^^^
AttributeError: 'str' object has no attribute '_execute_on_connection'

The above exception was the direct cause of the following exception:

Traceback (most recent call last):
  File "C:\Users\kreon\Dropbox\python_advanced_final\bot\main.py", line 92, in init_db
    tables = conn.execute("SELECT name FROM sqlite_master WHERE type='table'").fetchall()
             ^^^^^^^^^^^^^^^^^^^^^^^^^^^^^^^^^^^^^^^^^^^^^^^^^^^^^^^^^^^^^^^^^
  File "C:\Users\kreon\Dropbox\python_advanced_final\.venv\Lib\site-packages\sqlalchemy\engine\base.py", line 1414, in execute
    raise exc.ObjectNotExecutableError(statement) from err
sqlalchemy.exc.ObjectNotExecutableError: Not an executable object: "SELECT name FROM sqlite_master WHERE type='table'"
2025-04-08 20:44:35 | CRITICAL | bot | main.py:135 | Bot crashed: Not an executable object: "SELECT name FROM sqlite_master WHERE type='table'"
Traceback (most recent call last):
  File "C:\Users\kreon\Dropbox\python_advanced_final\.venv\Lib\site-packages\sqlalchemy\engine\base.py", line 1412, in execute
    meth = statement._execute_on_connection
           ^^^^^^^^^^^^^^^^^^^^^^^^^^^^^^^^
AttributeError: 'str' object has no attribute '_execute_on_connection'

The above exception was the direct cause of the following exception:

Traceback (most recent call last):
  File "C:\Users\kreon\Dropbox\python_advanced_final\bot\main.py", line 133, in <module>
    asyncio.run(main())
  File "C:\Python312\Lib\asyncio\runners.py", line 194, in run
    return runner.run(main)
           ^^^^^^^^^^^^^^^^
  File "C:\Python312\Lib\asyncio\runners.py", line 118, in run
    return self._loop.run_until_complete(task)
           ^^^^^^^^^^^^^^^^^^^^^^^^^^^^^^^^^^^
  File "C:\Python312\Lib\asyncio\base_events.py", line 686, in run_until_complete
    return future.result()
           ^^^^^^^^^^^^^^^
  File "C:\Users\kreon\Dropbox\python_advanced_final\bot\main.py", line 118, in main
    await init_db()
  File "C:\Users\kreon\Dropbox\python_advanced_final\bot\main.py", line 92, in init_db
    tables = conn.execute("SELECT name FROM sqlite_master WHERE type='table'").fetchall()
             ^^^^^^^^^^^^^^^^^^^^^^^^^^^^^^^^^^^^^^^^^^^^^^^^^^^^^^^^^^^^^^^^^
  File "C:\Users\kreon\Dropbox\python_advanced_final\.venv\Lib\site-packages\sqlalchemy\engine\base.py", line 1414, in execute
    raise exc.ObjectNotExecutableError(statement) from err
sqlalchemy.exc.ObjectNotExecutableError: Not an executable object: "SELECT name FROM sqlite_master WHERE type='table'"
2025-04-08 20:45:23 | WARNING | bot | reminders.py:59 | Invalid interval value: <sqlalchemy.orm.session.Session object at 0x000002676508E930>, using default 30
2025-04-08 20:51:22 | ERROR | aiogram.dispatcher | dispatcher.py:219 | Failed to fetch updates - TelegramNetworkError: HTTP Client says - ServerDisconnectedError: Server disconnected
2025-04-08 20:51:22 | WARNING | aiogram.dispatcher | dispatcher.py:221 | Sleep for 1.000000 seconds and try again... (tryings = 0, bot id = 7855463694)
2025-04-08 21:06:19 | WARNING | bot | reminders.py:59 | Invalid interval value: <sqlalchemy.orm.session.Session object at 0x00000146713C7710>, using default 30
2025-04-08 21:06:19 | ERROR | bot | reminders.py:114 | Database error in reminders loop: unrecognized token: "^"
2025-04-08 21:06:35 | WARNING | bot | keyboards.py:12 | Language is None, defaulting to 'ru'
2025-04-08 21:06:35 | ERROR | bot | keyboards.py:49 | i18n.get('buttons.weekdays.short', lang=ru) returned buttons.weekdays.short, using fallback
2025-04-08 21:06:40 | WARNING | bot | keyboards.py:12 | Language is None, defaulting to 'ru'
2025-04-08 21:06:40 | ERROR | bot | keyboards.py:49 | i18n.get('buttons.weekdays.short', lang=ru) returned buttons.weekdays.short, using fallback
2025-04-08 21:06:44 | WARNING | bot | keyboards.py:12 | Language is None, defaulting to 'ru'
2025-04-08 21:06:44 | ERROR | bot | keyboards.py:49 | i18n.get('buttons.weekdays.short', lang=ru) returned buttons.weekdays.short, using fallback
2025-04-08 21:06:49 | ERROR | bot | reminders.py:114 | Database error in reminders loop: unrecognized token: "^"
2025-04-08 21:06:49 | WARNING | bot | commands.py:23 | Failed to delete old calendar message: Telegram server says - Bad Request: message to delete not found
2025-04-08 21:06:49 | WARNING | bot | keyboards.py:12 | Language is None, defaulting to 'ru'
2025-04-08 21:06:49 | ERROR | bot | keyboards.py:49 | i18n.get('buttons.weekdays.short', lang=ru) returned buttons.weekdays.short, using fallback
2025-04-08 21:07:19 | ERROR | bot | reminders.py:114 | Database error in reminders loop: unrecognized token: "^"
2025-04-08 21:07:49 | ERROR | bot | reminders.py:114 | Database error in reminders loop: unrecognized token: "^"
2025-04-08 21:08:19 | ERROR | bot | reminders.py:114 | Database error in reminders loop: unrecognized token: "^"
2025-04-08 21:08:49 | ERROR | bot | reminders.py:114 | Database error in reminders loop: unrecognized token: "^"
2025-04-08 21:09:19 | ERROR | bot | reminders.py:114 | Database error in reminders loop: unrecognized token: "^"
2025-04-08 21:09:49 | ERROR | bot | reminders.py:114 | Database error in reminders loop: unrecognized token: "^"
2025-04-08 21:10:19 | ERROR | bot | reminders.py:114 | Database error in reminders loop: unrecognized token: "^"
2025-04-08 21:10:49 | ERROR | bot | reminders.py:114 | Database error in reminders loop: unrecognized token: "^"
2025-04-08 21:11:19 | ERROR | bot | reminders.py:114 | Database error in reminders loop: unrecognized token: "^"
2025-04-08 21:11:49 | ERROR | bot | reminders.py:114 | Database error in reminders loop: unrecognized token: "^"
2025-04-08 21:12:19 | ERROR | bot | reminders.py:114 | Database error in reminders loop: unrecognized token: "^"
2025-04-08 21:12:49 | ERROR | bot | reminders.py:114 | Database error in reminders loop: unrecognized token: "^"
2025-04-08 21:13:19 | ERROR | bot | reminders.py:114 | Database error in reminders loop: unrecognized token: "^"
2025-04-08 21:13:49 | ERROR | bot | reminders.py:114 | Database error in reminders loop: unrecognized token: "^"
2025-04-08 21:14:19 | ERROR | bot | reminders.py:114 | Database error in reminders loop: unrecognized token: "^"
2025-04-08 21:14:49 | ERROR | bot | reminders.py:114 | Database error in reminders loop: unrecognized token: "^"
2025-04-08 21:15:19 | ERROR | bot | reminders.py:114 | Database error in reminders loop: unrecognized token: "^"
2025-04-08 21:15:49 | ERROR | bot | reminders.py:114 | Database error in reminders loop: unrecognized token: "^"
2025-04-08 21:16:19 | ERROR | bot | reminders.py:114 | Database error in reminders loop: unrecognized token: "^"
2025-04-08 21:16:49 | ERROR | bot | reminders.py:114 | Database error in reminders loop: unrecognized token: "^"
2025-04-08 21:17:19 | ERROR | bot | reminders.py:114 | Database error in reminders loop: unrecognized token: "^"
2025-04-08 21:17:49 | ERROR | bot | reminders.py:114 | Database error in reminders loop: unrecognized token: "^"
2025-04-08 21:18:19 | ERROR | bot | reminders.py:114 | Database error in reminders loop: unrecognized token: "^"
2025-04-08 21:18:49 | ERROR | bot | reminders.py:114 | Database error in reminders loop: unrecognized token: "^"
2025-04-08 21:19:19 | ERROR | bot | reminders.py:114 | Database error in reminders loop: unrecognized token: "^"
2025-04-08 21:19:49 | ERROR | bot | reminders.py:114 | Database error in reminders loop: unrecognized token: "^"
2025-04-08 21:20:19 | ERROR | bot | reminders.py:114 | Database error in reminders loop: unrecognized token: "^"
2025-04-08 21:20:49 | ERROR | bot | reminders.py:114 | Database error in reminders loop: unrecognized token: "^"
2025-04-08 21:21:19 | ERROR | bot | reminders.py:114 | Database error in reminders loop: unrecognized token: "^"
2025-04-08 21:21:49 | ERROR | bot | reminders.py:114 | Database error in reminders loop: unrecognized token: "^"
2025-04-08 21:22:19 | ERROR | bot | reminders.py:114 | Database error in reminders loop: unrecognized token: "^"
2025-04-08 21:22:49 | ERROR | bot | reminders.py:114 | Database error in reminders loop: unrecognized token: "^"
2025-04-08 21:23:19 | ERROR | bot | reminders.py:114 | Database error in reminders loop: unrecognized token: "^"
2025-04-08 21:23:49 | ERROR | bot | reminders.py:114 | Database error in reminders loop: unrecognized token: "^"
2025-04-08 21:24:19 | ERROR | bot | reminders.py:114 | Database error in reminders loop: unrecognized token: "^"
2025-04-08 21:24:49 | ERROR | bot | reminders.py:114 | Database error in reminders loop: unrecognized token: "^"
2025-04-08 21:25:19 | ERROR | bot | reminders.py:114 | Database error in reminders loop: unrecognized token: "^"
2025-04-08 21:25:49 | ERROR | bot | reminders.py:114 | Database error in reminders loop: unrecognized token: "^"
2025-04-08 21:26:19 | ERROR | bot | reminders.py:114 | Database error in reminders loop: unrecognized token: "^"
2025-04-08 21:26:49 | ERROR | bot | reminders.py:114 | Database error in reminders loop: unrecognized token: "^"
2025-04-08 21:27:19 | ERROR | bot | reminders.py:114 | Database error in reminders loop: unrecognized token: "^"
2025-04-08 21:27:49 | ERROR | bot | reminders.py:114 | Database error in reminders loop: unrecognized token: "^"
2025-04-08 21:28:19 | ERROR | bot | reminders.py:114 | Database error in reminders loop: unrecognized token: "^"
2025-04-08 21:28:49 | ERROR | bot | reminders.py:114 | Database error in reminders loop: unrecognized token: "^"
2025-04-08 21:29:19 | ERROR | bot | reminders.py:114 | Database error in reminders loop: unrecognized token: "^"
2025-04-08 21:29:49 | ERROR | bot | reminders.py:114 | Database error in reminders loop: unrecognized token: "^"
2025-04-08 21:30:19 | ERROR | bot | reminders.py:114 | Database error in reminders loop: unrecognized token: "^"
2025-04-08 21:30:49 | ERROR | bot | reminders.py:114 | Database error in reminders loop: unrecognized token: "^"
2025-04-08 21:31:19 | ERROR | bot | reminders.py:114 | Database error in reminders loop: unrecognized token: "^"
2025-04-08 21:31:49 | ERROR | bot | reminders.py:114 | Database error in reminders loop: unrecognized token: "^"
2025-04-08 21:32:19 | ERROR | bot | reminders.py:114 | Database error in reminders loop: unrecognized token: "^"
2025-04-08 21:32:49 | ERROR | bot | reminders.py:114 | Database error in reminders loop: unrecognized token: "^"
2025-04-08 21:33:19 | ERROR | bot | reminders.py:114 | Database error in reminders loop: unrecognized token: "^"
2025-04-08 21:33:49 | ERROR | bot | reminders.py:114 | Database error in reminders loop: unrecognized token: "^"
2025-04-08 21:34:19 | ERROR | bot | reminders.py:114 | Database error in reminders loop: unrecognized token: "^"
2025-04-08 21:34:49 | ERROR | bot | reminders.py:114 | Database error in reminders loop: unrecognized token: "^"
2025-04-08 21:35:19 | ERROR | bot | reminders.py:114 | Database error in reminders loop: unrecognized token: "^"
2025-04-08 21:35:49 | ERROR | bot | reminders.py:114 | Database error in reminders loop: unrecognized token: "^"
2025-04-08 21:36:19 | ERROR | bot | reminders.py:114 | Database error in reminders loop: unrecognized token: "^"
2025-04-08 21:36:49 | ERROR | bot | reminders.py:114 | Database error in reminders loop: unrecognized token: "^"
2025-04-08 21:37:19 | ERROR | bot | reminders.py:114 | Database error in reminders loop: unrecognized token: "^"
2025-04-08 21:37:49 | ERROR | bot | reminders.py:114 | Database error in reminders loop: unrecognized token: "^"
2025-04-08 21:38:19 | ERROR | bot | reminders.py:114 | Database error in reminders loop: unrecognized token: "^"
2025-04-08 21:38:49 | ERROR | bot | reminders.py:114 | Database error in reminders loop: unrecognized token: "^"
2025-04-08 21:39:19 | ERROR | bot | reminders.py:114 | Database error in reminders loop: unrecognized token: "^"
2025-04-08 21:39:49 | ERROR | bot | reminders.py:114 | Database error in reminders loop: unrecognized token: "^"
2025-04-08 21:40:19 | ERROR | bot | reminders.py:114 | Database error in reminders loop: unrecognized token: "^"
2025-04-08 21:40:49 | ERROR | bot | reminders.py:114 | Database error in reminders loop: unrecognized token: "^"
2025-04-08 21:41:19 | ERROR | bot | reminders.py:114 | Database error in reminders loop: unrecognized token: "^"
2025-04-08 21:41:49 | ERROR | bot | reminders.py:114 | Database error in reminders loop: unrecognized token: "^"
2025-04-08 21:42:19 | ERROR | bot | reminders.py:114 | Database error in reminders loop: unrecognized token: "^"
2025-04-08 21:42:49 | ERROR | bot | reminders.py:114 | Database error in reminders loop: unrecognized token: "^"
2025-04-08 21:43:19 | ERROR | bot | reminders.py:114 | Database error in reminders loop: unrecognized token: "^"
2025-04-08 21:43:49 | ERROR | bot | reminders.py:114 | Database error in reminders loop: unrecognized token: "^"
2025-04-08 21:44:19 | ERROR | bot | reminders.py:114 | Database error in reminders loop: unrecognized token: "^"
2025-04-08 21:44:49 | ERROR | bot | reminders.py:114 | Database error in reminders loop: unrecognized token: "^"
2025-04-08 21:45:19 | ERROR | bot | reminders.py:114 | Database error in reminders loop: unrecognized token: "^"
2025-04-08 21:45:49 | ERROR | bot | reminders.py:114 | Database error in reminders loop: unrecognized token: "^"
2025-04-08 21:46:19 | ERROR | bot | reminders.py:114 | Database error in reminders loop: unrecognized token: "^"
2025-04-08 21:46:49 | ERROR | bot | reminders.py:114 | Database error in reminders loop: unrecognized token: "^"
2025-04-08 21:47:19 | ERROR | bot | reminders.py:114 | Database error in reminders loop: unrecognized token: "^"
2025-04-08 21:47:49 | ERROR | bot | reminders.py:114 | Database error in reminders loop: unrecognized token: "^"
2025-04-08 21:48:19 | ERROR | bot | reminders.py:114 | Database error in reminders loop: unrecognized token: "^"
2025-04-08 21:48:49 | ERROR | bot | reminders.py:114 | Database error in reminders loop: unrecognized token: "^"
2025-04-08 21:49:19 | ERROR | bot | reminders.py:114 | Database error in reminders loop: unrecognized token: "^"
2025-04-08 21:49:49 | ERROR | bot | reminders.py:114 | Database error in reminders loop: unrecognized token: "^"
2025-04-08 21:50:19 | ERROR | bot | reminders.py:114 | Database error in reminders loop: unrecognized token: "^"
2025-04-08 21:50:49 | ERROR | bot | reminders.py:114 | Database error in reminders loop: unrecognized token: "^"
2025-04-08 21:51:19 | ERROR | bot | reminders.py:114 | Database error in reminders loop: unrecognized token: "^"
2025-04-08 21:51:49 | ERROR | bot | reminders.py:114 | Database error in reminders loop: unrecognized token: "^"
2025-04-08 21:52:19 | ERROR | bot | reminders.py:114 | Database error in reminders loop: unrecognized token: "^"
2025-04-08 21:52:49 | ERROR | bot | reminders.py:114 | Database error in reminders loop: unrecognized token: "^"
2025-04-08 21:53:19 | ERROR | bot | reminders.py:114 | Database error in reminders loop: unrecognized token: "^"
2025-04-08 21:53:49 | ERROR | bot | reminders.py:114 | Database error in reminders loop: unrecognized token: "^"
2025-04-08 21:54:19 | ERROR | bot | reminders.py:114 | Database error in reminders loop: unrecognized token: "^"
2025-04-08 21:54:49 | ERROR | bot | reminders.py:114 | Database error in reminders loop: unrecognized token: "^"
2025-04-08 21:55:19 | ERROR | bot | reminders.py:114 | Database error in reminders loop: unrecognized token: "^"
2025-04-08 21:55:49 | ERROR | bot | reminders.py:114 | Database error in reminders loop: unrecognized token: "^"
2025-04-08 21:56:19 | ERROR | bot | reminders.py:114 | Database error in reminders loop: unrecognized token: "^"
2025-04-08 21:56:49 | ERROR | bot | reminders.py:114 | Database error in reminders loop: unrecognized token: "^"
2025-04-08 21:57:19 | ERROR | bot | reminders.py:114 | Database error in reminders loop: unrecognized token: "^"
2025-04-08 21:57:49 | ERROR | bot | reminders.py:114 | Database error in reminders loop: unrecognized token: "^"
2025-04-08 21:58:19 | ERROR | bot | reminders.py:114 | Database error in reminders loop: unrecognized token: "^"
2025-04-08 21:58:49 | ERROR | bot | reminders.py:114 | Database error in reminders loop: unrecognized token: "^"
2025-04-08 21:59:19 | ERROR | bot | reminders.py:114 | Database error in reminders loop: unrecognized token: "^"
2025-04-08 21:59:49 | ERROR | bot | reminders.py:114 | Database error in reminders loop: unrecognized token: "^"
2025-04-08 22:00:19 | ERROR | bot | reminders.py:114 | Database error in reminders loop: unrecognized token: "^"
2025-04-08 22:00:49 | ERROR | bot | reminders.py:114 | Database error in reminders loop: unrecognized token: "^"
2025-04-08 22:01:19 | ERROR | bot | reminders.py:114 | Database error in reminders loop: unrecognized token: "^"
2025-04-08 22:01:49 | ERROR | bot | reminders.py:114 | Database error in reminders loop: unrecognized token: "^"
2025-04-08 22:02:19 | ERROR | bot | reminders.py:114 | Database error in reminders loop: unrecognized token: "^"
2025-04-08 22:02:49 | ERROR | bot | reminders.py:114 | Database error in reminders loop: unrecognized token: "^"
2025-04-08 22:03:19 | ERROR | bot | reminders.py:114 | Database error in reminders loop: unrecognized token: "^"
2025-04-08 22:03:49 | ERROR | bot | reminders.py:114 | Database error in reminders loop: unrecognized token: "^"
2025-04-08 22:04:19 | ERROR | bot | reminders.py:114 | Database error in reminders loop: unrecognized token: "^"
2025-04-08 22:04:49 | ERROR | bot | reminders.py:114 | Database error in reminders loop: unrecognized token: "^"
2025-04-08 22:05:19 | ERROR | bot | reminders.py:114 | Database error in reminders loop: unrecognized token: "^"
2025-04-08 22:05:49 | ERROR | bot | reminders.py:114 | Database error in reminders loop: unrecognized token: "^"
2025-04-08 22:06:19 | ERROR | bot | reminders.py:114 | Database error in reminders loop: unrecognized token: "^"
2025-04-08 22:06:49 | ERROR | bot | reminders.py:114 | Database error in reminders loop: unrecognized token: "^"
2025-04-08 22:07:19 | ERROR | bot | reminders.py:114 | Database error in reminders loop: unrecognized token: "^"
2025-04-08 22:07:49 | ERROR | bot | reminders.py:114 | Database error in reminders loop: unrecognized token: "^"
2025-04-08 22:08:19 | ERROR | bot | reminders.py:114 | Database error in reminders loop: unrecognized token: "^"
2025-04-08 22:08:49 | ERROR | bot | reminders.py:114 | Database error in reminders loop: unrecognized token: "^"
2025-04-08 22:09:19 | ERROR | bot | reminders.py:114 | Database error in reminders loop: unrecognized token: "^"
2025-04-08 22:09:49 | ERROR | bot | reminders.py:114 | Database error in reminders loop: unrecognized token: "^"
2025-04-08 22:10:19 | ERROR | bot | reminders.py:114 | Database error in reminders loop: unrecognized token: "^"
2025-04-08 22:10:49 | ERROR | bot | reminders.py:114 | Database error in reminders loop: unrecognized token: "^"
2025-04-08 22:11:19 | ERROR | bot | reminders.py:114 | Database error in reminders loop: unrecognized token: "^"
2025-04-08 22:11:49 | ERROR | bot | reminders.py:114 | Database error in reminders loop: unrecognized token: "^"
2025-04-08 22:12:19 | ERROR | bot | reminders.py:114 | Database error in reminders loop: unrecognized token: "^"
2025-04-08 22:12:49 | ERROR | bot | reminders.py:114 | Database error in reminders loop: unrecognized token: "^"
2025-04-08 22:13:19 | ERROR | bot | reminders.py:114 | Database error in reminders loop: unrecognized token: "^"
2025-04-08 22:13:49 | ERROR | bot | reminders.py:114 | Database error in reminders loop: unrecognized token: "^"
2025-04-08 22:14:19 | ERROR | bot | reminders.py:114 | Database error in reminders loop: unrecognized token: "^"
2025-04-08 22:14:49 | ERROR | bot | reminders.py:114 | Database error in reminders loop: unrecognized token: "^"
2025-04-08 22:15:19 | ERROR | bot | reminders.py:114 | Database error in reminders loop: unrecognized token: "^"
2025-04-08 22:15:49 | ERROR | bot | reminders.py:114 | Database error in reminders loop: unrecognized token: "^"
2025-04-08 22:16:19 | ERROR | bot | reminders.py:114 | Database error in reminders loop: unrecognized token: "^"
2025-04-08 22:16:49 | ERROR | bot | reminders.py:114 | Database error in reminders loop: unrecognized token: "^"
2025-04-08 22:17:19 | ERROR | bot | reminders.py:114 | Database error in reminders loop: unrecognized token: "^"
2025-04-08 22:17:49 | ERROR | bot | reminders.py:114 | Database error in reminders loop: unrecognized token: "^"
2025-04-08 22:18:19 | ERROR | bot | reminders.py:114 | Database error in reminders loop: unrecognized token: "^"
2025-04-08 22:18:49 | ERROR | bot | reminders.py:114 | Database error in reminders loop: unrecognized token: "^"
2025-04-08 22:19:19 | ERROR | bot | reminders.py:114 | Database error in reminders loop: unrecognized token: "^"
2025-04-08 22:19:49 | ERROR | bot | reminders.py:114 | Database error in reminders loop: unrecognized token: "^"
2025-04-08 22:20:19 | ERROR | bot | reminders.py:114 | Database error in reminders loop: unrecognized token: "^"
2025-04-08 22:20:49 | ERROR | bot | reminders.py:114 | Database error in reminders loop: unrecognized token: "^"
2025-04-08 22:21:19 | ERROR | bot | reminders.py:114 | Database error in reminders loop: unrecognized token: "^"
2025-04-08 22:21:49 | ERROR | bot | reminders.py:114 | Database error in reminders loop: unrecognized token: "^"
2025-04-08 22:22:19 | ERROR | bot | reminders.py:114 | Database error in reminders loop: unrecognized token: "^"
2025-04-08 22:22:49 | ERROR | bot | reminders.py:114 | Database error in reminders loop: unrecognized token: "^"
2025-04-08 22:23:19 | ERROR | bot | reminders.py:114 | Database error in reminders loop: unrecognized token: "^"
2025-04-08 22:23:49 | ERROR | bot | reminders.py:114 | Database error in reminders loop: unrecognized token: "^"
2025-04-08 22:24:19 | ERROR | bot | reminders.py:114 | Database error in reminders loop: unrecognized token: "^"
2025-04-08 22:24:49 | ERROR | bot | reminders.py:114 | Database error in reminders loop: unrecognized token: "^"
2025-04-08 22:25:19 | ERROR | bot | reminders.py:114 | Database error in reminders loop: unrecognized token: "^"
2025-04-08 22:25:49 | ERROR | bot | reminders.py:114 | Database error in reminders loop: unrecognized token: "^"
2025-04-08 22:25:55 | ERROR | aiogram.dispatcher | dispatcher.py:219 | Failed to fetch updates - TelegramNetworkError: HTTP Client says - ServerDisconnectedError: Server disconnected
2025-04-08 22:25:55 | WARNING | aiogram.dispatcher | dispatcher.py:221 | Sleep for 1.000000 seconds and try again... (tryings = 0, bot id = 7855463694)
2025-04-08 22:25:59 | WARNING | bot | reminders.py:59 | Invalid interval value: <sqlalchemy.orm.session.Session object at 0x0000029963D0B950>, using default 30
2025-04-08 22:26:10 | WARNING | bot | keyboards.py:12 | Language is None, defaulting to 'ru'
2025-04-08 22:26:10 | ERROR | bot | keyboards.py:49 | i18n.get('buttons.weekdays.short', lang=ru) returned buttons.weekdays.short, using fallback
2025-04-08 22:26:16 | WARNING | bot | keyboards.py:12 | Language is None, defaulting to 'ru'
2025-04-08 22:26:16 | ERROR | bot | keyboards.py:49 | i18n.get('buttons.weekdays.short', lang=ru) returned buttons.weekdays.short, using fallback
2025-04-08 22:26:22 | WARNING | bot | commands.py:24 | Failed to delete old calendar message: Telegram server says - Bad Request: message to delete not found
2025-04-08 22:26:22 | WARNING | bot | keyboards.py:12 | Language is None, defaulting to 'ru'
2025-04-08 22:26:22 | ERROR | bot | keyboards.py:49 | i18n.get('buttons.weekdays.short', lang=ru) returned buttons.weekdays.short, using fallback
2025-04-08 22:37:28 | ERROR | aiogram.dispatcher | dispatcher.py:219 | Failed to fetch updates - TelegramNetworkError: HTTP Client says - ServerDisconnectedError: Server disconnected
2025-04-08 22:37:28 | WARNING | aiogram.dispatcher | dispatcher.py:221 | Sleep for 1.000000 seconds and try again... (tryings = 0, bot id = 7855463694)
2025-04-08 22:37:32 | WARNING | bot | reminders.py:59 | Invalid interval value: <sqlalchemy.orm.session.Session object at 0x00000265EEE83B00>, using default 30
2025-04-08 22:40:28 | ERROR | aiogram.dispatcher | dispatcher.py:219 | Failed to fetch updates - TelegramNetworkError: HTTP Client says - ServerDisconnectedError: Server disconnected
2025-04-08 22:40:28 | WARNING | aiogram.dispatcher | dispatcher.py:221 | Sleep for 1.000000 seconds and try again... (tryings = 0, bot id = 7855463694)
2025-04-08 22:40:33 | WARNING | bot | reminders.py:59 | Invalid interval value: <sqlalchemy.orm.session.Session object at 0x000002DF289B7B30>, using default 30
2025-04-08 22:41:53 | ERROR | aiogram.dispatcher | dispatcher.py:219 | Failed to fetch updates - TelegramNetworkError: HTTP Client says - ServerDisconnectedError: Server disconnected
2025-04-08 22:41:53 | WARNING | aiogram.dispatcher | dispatcher.py:221 | Sleep for 1.000000 seconds and try again... (tryings = 0, bot id = 7855463694)
2025-04-08 22:41:57 | WARNING | bot | reminders.py:59 | Invalid interval value: <sqlalchemy.orm.session.Session object at 0x00000251C61CB9B0>, using default 30
2025-04-08 22:42:15 | WARNING | bot | keyboards.py:12 | Language is None, defaulting to 'ru'
2025-04-08 22:42:15 | ERROR | bot | keyboards.py:49 | i18n.get('buttons.weekdays.short', lang=ru) returned buttons.weekdays.short, using fallback
2025-04-08 22:46:36 | ERROR | aiogram.dispatcher | dispatcher.py:219 | Failed to fetch updates - TelegramNetworkError: HTTP Client says - ServerDisconnectedError: Server disconnected
2025-04-08 22:46:36 | WARNING | aiogram.dispatcher | dispatcher.py:221 | Sleep for 1.000000 seconds and try again... (tryings = 0, bot id = 7855463694)
2025-04-08 22:46:40 | WARNING | bot | reminders.py:59 | Invalid interval value: <sqlalchemy.orm.session.Session object at 0x0000018AE2ACBB00>, using default 30
2025-04-08 22:49:49 | ERROR | aiogram.dispatcher | dispatcher.py:219 | Failed to fetch updates - TelegramNetworkError: HTTP Client says - ServerDisconnectedError: Server disconnected
2025-04-08 22:49:49 | WARNING | aiogram.dispatcher | dispatcher.py:221 | Sleep for 1.000000 seconds and try again... (tryings = 0, bot id = 7855463694)
2025-04-08 22:49:53 | WARNING | bot | reminders.py:59 | Invalid interval value: <sqlalchemy.orm.session.Session object at 0x000001BEC5587980>, using default 30
2025-04-08 22:49:58 | WARNING | bot | loader.py:74 | Localization key 'help.commands.start' not found in lang 'ru'
2025-04-08 22:49:58 | WARNING | bot | loader.py:74 | Localization key 'help.commands.today' not found in lang 'ru'
2025-04-08 22:49:58 | WARNING | bot | loader.py:74 | Localization key 'help.commands.add' not found in lang 'ru'
2025-04-08 22:49:58 | WARNING | bot | loader.py:74 | Localization key 'help.commands.me' not found in lang 'ru'
2025-04-08 22:49:58 | WARNING | bot | loader.py:74 | Localization key 'help.commands.help' not found in lang 'ru'
2025-04-08 22:50:01 | WARNING | bot | loader.py:74 | Localization key 'language.russian' not found in lang 'ru'
2025-04-08 22:50:01 | WARNING | bot | loader.py:74 | Localization key 'language.english' not found in lang 'ru'
2025-04-08 22:53:08 | ERROR | aiogram.dispatcher | dispatcher.py:219 | Failed to fetch updates - TelegramNetworkError: HTTP Client says - ServerDisconnectedError: Server disconnected
2025-04-08 22:53:08 | WARNING | aiogram.dispatcher | dispatcher.py:221 | Sleep for 1.000000 seconds and try again... (tryings = 0, bot id = 7855463694)
2025-04-08 22:53:12 | WARNING | bot | reminders.py:59 | Invalid interval value: <sqlalchemy.orm.session.Session object at 0x0000020E9557BAA0>, using default 30
2025-04-08 22:53:15 | WARNING | bot | loader.py:74 | Localization key 'language.russian' not found in lang 'ru'
2025-04-08 22:53:15 | WARNING | bot | loader.py:74 | Localization key 'language.english' not found in lang 'ru'
2025-04-08 22:53:20 | WARNING | bot | loader.py:74 | Localization key 'help.commands.start' not found in lang 'ru'
2025-04-08 22:53:20 | WARNING | bot | loader.py:74 | Localization key 'help.commands.today' not found in lang 'ru'
2025-04-08 22:53:20 | WARNING | bot | loader.py:74 | Localization key 'help.commands.add' not found in lang 'ru'
2025-04-08 22:53:20 | WARNING | bot | loader.py:74 | Localization key 'help.commands.me' not found in lang 'ru'
2025-04-08 22:53:20 | WARNING | bot | loader.py:74 | Localization key 'help.commands.help' not found in lang 'ru'
2025-04-08 22:55:30 | ERROR | aiogram.dispatcher | dispatcher.py:219 | Failed to fetch updates - TelegramNetworkError: HTTP Client says - ServerDisconnectedError: Server disconnected
2025-04-08 22:55:30 | WARNING | aiogram.dispatcher | dispatcher.py:221 | Sleep for 1.000000 seconds and try again... (tryings = 0, bot id = 7855463694)
2025-04-08 22:55:34 | WARNING | bot | reminders.py:59 | Invalid interval value: <sqlalchemy.orm.session.Session object at 0x0000021A8AECB860>, using default 30
2025-04-08 22:55:47 | WARNING | bot | loader.py:74 | Localization key 'help.commands.start' not found in lang 'ru'
2025-04-08 22:55:47 | WARNING | bot | loader.py:74 | Localization key 'help.commands.today' not found in lang 'ru'
2025-04-08 22:55:47 | WARNING | bot | loader.py:74 | Localization key 'help.commands.add' not found in lang 'ru'
2025-04-08 22:55:47 | WARNING | bot | loader.py:74 | Localization key 'help.commands.me' not found in lang 'ru'
2025-04-08 22:55:47 | WARNING | bot | loader.py:74 | Localization key 'help.commands.help' not found in lang 'ru'
2025-04-08 22:57:02 | ERROR | aiogram.dispatcher | dispatcher.py:219 | Failed to fetch updates - TelegramNetworkError: HTTP Client says - ServerDisconnectedError: Server disconnected
2025-04-08 22:57:02 | WARNING | aiogram.dispatcher | dispatcher.py:221 | Sleep for 1.000000 seconds and try again... (tryings = 0, bot id = 7855463694)
2025-04-08 22:57:06 | WARNING | bot | reminders.py:59 | Invalid interval value: <sqlalchemy.orm.session.Session object at 0x0000018A8F583C20>, using default 30
2025-04-08 22:57:12 | WARNING | bot | loader.py:74 | Localization key 'help.commands.start' not found in lang 'ru'
2025-04-08 22:57:12 | WARNING | bot | loader.py:74 | Localization key 'help.commands.today' not found in lang 'ru'
2025-04-08 22:57:12 | WARNING | bot | loader.py:74 | Localization key 'help.commands.add' not found in lang 'ru'
2025-04-08 22:57:12 | WARNING | bot | loader.py:74 | Localization key 'help.commands.me' not found in lang 'ru'
2025-04-08 22:57:12 | WARNING | bot | loader.py:74 | Localization key 'help.commands.help' not found in lang 'ru'
2025-04-08 22:58:45 | ERROR | aiogram.dispatcher | dispatcher.py:219 | Failed to fetch updates - TelegramNetworkError: HTTP Client says - ServerDisconnectedError: Server disconnected
2025-04-08 22:58:45 | WARNING | aiogram.dispatcher | dispatcher.py:221 | Sleep for 1.000000 seconds and try again... (tryings = 0, bot id = 7855463694)
2025-04-08 22:58:49 | WARNING | bot | reminders.py:59 | Invalid interval value: <sqlalchemy.orm.session.Session object at 0x000001CE9D9ABA70>, using default 30
2025-04-08 22:58:50 | WARNING | bot | loader.py:74 | Localization key 'help.commands.start' not found in lang 'ru'
2025-04-08 22:58:50 | WARNING | bot | loader.py:74 | Localization key 'help.commands.today' not found in lang 'ru'
2025-04-08 22:58:50 | WARNING | bot | loader.py:74 | Localization key 'help.commands.add' not found in lang 'ru'
2025-04-08 22:58:50 | WARNING | bot | loader.py:74 | Localization key 'help.commands.me' not found in lang 'ru'
2025-04-08 22:58:50 | WARNING | bot | loader.py:74 | Localization key 'help.commands.help' not found in lang 'ru'
2025-04-08 23:02:51 | ERROR | aiogram.dispatcher | dispatcher.py:219 | Failed to fetch updates - TelegramNetworkError: HTTP Client says - ServerDisconnectedError: Server disconnected
2025-04-08 23:02:51 | WARNING | aiogram.dispatcher | dispatcher.py:221 | Sleep for 1.000000 seconds and try again... (tryings = 0, bot id = 7855463694)
2025-04-08 23:02:55 | WARNING | bot | reminders.py:59 | Invalid interval value: <sqlalchemy.orm.session.Session object at 0x0000025AE8522750>, using default 30
2025-04-08 23:02:56 | WARNING | bot | loader.py:74 | Localization key 'help.commands.start' not found in lang 'ru'
2025-04-08 23:02:56 | WARNING | bot | loader.py:74 | Localization key 'help.commands.today' not found in lang 'ru'
2025-04-08 23:02:56 | WARNING | bot | loader.py:74 | Localization key 'help.commands.add' not found in lang 'ru'
2025-04-08 23:02:56 | WARNING | bot | loader.py:74 | Localization key 'help.commands.me' not found in lang 'ru'
2025-04-08 23:02:56 | WARNING | bot | loader.py:74 | Localization key 'help.commands.help' not found in lang 'ru'
2025-04-08 23:03:50 | ERROR | aiogram.dispatcher | dispatcher.py:219 | Failed to fetch updates - TelegramNetworkError: HTTP Client says - ServerDisconnectedError: Server disconnected
2025-04-08 23:03:50 | WARNING | aiogram.dispatcher | dispatcher.py:221 | Sleep for 1.000000 seconds and try again... (tryings = 0, bot id = 7855463694)
2025-04-08 23:03:54 | WARNING | bot | reminders.py:59 | Invalid interval value: <sqlalchemy.orm.session.Session object at 0x0000017730DCBAD0>, using default 30
2025-04-08 23:03:59 | WARNING | bot | loader.py:74 | Localization key 'help.commands.start' not found in lang 'ru'
2025-04-08 23:03:59 | WARNING | bot | loader.py:74 | Localization key 'help.commands.today' not found in lang 'ru'
2025-04-08 23:03:59 | WARNING | bot | loader.py:74 | Localization key 'help.commands.add' not found in lang 'ru'
2025-04-08 23:03:59 | WARNING | bot | loader.py:74 | Localization key 'help.commands.me' not found in lang 'ru'
2025-04-08 23:03:59 | WARNING | bot | loader.py:74 | Localization key 'help.commands.help' not found in lang 'ru'
2025-04-08 23:04:11 | WARNING | bot | loader.py:74 | Localization key 'language.russian' not found in lang 'ru'
2025-04-08 23:04:11 | WARNING | bot | loader.py:74 | Localization key 'language.english' not found in lang 'ru'
2025-04-08 23:04:16 | WARNING | bot | loader.py:74 | Localization key 'help.commands.start' not found in lang 'ru'
2025-04-08 23:04:16 | WARNING | bot | loader.py:74 | Localization key 'help.commands.today' not found in lang 'ru'
2025-04-08 23:04:16 | WARNING | bot | loader.py:74 | Localization key 'help.commands.add' not found in lang 'ru'
2025-04-08 23:04:16 | WARNING | bot | loader.py:74 | Localization key 'help.commands.me' not found in lang 'ru'
2025-04-08 23:04:16 | WARNING | bot | loader.py:74 | Localization key 'help.commands.help' not found in lang 'ru'
2025-04-08 23:06:06 | ERROR | aiogram.dispatcher | dispatcher.py:219 | Failed to fetch updates - TelegramNetworkError: HTTP Client says - ServerDisconnectedError: Server disconnected
2025-04-08 23:06:06 | WARNING | aiogram.dispatcher | dispatcher.py:221 | Sleep for 1.000000 seconds and try again... (tryings = 0, bot id = 7855463694)
2025-04-08 23:06:10 | WARNING | bot | reminders.py:59 | Invalid interval value: <sqlalchemy.orm.session.Session object at 0x0000020F120D7A70>, using default 30
2025-04-08 23:06:23 | ERROR | aiogram.dispatcher | dispatcher.py:219 | Failed to fetch updates - TelegramNetworkError: HTTP Client says - ServerDisconnectedError: Server disconnected
2025-04-08 23:06:23 | WARNING | aiogram.dispatcher | dispatcher.py:221 | Sleep for 1.000000 seconds and try again... (tryings = 0, bot id = 7855463694)
2025-04-08 23:06:27 | WARNING | bot | reminders.py:59 | Invalid interval value: <sqlalchemy.orm.session.Session object at 0x000002637DBAB950>, using default 30
2025-04-08 23:06:28 | WARNING | bot | loader.py:74 | Localization key 'help.commands.start' not found in lang 'ru'
2025-04-08 23:06:28 | WARNING | bot | loader.py:74 | Localization key 'help.commands.today' not found in lang 'ru'
2025-04-08 23:06:28 | WARNING | bot | loader.py:74 | Localization key 'help.commands.add' not found in lang 'ru'
2025-04-08 23:06:28 | WARNING | bot | loader.py:74 | Localization key 'help.commands.me' not found in lang 'ru'
2025-04-08 23:06:28 | WARNING | bot | loader.py:74 | Localization key 'help.commands.help' not found in lang 'ru'
2025-04-08 23:10:13 | ERROR | aiogram.dispatcher | dispatcher.py:219 | Failed to fetch updates - TelegramNetworkError: HTTP Client says - ServerDisconnectedError: Server disconnected
2025-04-08 23:10:13 | WARNING | aiogram.dispatcher | dispatcher.py:221 | Sleep for 1.000000 seconds and try again... (tryings = 0, bot id = 7855463694)
2025-04-08 23:10:17 | WARNING | bot | reminders.py:59 | Invalid interval value: <sqlalchemy.orm.session.Session object at 0x0000011304F5BB90>, using default 30
2025-04-08 23:10:30 | WARNING | bot | keyboards.py:12 | Language is None, defaulting to 'ru'
2025-04-08 23:10:30 | WARNING | bot | loader.py:74 | Localization key 'buttons.calendar.prev_month' not found in lang 'ru'
2025-04-08 23:10:30 | WARNING | bot | loader.py:74 | Localization key 'buttons.months.4' not found in lang 'ru'
2025-04-08 23:10:30 | WARNING | bot | loader.py:74 | Localization key 'buttons.calendar.next_month' not found in lang 'ru'
2025-04-08 23:10:30 | WARNING | bot | loader.py:74 | Localization key 'buttons.weekdays.short' not found in lang 'ru'
2025-04-08 23:10:30 | ERROR | bot | keyboards.py:49 | i18n.get('buttons.weekdays.short', lang=ru) returned buttons.weekdays.short, using fallback
2025-04-08 23:10:30 | WARNING | bot | loader.py:74 | Localization key 'messages.tasks.day_header' not found in lang 'ru'
2025-04-08 23:10:30 | WARNING | bot | loader.py:74 | Localization key 'buttons.add_task' not found in lang 'ru'
2025-04-08 23:10:30 | WARNING | bot | loader.py:74 | Localization key 'messages.tasks.time_prefix' not found in lang 'ru'
2025-04-08 23:10:30 | WARNING | bot | loader.py:74 | Localization key 'messages.tasks.time_prefix' not found in lang 'ru'
2025-04-08 23:10:30 | WARNING | bot | loader.py:74 | Localization key 'messages.tasks.time_prefix' not found in lang 'ru'
2025-04-08 23:10:30 | WARNING | bot | loader.py:74 | Localization key 'buttons.delete_task' not found in lang 'ru'
2025-04-08 23:10:30 | WARNING | bot | loader.py:74 | Localization key 'buttons.back' not found in lang 'ru'
2025-04-08 23:12:59 | ERROR | aiogram.dispatcher | dispatcher.py:219 | Failed to fetch updates - TelegramNetworkError: HTTP Client says - ServerDisconnectedError: Server disconnected
2025-04-08 23:12:59 | WARNING | aiogram.dispatcher | dispatcher.py:221 | Sleep for 1.000000 seconds and try again... (tryings = 0, bot id = 7855463694)
2025-04-08 23:13:03 | WARNING | bot | reminders.py:59 | Invalid interval value: <sqlalchemy.orm.session.Session object at 0x000002472FE0BB30>, using default 30
2025-04-08 23:13:06 | WARNING | bot | keyboards.py:12 | Language is None, defaulting to 'ru'
2025-04-08 23:13:06 | WARNING | bot | loader.py:74 | Localization key 'buttons.weekdays.short' not found in lang 'ru'
2025-04-08 23:13:06 | ERROR | bot | keyboards.py:49 | i18n.get('buttons.weekdays.short', lang=ru) returned buttons.weekdays.short, using fallback
2025-04-08 23:13:18 | WARNING | bot | loader.py:74 | Localization key 'help.commands.start' not found in lang 'ru'
2025-04-08 23:13:18 | WARNING | bot | loader.py:74 | Localization key 'help.commands.today' not found in lang 'ru'
2025-04-08 23:13:18 | WARNING | bot | loader.py:74 | Localization key 'help.commands.add' not found in lang 'ru'
2025-04-08 23:13:18 | WARNING | bot | loader.py:74 | Localization key 'help.commands.me' not found in lang 'ru'
2025-04-08 23:13:18 | WARNING | bot | loader.py:74 | Localization key 'help.commands.help' not found in lang 'ru'
2025-04-08 23:16:10 | ERROR | aiogram.dispatcher | dispatcher.py:219 | Failed to fetch updates - TelegramNetworkError: HTTP Client says - ServerDisconnectedError: Server disconnected
2025-04-08 23:16:10 | WARNING | aiogram.dispatcher | dispatcher.py:221 | Sleep for 1.000000 seconds and try again... (tryings = 0, bot id = 7855463694)
2025-04-08 23:16:13 | WARNING | bot | reminders.py:59 | Invalid interval value: <sqlalchemy.orm.session.Session object at 0x000002733C93BAD0>, using default 30
2025-04-08 23:16:21 | WARNING | bot | keyboards.py:12 | Language is None, defaulting to 'ru'
2025-04-08 23:16:21 | WARNING | bot | loader.py:74 | Localization key 'buttons.weekdays.short' not found in lang 'ru'
2025-04-08 23:16:21 | ERROR | bot | keyboards.py:49 | i18n.get('buttons.weekdays.short', lang=ru) returned buttons.weekdays.short, using fallback
2025-04-08 23:19:58 | ERROR | aiogram.dispatcher | dispatcher.py:219 | Failed to fetch updates - TelegramNetworkError: HTTP Client says - ServerDisconnectedError: Server disconnected
2025-04-08 23:19:58 | WARNING | aiogram.dispatcher | dispatcher.py:221 | Sleep for 1.000000 seconds and try again... (tryings = 0, bot id = 7855463694)
2025-04-08 23:20:02 | CRITICAL | bot | main.py:109 | Bot crashed: check_reminders() got an unexpected keyword argument 'session'
Traceback (most recent call last):
  File "C:\Users\kreon\Dropbox\python_advanced_final\bot\main.py", line 107, in <module>
    asyncio.run(main())
  File "C:\Python312\Lib\asyncio\runners.py", line 194, in run
    return runner.run(main)
           ^^^^^^^^^^^^^^^^
  File "C:\Python312\Lib\asyncio\runners.py", line 118, in run
    return self._loop.run_until_complete(task)
           ^^^^^^^^^^^^^^^^^^^^^^^^^^^^^^^^^^^
  File "C:\Python312\Lib\asyncio\base_events.py", line 686, in run_until_complete
    return future.result()
           ^^^^^^^^^^^^^^^
  File "C:\Users\kreon\Dropbox\python_advanced_final\bot\main.py", line 102, in main
    check_reminders(bot=bot, session=db_session, interval=30)  # Явно указываем аргументы
    ^^^^^^^^^^^^^^^^^^^^^^^^^^^^^^^^^^^^^^^^^^^^^^^^^^^^^^^^^
TypeError: check_reminders() got an unexpected keyword argument 'session'
2025-04-08 23:23:53 | CRITICAL | bot | main.py:108 | Bot crashed: check_reminders() missing 1 required positional argument: 'session'
Traceback (most recent call last):
  File "C:\Users\kreon\Dropbox\python_advanced_final\bot\main.py", line 106, in <module>
    asyncio.run(main())
  File "C:\Python312\Lib\asyncio\runners.py", line 194, in run
    return runner.run(main)
           ^^^^^^^^^^^^^^^^
  File "C:\Python312\Lib\asyncio\runners.py", line 118, in run
    return self._loop.run_until_complete(task)
           ^^^^^^^^^^^^^^^^^^^^^^^^^^^^^^^^^^^
  File "C:\Python312\Lib\asyncio\base_events.py", line 686, in run_until_complete
    return future.result()
           ^^^^^^^^^^^^^^^
  File "C:\Users\kreon\Dropbox\python_advanced_final\bot\main.py", line 101, in main
    check_reminders(bot=bot, interval=30)  # Убрали session
    ^^^^^^^^^^^^^^^^^^^^^^^^^^^^^^^^^^^^^
TypeError: check_reminders() missing 1 required positional argument: 'session'
2025-04-08 23:25:13 | ERROR | bot | reminders.py:98 | Error in reminders loop: (sqlite3.OperationalError) no such column: telegram_id
[SQL: SELECT id, task, time, telegram_id FROM tasks WHERE year = ? AND month = ? AND day = ? AND reminder_1day_sent = 0]
[parameters: (2025, 4, 9)]
(Background on this error at: https://sqlalche.me/e/20/e3q8)
2025-04-08 23:25:27 | WARNING | bot | keyboards.py:12 | Language is None, defaulting to 'ru'
2025-04-08 23:25:27 | WARNING | bot | loader.py:74 | Localization key 'buttons.weekdays.short' not found in lang 'ru'
2025-04-08 23:25:27 | ERROR | bot | keyboards.py:49 | i18n.get('buttons.weekdays.short', lang=ru) returned buttons.weekdays.short, using fallback
2025-04-08 23:25:29 | WARNING | bot | keyboards.py:12 | Language is None, defaulting to 'ru'
2025-04-08 23:25:29 | WARNING | bot | loader.py:74 | Localization key 'buttons.weekdays.short' not found in lang 'ru'
2025-04-08 23:25:29 | ERROR | bot | keyboards.py:49 | i18n.get('buttons.weekdays.short', lang=ru) returned buttons.weekdays.short, using fallback
2025-04-08 23:25:43 | ERROR | bot | reminders.py:98 | Error in reminders loop: (sqlite3.OperationalError) no such column: telegram_id
[SQL: SELECT id, task, time, telegram_id FROM tasks WHERE year = ? AND month = ? AND day = ? AND reminder_1day_sent = 0]
[parameters: (2025, 4, 9)]
(Background on this error at: https://sqlalche.me/e/20/e3q8)
2025-04-08 23:26:13 | ERROR | bot | reminders.py:98 | Error in reminders loop: (sqlite3.OperationalError) no such column: telegram_id
[SQL: SELECT id, task, time, telegram_id FROM tasks WHERE year = ? AND month = ? AND day = ? AND reminder_1day_sent = 0]
[parameters: (2025, 4, 9)]
(Background on this error at: https://sqlalche.me/e/20/e3q8)
2025-04-08 23:26:43 | ERROR | bot | reminders.py:98 | Error in reminders loop: (sqlite3.OperationalError) no such column: telegram_id
[SQL: SELECT id, task, time, telegram_id FROM tasks WHERE year = ? AND month = ? AND day = ? AND reminder_1day_sent = 0]
[parameters: (2025, 4, 9)]
(Background on this error at: https://sqlalche.me/e/20/e3q8)
2025-04-08 23:26:48 | ERROR | aiogram.dispatcher | dispatcher.py:219 | Failed to fetch updates - TelegramNetworkError: HTTP Client says - ServerDisconnectedError: Server disconnected
2025-04-08 23:26:48 | WARNING | aiogram.dispatcher | dispatcher.py:221 | Sleep for 1.000000 seconds and try again... (tryings = 0, bot id = 7855463694)
2025-04-08 23:26:52 | ERROR | bot | reminders.py:98 | Error in reminders loop: (sqlite3.OperationalError) no such column: telegram_id
[SQL: SELECT id, task, time, telegram_id FROM tasks WHERE year = ? AND month = ? AND day = ? AND reminder_1day_sent = 0]
[parameters: (2025, 4, 9)]
(Background on this error at: https://sqlalche.me/e/20/e3q8)
2025-04-08 23:27:22 | ERROR | bot | reminders.py:98 | Error in reminders loop: (sqlite3.OperationalError) no such column: telegram_id
[SQL: SELECT id, task, time, telegram_id FROM tasks WHERE year = ? AND month = ? AND day = ? AND reminder_1day_sent = 0]
[parameters: (2025, 4, 9)]
(Background on this error at: https://sqlalche.me/e/20/e3q8)
2025-04-08 23:27:52 | ERROR | bot | reminders.py:98 | Error in reminders loop: (sqlite3.OperationalError) no such column: telegram_id
[SQL: SELECT id, task, time, telegram_id FROM tasks WHERE year = ? AND month = ? AND day = ? AND reminder_1day_sent = 0]
[parameters: (2025, 4, 9)]
(Background on this error at: https://sqlalche.me/e/20/e3q8)
